Store,date,Sales,Open,Promo,Promo2,SchoolHoliday,CompetitionDistance,CompetitionActive,StateHoliday,StoreType,Assortment,PromoInterval
1115,2013-01-01,0,0,0,1,1,5350.0,0,a,d,c,"Mar,Jun,Sept,Dec"
71,2013-01-01,0,0,0,1,1,16160.0,0,a,a,a,"Mar,Jun,Sept,Dec"
85,2013-01-01,4220,1,0,0,1,1870.0,0,a,b,a,No_Promo2
102,2013-01-01,0,0,0,1,1,150.0,0,a,a,a,"Mar,Jun,Sept,Dec"
105,2013-01-01,0,0,0,1,1,6190.0,0,a,a,c,"Mar,Jun,Sept,Dec"
10,2013-01-01,0,0,0,0,1,3160.0,0,a,a,a,No_Promo2
57,2013-01-01,0,0,0,0,1,420.0,0,a,d,c,No_Promo2
50,2013-01-01,0,0,0,0,1,6260.0,0,a,d,a,No_Promo2
49,2013-01-01,0,0,0,0,1,16160.0,0,a,d,c,No_Promo2
1086,2013-01-01,0,0,0,1,1,180.0,0,a,a,a,"Feb,May,Aug,Nov"
85,2013-01-02,6069,1,0,0,1,1870.0,0,0,b,a,No_Promo2
71,2013-01-02,7041,1,0,1,1,16160.0,0,0,a,a,"Mar,Jun,Sept,Dec"
102,2013-01-02,6676,1,0,1,1,150.0,0,0,a,a,"Mar,Jun,Sept,Dec"
105,2013-01-02,2326,1,0,1,1,6190.0,0,0,a,c,"Mar,Jun,Sept,Dec"
10,2013-01-02,4812,1,0,0,1,3160.0,0,0,a,a,No_Promo2
57,2013-01-02,10719,1,0,0,1,420.0,0,0,d,c,No_Promo2
50,2013-01-02,3804,1,0,0,1,6260.0,0,0,d,a,No_Promo2
49,2013-01-02,5866,1,0,0,1,16160.0,0,0,d,c,No_Promo2
1115,2013-01-02,3697,1,0,1,1,5350.0,0,0,d,c,"Mar,Jun,Sept,Dec"
1086,2013-01-02,9308,1,0,1,1,180.0,0,0,a,a,"Feb,May,Aug,Nov"
71,2013-01-03,7246,1,0,1,1,16160.0,0,0,a,a,"Mar,Jun,Sept,Dec"
85,2013-01-03,5246,1,0,0,1,1870.0,0,0,b,a,No_Promo2
102,2013-01-03,5714,1,0,1,1,150.0,0,0,a,a,"Mar,Jun,Sept,Dec"
105,2013-01-03,1811,1,0,1,1,6190.0,0,0,a,c,"Mar,Jun,Sept,Dec"
10,2013-01-03,4675,1,0,0,1,3160.0,0,0,a,a,No_Promo2
57,2013-01-03,9988,1,0,0,0,420.0,0,0,d,c,No_Promo2
50,2013-01-03,3388,1,0,0,1,6260.0,0,0,d,a,No_Promo2
49,2013-01-03,4622,1,0,0,1,16160.0,0,0,d,c,No_Promo2
1115,2013-01-03,4297,1,0,1,1,5350.0,0,0,d,c,"Mar,Jun,Sept,Dec"
1086,2013-01-03,9210,1,0,1,1,180.0,0,0,a,a,"Feb,May,Aug,Nov"
85,2013-01-04,5339,1,0,0,1,1870.0,0,0,b,a,No_Promo2
71,2013-01-04,7737,1,0,1,1,16160.0,0,0,a,a,"Mar,Jun,Sept,Dec"
102,2013-01-04,6174,1,0,1,1,150.0,0,0,a,a,"Mar,Jun,Sept,Dec"
105,2013-01-04,2005,1,0,1,1,6190.0,0,0,a,c,"Mar,Jun,Sept,Dec"
10,2013-01-04,5114,1,0,0,1,3160.0,0,0,a,a,No_Promo2
57,2013-01-04,10222,1,0,0,0,420.0,0,0,d,c,No_Promo2
50,2013-01-04,3764,1,0,0,1,6260.0,0,0,d,a,No_Promo2
49,2013-01-04,5250,1,0,0,1,16160.0,0,0,d,c,No_Promo2
1115,2013-01-04,4540,1,0,1,1,5350.0,0,0,d,c,"Mar,Jun,Sept,Dec"
1086,2013-01-04,8489,1,0,1,1,180.0,0,0,a,a,"Feb,May,Aug,Nov"
71,2013-01-05,7263,1,0,1,0,16160.0,0,0,a,a,"Mar,Jun,Sept,Dec"
85,2013-01-05,5774,1,0,0,0,1870.0,0,0,b,a,No_Promo2
102,2013-01-05,7024,1,0,1,0,150.0,0,0,a,a,"Mar,Jun,Sept,Dec"
105,2013-01-05,1465,1,0,1,0,6190.0,0,0,a,c,"Mar,Jun,Sept,Dec"
10,2013-01-05,4256,1,0,0,0,3160.0,0,0,a,a,No_Promo2
57,2013-01-05,8112,1,0,0,0,420.0,0,0,d,c,No_Promo2
50,2013-01-05,4380,1,0,0,0,6260.0,0,0,d,a,No_Promo2
49,2013-01-05,5937,1,0,0,0,16160.0,0,0,d,c,No_Promo2
1086,2013-01-05,6024,1,0,1,1,180.0,0,0,a,a,"Feb,May,Aug,Nov"
1115,2013-01-05,4771,1,0,1,1,5350.0,0,0,d,c,"Mar,Jun,Sept,Dec"
85,2013-01-06,10509,1,0,0,0,1870.0,0,0,b,a,No_Promo2
71,2013-01-06,0,0,0,1,0,16160.0,0,0,a,a,"Mar,Jun,Sept,Dec"
102,2013-01-06,0,0,0,1,0,150.0,0,0,a,a,"Mar,Jun,Sept,Dec"
105,2013-01-06,0,0,0,1,0,6190.0,0,a,a,c,"Mar,Jun,Sept,Dec"
10,2013-01-06,0,0,0,0,0,3160.0,0,0,a,a,No_Promo2
57,2013-01-06,0,0,0,0,0,420.0,0,0,d,c,No_Promo2
50,2013-01-06,0,0,0,0,0,6260.0,0,0,d,a,No_Promo2
49,2013-01-06,0,0,0,0,0,16160.0,0,a,d,c,No_Promo2
1086,2013-01-06,0,0,0,1,1,180.0,0,0,a,a,"Feb,May,Aug,Nov"
1115,2013-01-06,0,0,0,1,1,5350.0,0,0,d,c,"Mar,Jun,Sept,Dec"
85,2013-01-07,8990,1,1,0,0,1870.0,0,0,b,a,No_Promo2
71,2013-01-07,13634,1,1,1,0,16160.0,0,0,a,a,"Mar,Jun,Sept,Dec"
102,2013-01-07,11789,1,1,1,0,150.0,0,0,a,a,"Mar,Jun,Sept,Dec"
105,2013-01-07,2714,1,1,1,0,6190.0,0,0,a,c,"Mar,Jun,Sept,Dec"
10,2013-01-07,7804,1,1,0,0,3160.0,0,0,a,a,No_Promo2
57,2013-01-07,19314,1,1,0,0,420.0,0,0,d,c,No_Promo2
50,2013-01-07,6298,1,1,0,0,6260.0,0,0,d,a,No_Promo2
49,2013-01-07,8731,1,1,0,0,16160.0,0,0,d,c,No_Promo2
1086,2013-01-07,16229,1,1,1,1,180.0,0,0,a,a,"Feb,May,Aug,Nov"
1115,2013-01-07,6905,1,1,1,1,5350.0,0,0,d,c,"Mar,Jun,Sept,Dec"
85,2013-01-08,7300,1,1,0,0,1870.0,0,0,b,a,No_Promo2
71,2013-01-08,10289,1,1,1,0,16160.0,0,0,a,a,"Mar,Jun,Sept,Dec"
102,2013-01-08,9863,1,1,1,0,150.0,0,0,a,a,"Mar,Jun,Sept,Dec"
105,2013-01-08,2085,1,1,1,0,6190.0,0,0,a,c,"Mar,Jun,Sept,Dec"
10,2013-01-08,5394,1,1,0,0,3160.0,0,0,a,a,No_Promo2
57,2013-01-08,14203,1,1,0,0,420.0,0,0,d,c,No_Promo2
50,2013-01-08,4734,1,1,0,0,6260.0,0,0,d,a,No_Promo2
49,2013-01-08,7290,1,1,0,0,16160.0,0,0,d,c,No_Promo2
1115,2013-01-08,5243,1,1,1,1,5350.0,0,0,d,c,"Mar,Jun,Sept,Dec"
1086,2013-01-08,13425,1,1,1,1,180.0,0,0,a,a,"Feb,May,Aug,Nov"
85,2013-01-09,6523,1,1,0,0,1870.0,0,0,b,a,No_Promo2
71,2013-01-09,9952,1,1,1,0,16160.0,0,0,a,a,"Mar,Jun,Sept,Dec"
102,2013-01-09,7407,1,1,1,0,150.0,0,0,a,a,"Mar,Jun,Sept,Dec"
105,2013-01-09,1944,1,1,1,0,6190.0,0,0,a,c,"Mar,Jun,Sept,Dec"
10,2013-01-09,5696,1,1,0,0,3160.0,0,0,a,a,No_Promo2
57,2013-01-09,11842,1,1,0,0,420.0,0,0,d,c,No_Promo2
50,2013-01-09,3615,1,1,0,0,6260.0,0,0,d,a,No_Promo2
49,2013-01-09,6532,1,1,0,0,16160.0,0,0,d,c,No_Promo2
1115,2013-01-09,4649,1,1,1,1,5350.0,0,0,d,c,"Mar,Jun,Sept,Dec"
1086,2013-01-09,11046,1,1,1,1,180.0,0,0,a,a,"Feb,May,Aug,Nov"
85,2013-01-10,7434,1,1,0,0,1870.0,0,0,b,a,No_Promo2
71,2013-01-10,9819,1,1,1,0,16160.0,0,0,a,a,"Mar,Jun,Sept,Dec"
102,2013-01-10,8698,1,1,1,0,150.0,0,0,a,a,"Mar,Jun,Sept,Dec"
105,2013-01-10,2046,1,1,1,0,6190.0,0,0,a,c,"Mar,Jun,Sept,Dec"
10,2013-01-10,5419,1,1,0,0,3160.0,0,0,a,a,No_Promo2
57,2013-01-10,12947,1,1,0,0,420.0,0,0,d,c,No_Promo2
50,2013-01-10,4176,1,1,0,0,6260.0,0,0,d,a,No_Promo2
49,2013-01-10,6399,1,1,0,0,16160.0,0,0,d,c,No_Promo2
1086,2013-01-10,11748,1,1,1,1,180.0,0,0,a,a,"Feb,May,Aug,Nov"
1115,2013-01-10,5007,1,1,1,1,5350.0,0,0,d,c,"Mar,Jun,Sept,Dec"
85,2013-01-11,7132,1,1,0,0,1870.0,0,0,b,a,No_Promo2
71,2013-01-11,11501,1,1,1,0,16160.0,0,0,a,a,"Mar,Jun,Sept,Dec"
102,2013-01-11,7995,1,1,1,0,150.0,0,0,a,a,"Mar,Jun,Sept,Dec"
105,2013-01-11,2257,1,1,1,0,6190.0,0,0,a,c,"Mar,Jun,Sept,Dec"
10,2013-01-11,5556,1,1,0,0,3160.0,0,0,a,a,No_Promo2
57,2013-01-11,12230,1,1,0,0,420.0,0,0,d,c,No_Promo2
50,2013-01-11,4608,1,1,0,0,6260.0,0,0,d,a,No_Promo2
49,2013-01-11,7062,1,1,0,0,16160.0,0,0,d,c,No_Promo2
1115,2013-01-11,5142,1,1,1,1,5350.0,0,0,d,c,"Mar,Jun,Sept,Dec"
1086,2013-01-11,10174,1,1,1,1,180.0,0,0,a,a,"Feb,May,Aug,Nov"
85,2013-01-12,5198,1,0,0,0,1870.0,0,0,b,a,No_Promo2
71,2013-01-12,7841,1,0,1,0,16160.0,0,0,a,a,"Mar,Jun,Sept,Dec"
102,2013-01-12,6418,1,0,1,0,150.0,0,0,a,a,"Mar,Jun,Sept,Dec"
105,2013-01-12,1383,1,0,1,0,6190.0,0,0,a,c,"Mar,Jun,Sept,Dec"
10,2013-01-12,4402,1,0,0,0,3160.0,0,0,a,a,No_Promo2
57,2013-01-12,7309,1,0,0,0,420.0,0,0,d,c,No_Promo2
50,2013-01-12,4395,1,0,0,0,6260.0,0,0,d,a,No_Promo2
49,2013-01-12,6127,1,0,0,0,16160.0,0,0,d,c,No_Promo2
1115,2013-01-12,4497,1,0,1,0,5350.0,0,0,d,c,"Mar,Jun,Sept,Dec"
1086,2013-01-12,5749,1,0,1,0,180.0,0,0,a,a,"Feb,May,Aug,Nov"
85,2013-01-13,10584,1,0,0,0,1870.0,0,0,b,a,No_Promo2
71,2013-01-13,0,0,0,1,0,16160.0,0,0,a,a,"Mar,Jun,Sept,Dec"
102,2013-01-13,0,0,0,1,0,150.0,0,0,a,a,"Mar,Jun,Sept,Dec"
105,2013-01-13,0,0,0,1,0,6190.0,0,0,a,c,"Mar,Jun,Sept,Dec"
10,2013-01-13,0,0,0,0,0,3160.0,0,0,a,a,No_Promo2
57,2013-01-13,0,0,0,0,0,420.0,0,0,d,c,No_Promo2
50,2013-01-13,0,0,0,0,0,6260.0,0,0,d,a,No_Promo2
49,2013-01-13,0,0,0,0,0,16160.0,0,0,d,c,No_Promo2
1115,2013-01-13,0,0,0,1,0,5350.0,0,0,d,c,"Mar,Jun,Sept,Dec"
1086,2013-01-13,0,0,0,1,0,180.0,0,0,a,a,"Feb,May,Aug,Nov"
85,2013-01-14,5616,1,0,0,0,1870.0,0,0,b,a,No_Promo2
71,2013-01-14,5386,1,0,1,0,16160.0,0,0,a,a,"Mar,Jun,Sept,Dec"
102,2013-01-14,5323,1,0,1,0,150.0,0,0,a,a,"Mar,Jun,Sept,Dec"
105,2013-01-14,2236,1,0,1,0,6190.0,0,0,a,c,"Mar,Jun,Sept,Dec"
10,2013-01-14,4685,1,0,0,0,3160.0,0,0,a,a,No_Promo2
57,2013-01-14,9056,1,0,0,0,420.0,0,0,d,c,No_Promo2
50,2013-01-14,3070,1,0,0,0,6260.0,0,0,d,a,No_Promo2
49,2013-01-14,4753,1,0,0,0,16160.0,0,0,d,c,No_Promo2
1115,2013-01-14,3158,1,0,1,0,5350.0,0,0,d,c,"Mar,Jun,Sept,Dec"
1086,2013-01-14,7444,1,0,1,0,180.0,0,0,a,a,"Feb,May,Aug,Nov"
85,2013-01-15,5580,1,0,0,0,1870.0,0,0,b,a,No_Promo2
71,2013-01-15,5424,1,0,1,0,16160.0,0,0,a,a,"Mar,Jun,Sept,Dec"
102,2013-01-15,4418,1,0,1,0,150.0,0,0,a,a,"Mar,Jun,Sept,Dec"
105,2013-01-15,2076,1,0,1,0,6190.0,0,0,a,c,"Mar,Jun,Sept,Dec"
10,2013-01-15,4470,1,0,0,0,3160.0,0,0,a,a,No_Promo2
57,2013-01-15,9056,1,0,0,0,420.0,0,0,d,c,No_Promo2
50,2013-01-15,2313,1,0,0,0,6260.0,0,0,d,a,No_Promo2
49,2013-01-15,5075,1,0,0,0,16160.0,0,0,d,c,No_Promo2
1115,2013-01-15,3528,1,0,1,0,5350.0,0,0,d,c,"Mar,Jun,Sept,Dec"
1086,2013-01-15,7076,1,0,1,0,180.0,0,0,a,a,"Feb,May,Aug,Nov"
85,2013-01-16,5025,1,0,0,0,1870.0,0,0,b,a,No_Promo2
71,2013-01-16,5825,1,0,1,0,16160.0,0,0,a,a,"Mar,Jun,Sept,Dec"
102,2013-01-16,4752,1,0,1,0,150.0,0,0,a,a,"Mar,Jun,Sept,Dec"
105,2013-01-16,1708,1,0,1,0,6190.0,0,0,a,c,"Mar,Jun,Sept,Dec"
10,2013-01-16,4640,1,0,0,0,3160.0,0,0,a,a,No_Promo2
57,2013-01-16,8581,1,0,0,0,420.0,0,0,d,c,No_Promo2
50,2013-01-16,2249,1,0,0,0,6260.0,0,0,d,a,No_Promo2
49,2013-01-16,2580,1,0,0,0,16160.0,0,0,d,c,No_Promo2
1115,2013-01-16,3064,1,0,1,0,5350.0,0,0,d,c,"Mar,Jun,Sept,Dec"
1086,2013-01-16,6176,1,0,1,0,180.0,0,0,a,a,"Feb,May,Aug,Nov"
71,2013-01-17,7260,1,0,1,0,16160.0,0,0,a,a,"Mar,Jun,Sept,Dec"
85,2013-01-17,4973,1,0,0,0,1870.0,0,0,b,a,No_Promo2
102,2013-01-17,5207,1,0,1,0,150.0,0,0,a,a,"Mar,Jun,Sept,Dec"
105,2013-01-17,1556,1,0,1,0,6190.0,0,0,a,c,"Mar,Jun,Sept,Dec"
10,2013-01-17,4460,1,0,0,0,3160.0,0,0,a,a,No_Promo2
57,2013-01-17,8517,1,0,0,0,420.0,0,0,d,c,No_Promo2
50,2013-01-17,2711,1,0,0,0,6260.0,0,0,d,a,No_Promo2
49,2013-01-17,4049,1,0,0,0,16160.0,0,0,d,c,No_Promo2
1115,2013-01-17,3039,1,0,1,0,5350.0,0,0,d,c,"Mar,Jun,Sept,Dec"
1086,2013-01-17,6282,1,0,1,0,180.0,0,0,a,a,"Feb,May,Aug,Nov"
85,2013-01-18,5579,1,0,0,0,1870.0,0,0,b,a,No_Promo2
71,2013-01-18,7048,1,0,1,0,16160.0,0,0,a,a,"Mar,Jun,Sept,Dec"
102,2013-01-18,5084,1,0,1,0,150.0,0,0,a,a,"Mar,Jun,Sept,Dec"
105,2013-01-18,1919,1,0,1,0,6190.0,0,0,a,c,"Mar,Jun,Sept,Dec"
10,2013-01-18,4962,1,0,0,0,3160.0,0,0,a,a,No_Promo2
57,2013-01-18,9150,1,0,0,0,420.0,0,0,d,c,No_Promo2
50,2013-01-18,3706,1,0,0,0,6260.0,0,0,d,a,No_Promo2
49,2013-01-18,5555,1,0,0,0,16160.0,0,0,d,c,No_Promo2
1086,2013-01-18,7168,1,0,1,0,180.0,0,0,a,a,"Feb,May,Aug,Nov"
1115,2013-01-18,4287,1,0,1,0,5350.0,0,0,d,c,"Mar,Jun,Sept,Dec"
85,2013-01-19,5440,1,0,0,0,1870.0,0,0,b,a,No_Promo2
71,2013-01-19,6755,1,0,1,0,16160.0,0,0,a,a,"Mar,Jun,Sept,Dec"
102,2013-01-19,6221,1,0,1,0,150.0,0,0,a,a,"Mar,Jun,Sept,Dec"
105,2013-01-19,1333,1,0,1,0,6190.0,0,0,a,c,"Mar,Jun,Sept,Dec"
10,2013-01-19,4441,1,0,0,0,3160.0,0,0,a,a,No_Promo2
57,2013-01-19,7416,1,0,0,0,420.0,0,0,d,c,No_Promo2
50,2013-01-19,4037,1,0,0,0,6260.0,0,0,d,a,No_Promo2
49,2013-01-19,6873,1,0,0,0,16160.0,0,0,d,c,No_Promo2
1115,2013-01-19,5207,1,0,1,0,5350.0,0,0,d,c,"Mar,Jun,Sept,Dec"
1086,2013-01-19,6023,1,0,1,0,180.0,0,0,a,a,"Feb,May,Aug,Nov"
102,2013-01-20,0,0,0,1,0,150.0,0,0,a,a,"Mar,Jun,Sept,Dec"
85,2013-01-20,11390,1,0,0,0,1870.0,0,0,b,a,No_Promo2
71,2013-01-20,0,0,0,1,0,16160.0,0,0,a,a,"Mar,Jun,Sept,Dec"
105,2013-01-20,0,0,0,1,0,6190.0,0,0,a,c,"Mar,Jun,Sept,Dec"
10,2013-01-20,0,0,0,0,0,3160.0,0,0,a,a,No_Promo2
57,2013-01-20,0,0,0,0,0,420.0,0,0,d,c,No_Promo2
49,2013-01-20,0,0,0,0,0,16160.0,0,0,d,c,No_Promo2
50,2013-01-20,0,0,0,0,0,6260.0,0,0,d,a,No_Promo2
1086,2013-01-20,0,0,0,1,0,180.0,0,0,a,a,"Feb,May,Aug,Nov"
1115,2013-01-20,0,0,0,1,0,5350.0,0,0,d,c,"Mar,Jun,Sept,Dec"
71,2013-01-21,7739,1,1,1,0,16160.0,0,0,a,a,"Mar,Jun,Sept,Dec"
85,2013-01-21,8065,1,1,0,0,1870.0,0,0,b,a,No_Promo2
102,2013-01-21,9711,1,1,1,0,150.0,0,0,a,a,"Mar,Jun,Sept,Dec"
105,2013-01-21,2328,1,1,1,0,6190.0,0,0,a,c,"Mar,Jun,Sept,Dec"
10,2013-01-21,6178,1,1,0,0,3160.0,0,0,a,a,No_Promo2
57,2013-01-21,15404,1,1,0,0,420.0,0,0,d,c,No_Promo2
50,2013-01-21,3653,1,1,0,0,6260.0,0,0,d,a,No_Promo2
49,2013-01-21,8862,1,1,0,0,16160.0,0,0,d,c,No_Promo2
1086,2013-01-21,9087,1,1,1,0,180.0,0,0,a,a,"Feb,May,Aug,Nov"
1115,2013-01-21,3723,1,1,1,0,5350.0,0,0,d,c,"Mar,Jun,Sept,Dec"
85,2013-01-22,6767,1,1,0,0,1870.0,0,0,b,a,No_Promo2
71,2013-01-22,9681,1,1,1,0,16160.0,0,0,a,a,"Mar,Jun,Sept,Dec"
102,2013-01-22,9642,1,1,1,0,150.0,0,0,a,a,"Mar,Jun,Sept,Dec"
105,2013-01-22,2191,1,1,1,0,6190.0,0,0,a,c,"Mar,Jun,Sept,Dec"
10,2013-01-22,5215,1,1,0,0,3160.0,0,0,a,a,No_Promo2
57,2013-01-22,13106,1,1,0,0,420.0,0,0,d,c,No_Promo2
50,2013-01-22,4127,1,1,0,0,6260.0,0,0,d,a,No_Promo2
49,2013-01-22,7243,1,1,0,0,16160.0,0,0,d,c,No_Promo2
1086,2013-01-22,12292,1,1,1,0,180.0,0,0,a,a,"Feb,May,Aug,Nov"
1115,2013-01-22,5388,1,1,1,0,5350.0,0,0,d,c,"Mar,Jun,Sept,Dec"
71,2013-01-23,10047,1,1,1,0,16160.0,0,0,a,a,"Mar,Jun,Sept,Dec"
85,2013-01-23,7495,1,1,0,0,1870.0,0,0,b,a,No_Promo2
102,2013-01-23,7979,1,1,1,0,150.0,0,0,a,a,"Mar,Jun,Sept,Dec"
105,2013-01-23,2238,1,1,1,0,6190.0,0,0,a,c,"Mar,Jun,Sept,Dec"
10,2013-01-23,5218,1,1,0,0,3160.0,0,0,a,a,No_Promo2
57,2013-01-23,11396,1,1,0,0,420.0,0,0,d,c,No_Promo2
50,2013-01-23,4764,1,1,0,0,6260.0,0,0,d,a,No_Promo2
49,2013-01-23,6649,1,1,0,0,16160.0,0,0,d,c,No_Promo2
1115,2013-01-23,5176,1,1,1,0,5350.0,0,0,d,c,"Mar,Jun,Sept,Dec"
1086,2013-01-23,11235,1,1,1,0,180.0,0,0,a,a,"Feb,May,Aug,Nov"
85,2013-01-24,6768,1,1,0,0,1870.0,0,0,b,a,No_Promo2
71,2013-01-24,8896,1,1,1,0,16160.0,0,0,a,a,"Mar,Jun,Sept,Dec"
102,2013-01-24,7924,1,1,1,0,150.0,0,0,a,a,"Mar,Jun,Sept,Dec"
105,2013-01-24,2206,1,1,1,0,6190.0,0,0,a,c,"Mar,Jun,Sept,Dec"
10,2013-01-24,4736,1,1,0,0,3160.0,0,0,a,a,No_Promo2
57,2013-01-24,11434,1,1,0,0,420.0,0,0,d,c,No_Promo2
50,2013-01-24,4946,1,1,0,0,6260.0,0,0,d,a,No_Promo2
49,2013-01-24,6415,1,1,0,0,16160.0,0,0,d,c,No_Promo2
1086,2013-01-24,11257,1,1,1,0,180.0,0,0,a,a,"Feb,May,Aug,Nov"
1115,2013-01-24,5650,1,1,1,0,5350.0,0,0,d,c,"Mar,Jun,Sept,Dec"
85,2013-01-25,6672,1,1,0,0,1870.0,0,0,b,a,No_Promo2
71,2013-01-25,10488,1,1,1,0,16160.0,0,0,a,a,"Mar,Jun,Sept,Dec"
102,2013-01-25,7653,1,1,1,0,150.0,0,0,a,a,"Mar,Jun,Sept,Dec"
105,2013-01-25,2114,1,1,1,0,6190.0,0,0,a,c,"Mar,Jun,Sept,Dec"
10,2013-01-25,5404,1,1,0,0,3160.0,0,0,a,a,No_Promo2
57,2013-01-25,11444,1,1,0,0,420.0,0,0,d,c,No_Promo2
50,2013-01-25,4652,1,1,0,0,6260.0,0,0,d,a,No_Promo2
49,2013-01-25,6886,1,1,0,0,16160.0,0,0,d,c,No_Promo2
1086,2013-01-25,10967,1,1,1,0,180.0,0,0,a,a,"Feb,May,Aug,Nov"
1115,2013-01-25,5082,1,1,1,0,5350.0,0,0,d,c,"Mar,Jun,Sept,Dec"
85,2013-01-26,6010,1,0,0,0,1870.0,0,0,b,a,No_Promo2
71,2013-01-26,6441,1,0,1,0,16160.0,0,0,a,a,"Mar,Jun,Sept,Dec"
102,2013-01-26,6477,1,0,1,0,150.0,0,0,a,a,"Mar,Jun,Sept,Dec"
105,2013-01-26,1200,1,0,1,0,6190.0,0,0,a,c,"Mar,Jun,Sept,Dec"
10,2013-01-26,4789,1,0,0,0,3160.0,0,0,a,a,No_Promo2
57,2013-01-26,7329,1,0,0,0,420.0,0,0,d,c,No_Promo2
50,2013-01-26,3640,1,0,0,0,6260.0,0,0,d,a,No_Promo2
49,2013-01-26,6013,1,0,0,0,16160.0,0,0,d,c,No_Promo2
1115,2013-01-26,4896,1,0,1,0,5350.0,0,0,d,c,"Mar,Jun,Sept,Dec"
1086,2013-01-26,5914,1,0,1,0,180.0,0,0,a,a,"Feb,May,Aug,Nov"
85,2013-01-27,7522,1,0,0,0,1870.0,0,0,b,a,No_Promo2
71,2013-01-27,0,0,0,1,0,16160.0,0,0,a,a,"Mar,Jun,Sept,Dec"
102,2013-01-27,0,0,0,1,0,150.0,0,0,a,a,"Mar,Jun,Sept,Dec"
105,2013-01-27,0,0,0,1,0,6190.0,0,0,a,c,"Mar,Jun,Sept,Dec"
10,2013-01-27,0,0,0,0,0,3160.0,0,0,a,a,No_Promo2
57,2013-01-27,0,0,0,0,0,420.0,0,0,d,c,No_Promo2
50,2013-01-27,0,0,0,0,0,6260.0,0,0,d,a,No_Promo2
49,2013-01-27,0,0,0,0,0,16160.0,0,0,d,c,No_Promo2
1115,2013-01-27,0,0,0,1,0,5350.0,0,0,d,c,"Mar,Jun,Sept,Dec"
1086,2013-01-27,0,0,0,1,0,180.0,0,0,a,a,"Feb,May,Aug,Nov"
85,2013-01-28,5284,1,0,0,0,1870.0,0,0,b,a,No_Promo2
71,2013-01-28,7354,1,0,1,0,16160.0,0,0,a,a,"Mar,Jun,Sept,Dec"
102,2013-01-28,5265,1,0,1,0,150.0,0,0,a,a,"Mar,Jun,Sept,Dec"
105,2013-01-28,2149,1,0,1,0,6190.0,0,0,a,c,"Mar,Jun,Sept,Dec"
10,2013-01-28,4489,1,0,0,0,3160.0,0,0,a,a,No_Promo2
57,2013-01-28,8867,1,0,0,0,420.0,0,0,d,c,No_Promo2
50,2013-01-28,2880,1,0,0,0,6260.0,0,0,d,a,No_Promo2
49,2013-01-28,4382,1,0,0,0,16160.0,0,0,d,c,No_Promo2
1115,2013-01-28,3615,1,0,1,0,5350.0,0,0,d,c,"Mar,Jun,Sept,Dec"
1086,2013-01-28,6478,1,0,1,0,180.0,0,0,a,a,"Feb,May,Aug,Nov"
85,2013-01-29,5100,1,0,0,0,1870.0,0,0,b,a,No_Promo2
71,2013-01-29,6562,1,0,1,0,16160.0,0,0,a,a,"Mar,Jun,Sept,Dec"
102,2013-01-29,5117,1,0,1,0,150.0,0,0,a,a,"Mar,Jun,Sept,Dec"
105,2013-01-29,2042,1,0,1,0,6190.0,0,0,a,c,"Mar,Jun,Sept,Dec"
10,2013-01-29,4374,1,0,0,0,3160.0,0,0,a,a,No_Promo2
57,2013-01-29,8465,1,0,0,0,420.0,0,0,d,c,No_Promo2
50,2013-01-29,2457,1,0,0,0,6260.0,0,0,d,a,No_Promo2
49,2013-01-29,4320,1,0,0,0,16160.0,0,0,d,c,No_Promo2
1115,2013-01-29,3397,1,0,1,0,5350.0,0,0,d,c,"Mar,Jun,Sept,Dec"
1086,2013-01-29,7943,1,0,1,0,180.0,0,0,a,a,"Feb,May,Aug,Nov"
85,2013-01-30,5050,1,0,0,0,1870.0,0,0,b,a,No_Promo2
71,2013-01-30,6586,1,0,1,0,16160.0,0,0,a,a,"Mar,Jun,Sept,Dec"
102,2013-01-30,5999,1,0,1,0,150.0,0,0,a,a,"Mar,Jun,Sept,Dec"
105,2013-01-30,1951,1,0,1,0,6190.0,0,0,a,c,"Mar,Jun,Sept,Dec"
10,2013-01-30,3986,1,0,0,0,3160.0,0,0,a,a,No_Promo2
57,2013-01-30,8555,1,0,0,0,420.0,0,0,d,c,No_Promo2
50,2013-01-30,3053,1,0,0,0,6260.0,0,0,d,a,No_Promo2
49,2013-01-30,4631,1,0,0,0,16160.0,0,0,d,c,No_Promo2
1115,2013-01-30,3813,1,0,1,0,5350.0,0,0,d,c,"Mar,Jun,Sept,Dec"
1086,2013-01-30,8128,1,0,1,0,180.0,0,0,a,a,"Feb,May,Aug,Nov"
71,2013-01-31,7404,1,0,1,0,16160.0,0,0,a,a,"Mar,Jun,Sept,Dec"
85,2013-01-31,6358,1,0,0,0,1870.0,0,0,b,a,No_Promo2
102,2013-01-31,9101,1,0,1,0,150.0,0,0,a,a,"Mar,Jun,Sept,Dec"
105,2013-01-31,2041,1,0,1,0,6190.0,0,0,a,c,"Mar,Jun,Sept,Dec"
10,2013-01-31,4867,1,0,0,1,3160.0,0,0,a,a,No_Promo2
57,2013-01-31,11100,1,0,0,0,420.0,0,0,d,c,No_Promo2
50,2013-01-31,3713,1,0,0,0,6260.0,0,0,d,a,No_Promo2
49,2013-01-31,5093,1,0,0,0,16160.0,0,0,d,c,No_Promo2
1115,2013-01-31,4711,1,0,1,0,5350.0,0,0,d,c,"Mar,Jun,Sept,Dec"
1086,2013-01-31,10636,1,0,1,0,180.0,0,0,a,a,"Feb,May,Aug,Nov"
85,2013-02-01,5967,1,0,0,0,1870.0,0,0,b,a,No_Promo2
71,2013-02-01,8772,1,0,1,0,16160.0,0,0,a,a,"Mar,Jun,Sept,Dec"
102,2013-02-01,7553,1,0,1,0,150.0,0,0,a,a,"Mar,Jun,Sept,Dec"
105,2013-02-01,2013,1,0,1,0,6190.0,0,0,a,c,"Mar,Jun,Sept,Dec"
10,2013-02-01,4470,1,0,0,1,3160.0,0,0,a,a,No_Promo2
57,2013-02-01,11020,1,0,0,0,420.0,0,0,d,c,No_Promo2
50,2013-02-01,3817,1,0,0,0,6260.0,0,0,d,a,No_Promo2
49,2013-02-01,6448,1,0,0,0,16160.0,0,0,d,c,No_Promo2
1086,2013-02-01,8436,1,0,1,0,180.0,0,0,a,a,"Feb,May,Aug,Nov"
1115,2013-02-01,4584,1,0,1,0,5350.0,0,0,d,c,"Mar,Jun,Sept,Dec"
85,2013-02-02,6180,1,0,0,0,1870.0,0,0,b,a,No_Promo2
71,2013-02-02,7167,1,0,1,0,16160.0,0,0,a,a,"Mar,Jun,Sept,Dec"
102,2013-02-02,9104,1,0,1,0,150.0,0,0,a,a,"Mar,Jun,Sept,Dec"
105,2013-02-02,1596,1,0,1,0,6190.0,0,0,a,c,"Mar,Jun,Sept,Dec"
10,2013-02-02,4357,1,0,0,0,3160.0,0,0,a,a,No_Promo2
57,2013-02-02,8250,1,0,0,0,420.0,0,0,d,c,No_Promo2
50,2013-02-02,4286,1,0,0,0,6260.0,0,0,d,a,No_Promo2
49,2013-02-02,8167,1,0,0,0,16160.0,0,0,d,c,No_Promo2
1115,2013-02-02,5411,1,0,1,0,5350.0,0,0,d,c,"Mar,Jun,Sept,Dec"
1086,2013-02-02,6292,1,0,1,0,180.0,0,0,a,a,"Feb,May,Aug,Nov"
85,2013-02-03,13302,1,0,0,0,1870.0,0,0,b,a,No_Promo2
71,2013-02-03,0,0,0,1,0,16160.0,0,0,a,a,"Mar,Jun,Sept,Dec"
102,2013-02-03,0,0,0,1,0,150.0,0,0,a,a,"Mar,Jun,Sept,Dec"
105,2013-02-03,0,0,0,1,0,6190.0,0,0,a,c,"Mar,Jun,Sept,Dec"
10,2013-02-03,0,0,0,0,0,3160.0,0,0,a,a,No_Promo2
57,2013-02-03,0,0,0,0,0,420.0,0,0,d,c,No_Promo2
50,2013-02-03,0,0,0,0,0,6260.0,0,0,d,a,No_Promo2
49,2013-02-03,0,0,0,0,0,16160.0,0,0,d,c,No_Promo2
1115,2013-02-03,0,0,0,1,0,5350.0,0,0,d,c,"Mar,Jun,Sept,Dec"
1086,2013-02-03,0,0,0,1,0,180.0,0,0,a,a,"Feb,May,Aug,Nov"
85,2013-02-04,8018,1,1,0,1,1870.0,0,0,b,a,No_Promo2
71,2013-02-04,12747,1,1,1,0,16160.0,0,0,a,a,"Mar,Jun,Sept,Dec"
102,2013-02-04,11253,1,1,1,0,150.0,0,0,a,a,"Mar,Jun,Sept,Dec"
105,2013-02-04,2209,1,1,1,0,6190.0,0,0,a,c,"Mar,Jun,Sept,Dec"
10,2013-02-04,7617,1,1,0,0,3160.0,0,0,a,a,No_Promo2
57,2013-02-04,17725,1,1,0,1,420.0,0,0,d,c,No_Promo2
50,2013-02-04,5757,1,1,0,0,6260.0,0,0,d,a,No_Promo2
49,2013-02-04,8520,1,1,0,0,16160.0,0,0,d,c,No_Promo2
1115,2013-02-04,6670,1,1,1,0,5350.0,0,0,d,c,"Mar,Jun,Sept,Dec"
1086,2013-02-04,14740,1,1,1,0,180.0,0,0,a,a,"Feb,May,Aug,Nov"
85,2013-02-05,7305,1,1,0,1,1870.0,0,0,b,a,No_Promo2
71,2013-02-05,10872,1,1,1,0,16160.0,0,0,a,a,"Mar,Jun,Sept,Dec"
102,2013-02-05,8767,1,1,1,0,150.0,0,0,a,a,"Mar,Jun,Sept,Dec"
105,2013-02-05,2201,1,1,1,0,6190.0,0,0,a,c,"Mar,Jun,Sept,Dec"
10,2013-02-05,5423,1,1,0,0,3160.0,0,0,a,a,No_Promo2
57,2013-02-05,14991,1,1,0,1,420.0,0,0,d,c,No_Promo2
50,2013-02-05,5084,1,1,0,0,6260.0,0,0,d,a,No_Promo2
49,2013-02-05,6818,1,1,0,0,16160.0,0,0,d,c,No_Promo2
1115,2013-02-05,6126,1,1,1,0,5350.0,0,0,d,c,"Mar,Jun,Sept,Dec"
1086,2013-02-05,12262,1,1,1,0,180.0,0,0,a,a,"Feb,May,Aug,Nov"
102,2013-02-06,6538,1,1,1,0,150.0,0,0,a,a,"Mar,Jun,Sept,Dec"
85,2013-02-06,7125,1,1,0,1,1870.0,0,0,b,a,No_Promo2
105,2013-02-06,1967,1,1,1,0,6190.0,0,0,a,c,"Mar,Jun,Sept,Dec"
71,2013-02-06,9794,1,1,1,0,16160.0,0,0,a,a,"Mar,Jun,Sept,Dec"
10,2013-02-06,5539,1,1,0,0,3160.0,0,0,a,a,No_Promo2
57,2013-02-06,11648,1,1,0,1,420.0,0,0,d,c,No_Promo2
49,2013-02-06,6998,1,1,0,0,16160.0,0,0,d,c,No_Promo2
50,2013-02-06,4343,1,1,0,0,6260.0,0,0,d,a,No_Promo2
1115,2013-02-06,4810,1,1,1,0,5350.0,0,0,d,c,"Mar,Jun,Sept,Dec"
1086,2013-02-06,11275,1,1,1,0,180.0,0,0,a,a,"Feb,May,Aug,Nov"
85,2013-02-07,6621,1,1,0,1,1870.0,0,0,b,a,No_Promo2
71,2013-02-07,9442,1,1,1,0,16160.0,0,0,a,a,"Mar,Jun,Sept,Dec"
102,2013-02-07,8756,1,1,1,0,150.0,0,0,a,a,"Mar,Jun,Sept,Dec"
105,2013-02-07,2096,1,1,1,0,6190.0,0,0,a,c,"Mar,Jun,Sept,Dec"
10,2013-02-07,5838,1,1,0,0,3160.0,0,0,a,a,No_Promo2
57,2013-02-07,12631,1,1,0,1,420.0,0,0,d,c,No_Promo2
50,2013-02-07,4381,1,1,0,0,6260.0,0,0,d,a,No_Promo2
49,2013-02-07,5788,1,1,0,0,16160.0,0,0,d,c,No_Promo2
1086,2013-02-07,10591,1,1,1,0,180.0,0,0,a,a,"Feb,May,Aug,Nov"
1115,2013-02-07,5504,1,1,1,0,5350.0,0,0,d,c,"Mar,Jun,Sept,Dec"
85,2013-02-08,6251,1,1,0,1,1870.0,0,0,b,a,No_Promo2
71,2013-02-08,9818,1,1,1,0,16160.0,0,0,a,a,"Mar,Jun,Sept,Dec"
102,2013-02-08,7483,1,1,1,0,150.0,0,0,a,a,"Mar,Jun,Sept,Dec"
105,2013-02-08,2063,1,1,1,0,6190.0,0,0,a,c,"Mar,Jun,Sept,Dec"
10,2013-02-08,5655,1,1,0,0,3160.0,0,0,a,a,No_Promo2
57,2013-02-08,11218,1,1,0,1,420.0,0,0,d,c,No_Promo2
50,2013-02-08,4576,1,1,0,0,6260.0,0,0,d,a,No_Promo2
49,2013-02-08,6903,1,1,0,0,16160.0,0,0,d,c,No_Promo2
1086,2013-02-08,9102,1,1,1,0,180.0,0,0,a,a,"Feb,May,Aug,Nov"
1115,2013-02-08,5652,1,1,1,0,5350.0,0,0,d,c,"Mar,Jun,Sept,Dec"
85,2013-02-09,5802,1,0,0,0,1870.0,0,0,b,a,No_Promo2
71,2013-02-09,7258,1,0,1,0,16160.0,0,0,a,a,"Mar,Jun,Sept,Dec"
102,2013-02-09,5805,1,0,1,0,150.0,0,0,a,a,"Mar,Jun,Sept,Dec"
105,2013-02-09,1262,1,0,1,0,6190.0,0,0,a,c,"Mar,Jun,Sept,Dec"
10,2013-02-09,4477,1,0,0,0,3160.0,0,0,a,a,No_Promo2
57,2013-02-09,7989,1,0,0,0,420.0,0,0,d,c,No_Promo2
50,2013-02-09,3659,1,0,0,0,6260.0,0,0,d,a,No_Promo2
49,2013-02-09,6734,1,0,0,0,16160.0,0,0,d,c,No_Promo2
1115,2013-02-09,5788,1,0,1,0,5350.0,0,0,d,c,"Mar,Jun,Sept,Dec"
1086,2013-02-09,7111,1,0,1,0,180.0,0,0,a,a,"Feb,May,Aug,Nov"
85,2013-02-10,11899,1,0,0,0,1870.0,0,0,b,a,No_Promo2
71,2013-02-10,0,0,0,1,0,16160.0,0,0,a,a,"Mar,Jun,Sept,Dec"
102,2013-02-10,0,0,0,1,0,150.0,0,0,a,a,"Mar,Jun,Sept,Dec"
105,2013-02-10,0,0,0,1,0,6190.0,0,0,a,c,"Mar,Jun,Sept,Dec"
10,2013-02-10,0,0,0,0,0,3160.0,0,0,a,a,No_Promo2
57,2013-02-10,0,0,0,0,0,420.0,0,0,d,c,No_Promo2
50,2013-02-10,0,0,0,0,0,6260.0,0,0,d,a,No_Promo2
49,2013-02-10,0,0,0,0,0,16160.0,0,0,d,c,No_Promo2
1115,2013-02-10,0,0,0,1,0,5350.0,0,0,d,c,"Mar,Jun,Sept,Dec"
1086,2013-02-10,0,0,0,1,0,180.0,0,0,a,a,"Feb,May,Aug,Nov"
85,2013-02-11,5376,1,0,0,0,1870.0,0,0,b,a,No_Promo2
71,2013-02-11,7350,1,0,1,0,16160.0,0,0,a,a,"Mar,Jun,Sept,Dec"
102,2013-02-11,3259,1,0,1,0,150.0,0,0,a,a,"Mar,Jun,Sept,Dec"
105,2013-02-11,1870,1,0,1,0,6190.0,0,0,a,c,"Mar,Jun,Sept,Dec"
10,2013-02-11,4433,1,0,0,0,3160.0,0,0,a,a,No_Promo2
57,2013-02-11,8617,1,0,0,1,420.0,0,0,d,c,No_Promo2
50,2013-02-11,2846,1,0,0,0,6260.0,0,0,d,a,No_Promo2
49,2013-02-11,4961,1,0,0,0,16160.0,0,0,d,c,No_Promo2
1115,2013-02-11,3485,1,0,1,0,5350.0,0,0,d,c,"Mar,Jun,Sept,Dec"
1086,2013-02-11,8063,1,0,1,0,180.0,0,0,a,a,"Feb,May,Aug,Nov"
85,2013-02-12,5073,1,0,0,0,1870.0,0,0,b,a,No_Promo2
71,2013-02-12,6996,1,0,1,0,16160.0,0,0,a,a,"Mar,Jun,Sept,Dec"
102,2013-02-12,5471,1,0,1,0,150.0,0,0,a,a,"Mar,Jun,Sept,Dec"
105,2013-02-12,1614,1,0,1,0,6190.0,0,0,a,c,"Mar,Jun,Sept,Dec"
10,2013-02-12,4506,1,0,0,0,3160.0,0,0,a,a,No_Promo2
57,2013-02-12,8507,1,0,0,1,420.0,0,0,d,c,No_Promo2
50,2013-02-12,2740,1,0,0,0,6260.0,0,0,d,a,No_Promo2
49,2013-02-12,4944,1,0,0,0,16160.0,0,0,d,c,No_Promo2
1115,2013-02-12,3039,1,0,1,0,5350.0,0,0,d,c,"Mar,Jun,Sept,Dec"
1086,2013-02-12,7598,1,0,1,0,180.0,0,0,a,a,"Feb,May,Aug,Nov"
102,2013-02-13,4954,1,0,1,0,150.0,0,0,a,a,"Mar,Jun,Sept,Dec"
85,2013-02-13,5121,1,0,0,0,1870.0,0,0,b,a,No_Promo2
71,2013-02-13,7287,1,0,1,0,16160.0,0,0,a,a,"Mar,Jun,Sept,Dec"
105,2013-02-13,2032,1,0,1,0,6190.0,0,0,a,c,"Mar,Jun,Sept,Dec"
10,2013-02-13,4953,1,0,0,0,3160.0,0,0,a,a,No_Promo2
57,2013-02-13,8741,1,0,0,1,420.0,0,0,d,c,No_Promo2
49,2013-02-13,5418,1,0,0,0,16160.0,0,0,d,c,No_Promo2
50,2013-02-13,2729,1,0,0,0,6260.0,0,0,d,a,No_Promo2
1115,2013-02-13,3962,1,0,1,0,5350.0,0,0,d,c,"Mar,Jun,Sept,Dec"
1086,2013-02-13,8174,1,0,1,0,180.0,0,0,a,a,"Feb,May,Aug,Nov"
71,2013-02-14,7074,1,0,1,0,16160.0,0,0,a,a,"Mar,Jun,Sept,Dec"
85,2013-02-14,5417,1,0,0,0,1870.0,0,0,b,a,No_Promo2
102,2013-02-14,5490,1,0,1,0,150.0,0,0,a,a,"Mar,Jun,Sept,Dec"
105,2013-02-14,1791,1,0,1,0,6190.0,0,0,a,c,"Mar,Jun,Sept,Dec"
10,2013-02-14,4111,1,0,0,0,3160.0,0,0,a,a,No_Promo2
57,2013-02-14,9611,1,0,0,1,420.0,0,0,d,c,No_Promo2
50,2013-02-14,3101,1,0,0,0,6260.0,0,0,d,a,No_Promo2
49,2013-02-14,5329,1,0,0,0,16160.0,0,0,d,c,No_Promo2
1115,2013-02-14,3786,1,0,1,0,5350.0,0,0,d,c,"Mar,Jun,Sept,Dec"
1086,2013-02-14,9015,1,0,1,0,180.0,0,0,a,a,"Feb,May,Aug,Nov"
85,2013-02-15,5494,1,0,0,0,1870.0,0,0,b,a,No_Promo2
71,2013-02-15,6626,1,0,1,0,16160.0,0,0,a,a,"Mar,Jun,Sept,Dec"
102,2013-02-15,4648,1,0,1,0,150.0,0,0,a,a,"Mar,Jun,Sept,Dec"
105,2013-02-15,1785,1,0,1,0,6190.0,0,0,a,c,"Mar,Jun,Sept,Dec"
10,2013-02-15,4385,1,0,0,0,3160.0,0,0,a,a,No_Promo2
57,2013-02-15,9270,1,0,0,1,420.0,0,0,d,c,No_Promo2
50,2013-02-15,3238,1,0,0,0,6260.0,0,0,d,a,No_Promo2
49,2013-02-15,5553,1,0,0,0,16160.0,0,0,d,c,No_Promo2
1086,2013-02-15,7358,1,0,1,0,180.0,0,0,a,a,"Feb,May,Aug,Nov"
1115,2013-02-15,4056,1,0,1,0,5350.0,0,0,d,c,"Mar,Jun,Sept,Dec"
85,2013-02-16,5275,1,0,0,0,1870.0,0,0,b,a,No_Promo2
71,2013-02-16,6661,1,0,1,0,16160.0,0,0,a,a,"Mar,Jun,Sept,Dec"
102,2013-02-16,5364,1,0,1,0,150.0,0,0,a,a,"Mar,Jun,Sept,Dec"
105,2013-02-16,1515,1,0,1,0,6190.0,0,0,a,c,"Mar,Jun,Sept,Dec"
10,2013-02-16,4340,1,0,0,0,3160.0,0,0,a,a,No_Promo2
57,2013-02-16,7599,1,0,0,0,420.0,0,0,d,c,No_Promo2
50,2013-02-16,4188,1,0,0,0,6260.0,0,0,d,a,No_Promo2
49,2013-02-16,6915,1,0,0,0,16160.0,0,0,d,c,No_Promo2
1115,2013-02-16,5361,1,0,1,0,5350.0,0,0,d,c,"Mar,Jun,Sept,Dec"
1086,2013-02-16,6646,1,0,1,0,180.0,0,0,a,a,"Feb,May,Aug,Nov"
102,2013-02-17,0,0,0,1,0,150.0,0,0,a,a,"Mar,Jun,Sept,Dec"
85,2013-02-17,11931,1,0,0,0,1870.0,0,0,b,a,No_Promo2
71,2013-02-17,0,0,0,1,0,16160.0,0,0,a,a,"Mar,Jun,Sept,Dec"
105,2013-02-17,0,0,0,1,0,6190.0,0,0,a,c,"Mar,Jun,Sept,Dec"
10,2013-02-17,0,0,0,0,0,3160.0,0,0,a,a,No_Promo2
57,2013-02-17,0,0,0,0,0,420.0,0,0,d,c,No_Promo2
49,2013-02-17,0,0,0,0,0,16160.0,0,0,d,c,No_Promo2
50,2013-02-17,0,0,0,0,0,6260.0,0,0,d,a,No_Promo2
1086,2013-02-17,0,0,0,1,0,180.0,0,0,a,a,"Feb,May,Aug,Nov"
1115,2013-02-17,0,0,0,1,0,5350.0,0,0,d,c,"Mar,Jun,Sept,Dec"
71,2013-02-18,13423,1,1,1,0,16160.0,0,0,a,a,"Mar,Jun,Sept,Dec"
85,2013-02-18,8467,1,1,0,0,1870.0,0,0,b,a,No_Promo2
102,2013-02-18,11545,1,1,1,0,150.0,0,0,a,a,"Mar,Jun,Sept,Dec"
105,2013-02-18,2367,1,1,1,0,6190.0,0,0,a,c,"Mar,Jun,Sept,Dec"
10,2013-02-18,7495,1,1,0,0,3160.0,0,0,a,a,No_Promo2
57,2013-02-18,18284,1,1,0,0,420.0,0,0,d,c,No_Promo2
50,2013-02-18,6121,1,1,0,0,6260.0,0,0,d,a,No_Promo2
49,2013-02-18,8689,1,1,0,0,16160.0,0,0,d,c,No_Promo2
1086,2013-02-18,15036,1,1,1,0,180.0,0,0,a,a,"Feb,May,Aug,Nov"
1115,2013-02-18,7580,1,1,1,0,5350.0,0,0,d,c,"Mar,Jun,Sept,Dec"
85,2013-02-19,7169,1,1,0,0,1870.0,0,0,b,a,No_Promo2
71,2013-02-19,9623,1,1,1,0,16160.0,0,0,a,a,"Mar,Jun,Sept,Dec"
102,2013-02-19,8196,1,1,1,0,150.0,0,0,a,a,"Mar,Jun,Sept,Dec"
105,2013-02-19,2157,1,1,1,0,6190.0,0,0,a,c,"Mar,Jun,Sept,Dec"
10,2013-02-19,6049,1,1,0,0,3160.0,0,0,a,a,No_Promo2
57,2013-02-19,10899,1,1,0,0,420.0,0,0,d,c,No_Promo2
50,2013-02-19,4768,1,1,0,0,6260.0,0,0,d,a,No_Promo2
49,2013-02-19,6272,1,1,0,0,16160.0,0,0,d,c,No_Promo2
1086,2013-02-19,11438,1,1,1,0,180.0,0,0,a,a,"Feb,May,Aug,Nov"
1115,2013-02-19,4882,1,1,1,0,5350.0,0,0,d,c,"Mar,Jun,Sept,Dec"
85,2013-02-20,7162,1,1,0,0,1870.0,0,0,b,a,No_Promo2
71,2013-02-20,9988,1,1,1,0,16160.0,0,0,a,a,"Mar,Jun,Sept,Dec"
102,2013-02-20,7470,1,1,1,0,150.0,0,0,a,a,"Mar,Jun,Sept,Dec"
105,2013-02-20,2107,1,1,1,0,6190.0,0,0,a,c,"Mar,Jun,Sept,Dec"
10,2013-02-20,5200,1,1,0,0,3160.0,0,0,a,a,No_Promo2
57,2013-02-20,11932,1,1,0,0,420.0,0,0,d,c,No_Promo2
50,2013-02-20,3908,1,1,0,0,6260.0,0,0,d,a,No_Promo2
49,2013-02-20,6418,1,1,0,0,16160.0,0,0,d,c,No_Promo2
1115,2013-02-20,6169,1,1,1,0,5350.0,0,0,d,c,"Mar,Jun,Sept,Dec"
1086,2013-02-20,11435,1,1,1,0,180.0,0,0,a,a,"Feb,May,Aug,Nov"
85,2013-02-21,6870,1,1,0,0,1870.0,0,0,b,a,No_Promo2
71,2013-02-21,8561,1,1,1,0,16160.0,0,0,a,a,"Mar,Jun,Sept,Dec"
102,2013-02-21,7080,1,1,1,0,150.0,0,0,a,a,"Mar,Jun,Sept,Dec"
105,2013-02-21,1853,1,1,1,0,6190.0,0,0,a,c,"Mar,Jun,Sept,Dec"
10,2013-02-21,5969,1,1,0,0,3160.0,0,0,a,a,No_Promo2
57,2013-02-21,12007,1,1,0,0,420.0,0,0,d,c,No_Promo2
50,2013-02-21,4492,1,1,0,0,6260.0,0,0,d,a,No_Promo2
49,2013-02-21,6028,1,1,0,0,16160.0,0,0,d,c,No_Promo2
1086,2013-02-21,12219,1,1,1,0,180.0,0,0,a,a,"Feb,May,Aug,Nov"
1115,2013-02-21,5650,1,1,1,0,5350.0,0,0,d,c,"Mar,Jun,Sept,Dec"
85,2013-02-22,7092,1,1,0,0,1870.0,0,0,b,a,No_Promo2
71,2013-02-22,7626,1,1,1,0,16160.0,0,0,a,a,"Mar,Jun,Sept,Dec"
102,2013-02-22,6987,1,1,1,0,150.0,0,0,a,a,"Mar,Jun,Sept,Dec"
105,2013-02-22,2211,1,1,1,0,6190.0,0,0,a,c,"Mar,Jun,Sept,Dec"
10,2013-02-22,5285,1,1,0,0,3160.0,0,0,a,a,No_Promo2
57,2013-02-22,10649,1,1,0,0,420.0,0,0,d,c,No_Promo2
50,2013-02-22,4460,1,1,0,0,6260.0,0,0,d,a,No_Promo2
49,2013-02-22,7072,1,1,0,0,16160.0,0,0,d,c,No_Promo2
1115,2013-02-22,6986,1,1,1,0,5350.0,0,0,d,c,"Mar,Jun,Sept,Dec"
1086,2013-02-22,9983,1,1,1,0,180.0,0,0,a,a,"Feb,May,Aug,Nov"
85,2013-02-23,5349,1,0,0,0,1870.0,0,0,b,a,No_Promo2
71,2013-02-23,4286,1,0,1,0,16160.0,0,0,a,a,"Mar,Jun,Sept,Dec"
102,2013-02-23,4606,1,0,1,0,150.0,0,0,a,a,"Mar,Jun,Sept,Dec"
105,2013-02-23,1472,1,0,1,0,6190.0,0,0,a,c,"Mar,Jun,Sept,Dec"
10,2013-02-23,4534,1,0,0,0,3160.0,0,0,a,a,No_Promo2
57,2013-02-23,5787,1,0,0,0,420.0,0,0,d,c,No_Promo2
50,2013-02-23,3639,1,0,0,0,6260.0,0,0,d,a,No_Promo2
49,2013-02-23,5951,1,0,0,0,16160.0,0,0,d,c,No_Promo2
1115,2013-02-23,5948,1,0,1,0,5350.0,0,0,d,c,"Mar,Jun,Sept,Dec"
1086,2013-02-23,5278,1,0,1,0,180.0,0,0,a,a,"Feb,May,Aug,Nov"
85,2013-02-24,10245,1,0,0,0,1870.0,0,0,b,a,No_Promo2
71,2013-02-24,0,0,0,1,0,16160.0,0,0,a,a,"Mar,Jun,Sept,Dec"
102,2013-02-24,0,0,0,1,0,150.0,0,0,a,a,"Mar,Jun,Sept,Dec"
105,2013-02-24,0,0,0,1,0,6190.0,0,0,a,c,"Mar,Jun,Sept,Dec"
10,2013-02-24,0,0,0,0,0,3160.0,0,0,a,a,No_Promo2
57,2013-02-24,0,0,0,0,0,420.0,0,0,d,c,No_Promo2
50,2013-02-24,0,0,0,0,0,6260.0,0,0,d,a,No_Promo2
49,2013-02-24,0,0,0,0,0,16160.0,0,0,d,c,No_Promo2
1115,2013-02-24,0,0,0,1,0,5350.0,0,0,d,c,"Mar,Jun,Sept,Dec"
1086,2013-02-24,0,0,0,1,0,180.0,0,0,a,a,"Feb,May,Aug,Nov"
85,2013-02-25,5187,1,0,0,0,1870.0,0,0,b,a,No_Promo2
71,2013-02-25,5819,1,0,1,0,16160.0,0,0,a,a,"Mar,Jun,Sept,Dec"
102,2013-02-25,4101,1,0,1,0,150.0,0,0,a,a,"Mar,Jun,Sept,Dec"
105,2013-02-25,1969,1,0,1,0,6190.0,0,0,a,c,"Mar,Jun,Sept,Dec"
10,2013-02-25,4822,1,0,0,0,3160.0,0,0,a,a,No_Promo2
57,2013-02-25,7985,1,0,0,0,420.0,0,0,d,c,No_Promo2
50,2013-02-25,2419,1,0,0,0,6260.0,0,0,d,a,No_Promo2
49,2013-02-25,4168,1,0,0,0,16160.0,0,0,d,c,No_Promo2
1115,2013-02-25,3588,1,0,1,0,5350.0,0,0,d,c,"Mar,Jun,Sept,Dec"
1086,2013-02-25,6330,1,0,1,0,180.0,0,0,a,a,"Feb,May,Aug,Nov"
85,2013-02-26,4786,1,0,0,0,1870.0,0,0,b,a,No_Promo2
71,2013-02-26,7870,1,0,1,0,16160.0,0,0,a,a,"Mar,Jun,Sept,Dec"
102,2013-02-26,4708,1,0,1,0,150.0,0,0,a,a,"Mar,Jun,Sept,Dec"
105,2013-02-26,1908,1,0,1,0,6190.0,0,0,a,c,"Mar,Jun,Sept,Dec"
10,2013-02-26,4403,1,0,0,0,3160.0,0,0,a,a,No_Promo2
57,2013-02-26,8730,1,0,0,0,420.0,0,0,d,c,No_Promo2
50,2013-02-26,2542,1,0,0,0,6260.0,0,0,d,a,No_Promo2
49,2013-02-26,4563,1,0,0,0,16160.0,0,0,d,c,No_Promo2
1115,2013-02-26,4236,1,0,1,0,5350.0,0,0,d,c,"Mar,Jun,Sept,Dec"
1086,2013-02-26,6812,1,0,1,0,180.0,0,0,a,a,"Feb,May,Aug,Nov"
71,2013-02-27,8166,1,0,1,0,16160.0,0,0,a,a,"Mar,Jun,Sept,Dec"
85,2013-02-27,5374,1,0,0,0,1870.0,0,0,b,a,No_Promo2
102,2013-02-27,5268,1,0,1,0,150.0,0,0,a,a,"Mar,Jun,Sept,Dec"
105,2013-02-27,2213,1,0,1,0,6190.0,0,0,a,c,"Mar,Jun,Sept,Dec"
10,2013-02-27,4414,1,0,0,0,3160.0,0,0,a,a,No_Promo2
57,2013-02-27,8727,1,0,0,0,420.0,0,0,d,c,No_Promo2
50,2013-02-27,2871,1,0,0,0,6260.0,0,0,d,a,No_Promo2
49,2013-02-27,4747,1,0,0,0,16160.0,0,0,d,c,No_Promo2
1115,2013-02-27,4367,1,0,1,0,5350.0,0,0,d,c,"Mar,Jun,Sept,Dec"
1086,2013-02-27,6290,1,0,1,0,180.0,0,0,a,a,"Feb,May,Aug,Nov"
71,2013-02-28,9022,1,0,1,0,16160.0,0,0,a,a,"Mar,Jun,Sept,Dec"
85,2013-02-28,5970,1,0,0,0,1870.0,0,0,b,a,No_Promo2
102,2013-02-28,8274,1,0,1,0,150.0,0,0,a,a,"Mar,Jun,Sept,Dec"
105,2013-02-28,2237,1,0,1,0,6190.0,0,0,a,c,"Mar,Jun,Sept,Dec"
10,2013-02-28,4681,1,0,0,0,3160.0,0,0,a,a,No_Promo2
57,2013-02-28,10564,1,0,0,0,420.0,0,0,d,c,No_Promo2
50,2013-02-28,3627,1,0,0,0,6260.0,0,0,d,a,No_Promo2
49,2013-02-28,5888,1,0,0,0,16160.0,0,0,d,c,No_Promo2
1115,2013-02-28,5474,1,0,1,0,5350.0,0,0,d,c,"Mar,Jun,Sept,Dec"
1086,2013-02-28,9049,1,0,1,0,180.0,0,0,a,a,"Feb,May,Aug,Nov"
85,2013-03-01,6052,1,0,0,0,1870.0,0,0,b,a,No_Promo2
71,2013-03-01,8528,1,0,1,0,16160.0,0,0,a,a,"Mar,Jun,Sept,Dec"
102,2013-03-01,6836,1,0,1,0,150.0,0,0,a,a,"Mar,Jun,Sept,Dec"
105,2013-03-01,2279,1,0,1,0,6190.0,0,0,a,c,"Mar,Jun,Sept,Dec"
10,2013-03-01,4775,1,0,0,0,3160.0,0,0,a,a,No_Promo2
57,2013-03-01,10483,1,0,0,0,420.0,0,0,d,c,No_Promo2
50,2013-03-01,3880,1,0,0,0,6260.0,0,0,d,a,No_Promo2
49,2013-03-01,6178,1,0,0,0,16160.0,0,0,d,c,No_Promo2
1115,2013-03-01,5077,1,0,1,0,5350.0,0,0,d,c,"Mar,Jun,Sept,Dec"
1086,2013-03-01,8847,1,0,1,0,180.0,0,0,a,a,"Feb,May,Aug,Nov"
102,2013-03-02,8070,1,0,1,0,150.0,0,0,a,a,"Mar,Jun,Sept,Dec"
85,2013-03-02,6374,1,0,0,0,1870.0,0,0,b,a,No_Promo2
105,2013-03-02,1540,1,0,1,0,6190.0,0,0,a,c,"Mar,Jun,Sept,Dec"
71,2013-03-02,7462,1,0,1,0,16160.0,0,0,a,a,"Mar,Jun,Sept,Dec"
10,2013-03-02,4620,1,0,0,0,3160.0,0,0,a,a,No_Promo2
57,2013-03-02,9178,1,0,0,0,420.0,0,0,d,c,No_Promo2
49,2013-03-02,7175,1,0,0,0,16160.0,0,0,d,c,No_Promo2
50,2013-03-02,4652,1,0,0,0,6260.0,0,0,d,a,No_Promo2
1115,2013-03-02,6027,1,0,1,0,5350.0,0,0,d,c,"Mar,Jun,Sept,Dec"
1086,2013-03-02,7317,1,0,1,0,180.0,0,0,a,a,"Feb,May,Aug,Nov"
85,2013-03-03,13081,1,0,0,0,1870.0,0,0,b,a,No_Promo2
71,2013-03-03,0,0,0,1,0,16160.0,0,0,a,a,"Mar,Jun,Sept,Dec"
102,2013-03-03,0,0,0,1,0,150.0,0,0,a,a,"Mar,Jun,Sept,Dec"
105,2013-03-03,0,0,0,1,0,6190.0,0,0,a,c,"Mar,Jun,Sept,Dec"
10,2013-03-03,0,0,0,0,0,3160.0,0,0,a,a,No_Promo2
57,2013-03-03,0,0,0,0,0,420.0,0,0,d,c,No_Promo2
50,2013-03-03,0,0,0,0,0,6260.0,0,0,d,a,No_Promo2
49,2013-03-03,0,0,0,0,0,16160.0,0,0,d,c,No_Promo2
1115,2013-03-03,0,0,0,1,0,5350.0,0,0,d,c,"Mar,Jun,Sept,Dec"
1086,2013-03-03,0,0,0,1,0,180.0,0,0,a,a,"Feb,May,Aug,Nov"
71,2013-03-04,14694,1,1,1,0,16160.0,0,0,a,a,"Mar,Jun,Sept,Dec"
85,2013-03-04,8860,1,1,0,0,1870.0,0,0,b,a,No_Promo2
102,2013-03-04,12239,1,1,1,0,150.0,0,0,a,a,"Mar,Jun,Sept,Dec"
105,2013-03-04,2404,1,1,1,0,6190.0,0,0,a,c,"Mar,Jun,Sept,Dec"
10,2013-03-04,7280,1,1,0,0,3160.0,0,0,a,a,No_Promo2
57,2013-03-04,19086,1,1,0,0,420.0,0,0,d,c,No_Promo2
50,2013-03-04,6430,1,1,0,0,6260.0,0,0,d,a,No_Promo2
49,2013-03-04,8306,1,1,0,0,16160.0,0,0,d,c,No_Promo2
1115,2013-03-04,7150,1,1,1,0,5350.0,0,0,d,c,"Mar,Jun,Sept,Dec"
1086,2013-03-04,16689,1,1,1,0,180.0,0,0,a,a,"Feb,May,Aug,Nov"
85,2013-03-05,7592,1,1,0,0,1870.0,0,0,b,a,No_Promo2
71,2013-03-05,11109,1,1,1,0,16160.0,0,0,a,a,"Mar,Jun,Sept,Dec"
102,2013-03-05,8269,1,1,1,0,150.0,0,0,a,a,"Mar,Jun,Sept,Dec"
105,2013-03-05,1876,1,1,1,0,6190.0,0,0,a,c,"Mar,Jun,Sept,Dec"
10,2013-03-05,7003,1,1,0,0,3160.0,0,0,a,a,No_Promo2
57,2013-03-05,15067,1,1,0,0,420.0,0,0,d,c,No_Promo2
50,2013-03-05,4334,1,1,0,0,6260.0,0,0,d,a,No_Promo2
49,2013-03-05,7118,1,1,0,0,16160.0,0,0,d,c,No_Promo2
1115,2013-03-05,6442,1,1,1,0,5350.0,0,0,d,c,"Mar,Jun,Sept,Dec"
1086,2013-03-05,14148,1,1,1,0,180.0,0,0,a,a,"Feb,May,Aug,Nov"
85,2013-03-06,7161,1,1,0,0,1870.0,0,0,b,a,No_Promo2
71,2013-03-06,9465,1,1,1,0,16160.0,0,0,a,a,"Mar,Jun,Sept,Dec"
102,2013-03-06,7829,1,1,1,0,150.0,0,0,a,a,"Mar,Jun,Sept,Dec"
105,2013-03-06,1971,1,1,1,0,6190.0,0,0,a,c,"Mar,Jun,Sept,Dec"
10,2013-03-06,5115,1,1,0,0,3160.0,0,0,a,a,No_Promo2
57,2013-03-06,12790,1,1,0,0,420.0,0,0,d,c,No_Promo2
50,2013-03-06,5059,1,1,0,0,6260.0,0,0,d,a,No_Promo2
49,2013-03-06,6945,1,1,0,0,16160.0,0,0,d,c,No_Promo2
1086,2013-03-06,10872,1,1,1,0,180.0,0,0,a,a,"Feb,May,Aug,Nov"
1115,2013-03-06,5654,1,1,1,0,5350.0,0,0,d,c,"Mar,Jun,Sept,Dec"
85,2013-03-07,6910,1,1,0,0,1870.0,0,0,b,a,No_Promo2
71,2013-03-07,8900,1,1,1,0,16160.0,0,0,a,a,"Mar,Jun,Sept,Dec"
102,2013-03-07,6762,1,1,1,0,150.0,0,0,a,a,"Mar,Jun,Sept,Dec"
105,2013-03-07,1926,1,1,1,0,6190.0,0,0,a,c,"Mar,Jun,Sept,Dec"
10,2013-03-07,5460,1,1,0,0,3160.0,0,0,a,a,No_Promo2
57,2013-03-07,12631,1,1,0,0,420.0,0,0,d,c,No_Promo2
50,2013-03-07,4358,1,1,0,0,6260.0,0,0,d,a,No_Promo2
49,2013-03-07,5631,1,1,0,0,16160.0,0,0,d,c,No_Promo2
1115,2013-03-07,5716,1,1,1,0,5350.0,0,0,d,c,"Mar,Jun,Sept,Dec"
1086,2013-03-07,11943,1,1,1,0,180.0,0,0,a,a,"Feb,May,Aug,Nov"
85,2013-03-08,6426,1,1,0,0,1870.0,0,0,b,a,No_Promo2
71,2013-03-08,11102,1,1,1,0,16160.0,0,0,a,a,"Mar,Jun,Sept,Dec"
102,2013-03-08,6746,1,1,1,0,150.0,0,0,a,a,"Mar,Jun,Sept,Dec"
105,2013-03-08,2039,1,1,1,0,6190.0,0,0,a,c,"Mar,Jun,Sept,Dec"
10,2013-03-08,5350,1,1,0,0,3160.0,0,0,a,a,No_Promo2
57,2013-03-08,12221,1,1,0,0,420.0,0,0,d,c,No_Promo2
50,2013-03-08,4425,1,1,0,0,6260.0,0,0,d,a,No_Promo2
49,2013-03-08,7009,1,1,0,0,16160.0,0,0,d,c,No_Promo2
1115,2013-03-08,5626,1,1,1,0,5350.0,0,0,d,c,"Mar,Jun,Sept,Dec"
1086,2013-03-08,11062,1,1,1,0,180.0,0,0,a,a,"Feb,May,Aug,Nov"
85,2013-03-09,5099,1,0,0,0,1870.0,0,0,b,a,No_Promo2
71,2013-03-09,6301,1,0,1,0,16160.0,0,0,a,a,"Mar,Jun,Sept,Dec"
102,2013-03-09,4730,1,0,1,0,150.0,0,0,a,a,"Mar,Jun,Sept,Dec"
105,2013-03-09,1533,1,0,1,0,6190.0,0,0,a,c,"Mar,Jun,Sept,Dec"
10,2013-03-09,4213,1,0,0,0,3160.0,0,0,a,a,No_Promo2
57,2013-03-09,8054,1,0,0,0,420.0,0,0,d,c,No_Promo2
50,2013-03-09,4174,1,0,0,0,6260.0,0,0,d,a,No_Promo2
49,2013-03-09,6246,1,0,0,0,16160.0,0,0,d,c,No_Promo2
1115,2013-03-09,5444,1,0,1,0,5350.0,0,0,d,c,"Mar,Jun,Sept,Dec"
1086,2013-03-09,7351,1,0,1,0,180.0,0,0,a,a,"Feb,May,Aug,Nov"
85,2013-03-10,10462,1,0,0,0,1870.0,0,0,b,a,No_Promo2
71,2013-03-10,0,0,0,1,0,16160.0,0,0,a,a,"Mar,Jun,Sept,Dec"
102,2013-03-10,0,0,0,1,0,150.0,0,0,a,a,"Mar,Jun,Sept,Dec"
105,2013-03-10,0,0,0,1,0,6190.0,0,0,a,c,"Mar,Jun,Sept,Dec"
10,2013-03-10,0,0,0,0,0,3160.0,0,0,a,a,No_Promo2
57,2013-03-10,0,0,0,0,0,420.0,0,0,d,c,No_Promo2
50,2013-03-10,0,0,0,0,0,6260.0,0,0,d,a,No_Promo2
49,2013-03-10,0,0,0,0,0,16160.0,0,0,d,c,No_Promo2
1115,2013-03-10,0,0,0,1,0,5350.0,0,0,d,c,"Mar,Jun,Sept,Dec"
1086,2013-03-10,0,0,0,1,0,180.0,0,0,a,a,"Feb,May,Aug,Nov"
85,2013-03-11,5518,1,0,0,0,1870.0,0,0,b,a,No_Promo2
71,2013-03-11,6527,1,0,1,0,16160.0,0,0,a,a,"Mar,Jun,Sept,Dec"
102,2013-03-11,4104,1,0,1,0,150.0,0,0,a,a,"Mar,Jun,Sept,Dec"
105,2013-03-11,1887,1,0,1,0,6190.0,0,0,a,c,"Mar,Jun,Sept,Dec"
10,2013-03-11,5401,1,0,0,0,3160.0,0,0,a,a,No_Promo2
57,2013-03-11,9579,1,0,0,0,420.0,0,0,d,c,No_Promo2
50,2013-03-11,2770,1,0,0,0,6260.0,0,0,d,a,No_Promo2
49,2013-03-11,6369,1,0,0,0,16160.0,0,0,d,c,No_Promo2
1115,2013-03-11,5503,1,0,1,0,5350.0,0,0,d,c,"Mar,Jun,Sept,Dec"
1086,2013-03-11,6388,1,0,1,0,180.0,0,0,a,a,"Feb,May,Aug,Nov"
85,2013-03-12,5326,1,0,0,0,1870.0,0,0,b,a,No_Promo2
71,2013-03-12,5724,1,0,1,0,16160.0,0,0,a,a,"Mar,Jun,Sept,Dec"
102,2013-03-12,3531,1,0,1,0,150.0,0,0,a,a,"Mar,Jun,Sept,Dec"
105,2013-03-12,1652,1,0,1,0,6190.0,0,0,a,c,"Mar,Jun,Sept,Dec"
10,2013-03-12,4807,1,0,0,0,3160.0,0,0,a,a,No_Promo2
57,2013-03-12,7970,1,0,0,0,420.0,0,0,d,c,No_Promo2
50,2013-03-12,1174,1,0,0,0,6260.0,0,0,d,a,No_Promo2
49,2013-03-12,5637,1,0,0,0,16160.0,0,0,d,c,No_Promo2
1115,2013-03-12,2093,1,0,1,0,5350.0,0,0,d,c,"Mar,Jun,Sept,Dec"
1086,2013-03-12,4261,1,0,1,0,180.0,0,0,a,a,"Feb,May,Aug,Nov"
85,2013-03-13,4816,1,0,0,0,1870.0,0,0,b,a,No_Promo2
71,2013-03-13,6701,1,0,1,0,16160.0,0,0,a,a,"Mar,Jun,Sept,Dec"
102,2013-03-13,4096,1,0,1,0,150.0,0,0,a,a,"Mar,Jun,Sept,Dec"
105,2013-03-13,1924,1,0,1,0,6190.0,0,0,a,c,"Mar,Jun,Sept,Dec"
10,2013-03-13,4609,1,0,0,0,3160.0,0,0,a,a,No_Promo2
57,2013-03-13,7919,1,0,0,0,420.0,0,0,d,c,No_Promo2
50,2013-03-13,2785,1,0,0,0,6260.0,0,0,d,a,No_Promo2
49,2013-03-13,5837,1,0,0,0,16160.0,0,0,d,c,No_Promo2
1086,2013-03-13,6427,1,0,1,0,180.0,0,0,a,a,"Feb,May,Aug,Nov"
1115,2013-03-13,4790,1,0,1,0,5350.0,0,0,d,c,"Mar,Jun,Sept,Dec"
85,2013-03-14,5073,1,0,0,0,1870.0,0,0,b,a,No_Promo2
71,2013-03-14,6650,1,0,1,0,16160.0,0,0,a,a,"Mar,Jun,Sept,Dec"
102,2013-03-14,4154,1,0,1,0,150.0,0,0,a,a,"Mar,Jun,Sept,Dec"
105,2013-03-14,2100,1,0,1,0,6190.0,0,0,a,c,"Mar,Jun,Sept,Dec"
10,2013-03-14,4914,1,0,0,0,3160.0,0,0,a,a,No_Promo2
57,2013-03-14,9767,1,0,0,0,420.0,0,0,d,c,No_Promo2
50,2013-03-14,2991,1,0,0,0,6260.0,0,0,d,a,No_Promo2
49,2013-03-14,6099,1,0,0,0,16160.0,0,0,d,c,No_Promo2
1115,2013-03-14,4828,1,0,1,0,5350.0,0,0,d,c,"Mar,Jun,Sept,Dec"
1086,2013-03-14,7559,1,0,1,0,180.0,0,0,a,a,"Feb,May,Aug,Nov"
85,2013-03-15,5869,1,0,0,0,1870.0,0,0,b,a,No_Promo2
71,2013-03-15,7821,1,0,1,0,16160.0,0,0,a,a,"Mar,Jun,Sept,Dec"
102,2013-03-15,4679,1,0,1,0,150.0,0,0,a,a,"Mar,Jun,Sept,Dec"
105,2013-03-15,2069,1,0,1,0,6190.0,0,0,a,c,"Mar,Jun,Sept,Dec"
10,2013-03-15,5135,1,0,0,0,3160.0,0,0,a,a,No_Promo2
57,2013-03-15,10993,1,0,0,0,420.0,0,0,d,c,No_Promo2
50,2013-03-15,3964,1,0,0,0,6260.0,0,0,d,a,No_Promo2
49,2013-03-15,5822,1,0,0,0,16160.0,0,0,d,c,No_Promo2
1115,2013-03-15,5566,1,0,1,0,5350.0,0,0,d,c,"Mar,Jun,Sept,Dec"
1086,2013-03-15,8474,1,0,1,0,180.0,0,0,a,a,"Feb,May,Aug,Nov"
102,2013-03-16,5483,1,0,1,0,150.0,0,0,a,a,"Mar,Jun,Sept,Dec"
85,2013-03-16,5641,1,0,0,0,1870.0,0,0,b,a,No_Promo2
105,2013-03-16,1406,1,0,1,0,6190.0,0,0,a,c,"Mar,Jun,Sept,Dec"
71,2013-03-16,6740,1,0,1,0,16160.0,0,0,a,a,"Mar,Jun,Sept,Dec"
10,2013-03-16,3885,1,0,0,0,3160.0,0,0,a,a,No_Promo2
57,2013-03-16,9066,1,0,0,0,420.0,0,0,d,c,No_Promo2
49,2013-03-16,7724,1,0,0,0,16160.0,0,0,d,c,No_Promo2
50,2013-03-16,4820,1,0,0,0,6260.0,0,0,d,a,No_Promo2
1115,2013-03-16,7250,1,0,1,0,5350.0,0,0,d,c,"Mar,Jun,Sept,Dec"
1086,2013-03-16,6501,1,0,1,0,180.0,0,0,a,a,"Feb,May,Aug,Nov"
85,2013-03-17,12923,1,0,0,0,1870.0,0,0,b,a,No_Promo2
71,2013-03-17,0,0,0,1,0,16160.0,0,0,a,a,"Mar,Jun,Sept,Dec"
102,2013-03-17,0,0,0,1,0,150.0,0,0,a,a,"Mar,Jun,Sept,Dec"
105,2013-03-17,0,0,0,1,0,6190.0,0,0,a,c,"Mar,Jun,Sept,Dec"
10,2013-03-17,0,0,0,0,0,3160.0,0,0,a,a,No_Promo2
57,2013-03-17,0,0,0,0,0,420.0,0,0,d,c,No_Promo2
50,2013-03-17,0,0,0,0,0,6260.0,0,0,d,a,No_Promo2
49,2013-03-17,0,0,0,0,0,16160.0,0,0,d,c,No_Promo2
1115,2013-03-17,0,0,0,1,0,5350.0,0,0,d,c,"Mar,Jun,Sept,Dec"
1086,2013-03-17,0,0,0,1,0,180.0,0,0,a,a,"Feb,May,Aug,Nov"
71,2013-03-18,14168,1,1,1,0,16160.0,0,0,a,a,"Mar,Jun,Sept,Dec"
85,2013-03-18,8473,1,1,0,0,1870.0,0,0,b,a,No_Promo2
102,2013-03-18,11013,1,1,1,0,150.0,0,0,a,a,"Mar,Jun,Sept,Dec"
105,2013-03-18,2388,1,1,1,0,6190.0,0,0,a,c,"Mar,Jun,Sept,Dec"
10,2013-03-18,6766,1,1,0,1,3160.0,0,0,a,a,No_Promo2
57,2013-03-18,15124,1,1,0,0,420.0,0,0,d,c,No_Promo2
50,2013-03-18,6603,1,1,0,0,6260.0,0,0,d,a,No_Promo2
49,2013-03-18,9494,1,1,0,0,16160.0,0,0,d,c,No_Promo2
1115,2013-03-18,7376,1,1,1,0,5350.0,0,0,d,c,"Mar,Jun,Sept,Dec"
1086,2013-03-18,14151,1,1,1,0,180.0,0,0,a,a,"Feb,May,Aug,Nov"
85,2013-03-19,6945,1,1,0,0,1870.0,0,0,b,a,No_Promo2
71,2013-03-19,10449,1,1,1,0,16160.0,0,0,a,a,"Mar,Jun,Sept,Dec"
102,2013-03-19,8173,1,1,1,0,150.0,0,0,a,a,"Mar,Jun,Sept,Dec"
105,2013-03-19,2159,1,1,1,0,6190.0,0,0,a,c,"Mar,Jun,Sept,Dec"
10,2013-03-19,5584,1,1,0,1,3160.0,0,0,a,a,No_Promo2
57,2013-03-19,12225,1,1,0,0,420.0,0,0,d,c,No_Promo2
50,2013-03-19,3946,1,1,0,0,6260.0,0,0,d,a,No_Promo2
49,2013-03-19,7658,1,1,0,0,16160.0,0,0,d,c,No_Promo2
1115,2013-03-19,5732,1,1,1,0,5350.0,0,0,d,c,"Mar,Jun,Sept,Dec"
1086,2013-03-19,13491,1,1,1,0,180.0,0,0,a,a,"Feb,May,Aug,Nov"
85,2013-03-20,6704,1,1,0,0,1870.0,0,0,b,a,No_Promo2
71,2013-03-20,8840,1,1,1,0,16160.0,0,0,a,a,"Mar,Jun,Sept,Dec"
102,2013-03-20,5752,1,1,1,0,150.0,0,0,a,a,"Mar,Jun,Sept,Dec"
105,2013-03-20,2155,1,1,1,0,6190.0,0,0,a,c,"Mar,Jun,Sept,Dec"
10,2013-03-20,3927,1,1,0,1,3160.0,0,0,a,a,No_Promo2
57,2013-03-20,13267,1,1,0,0,420.0,0,0,d,c,No_Promo2
50,2013-03-20,4486,1,1,0,1,6260.0,0,0,d,a,No_Promo2
49,2013-03-20,7207,1,1,0,0,16160.0,0,0,d,c,No_Promo2
1086,2013-03-20,10645,1,1,1,0,180.0,0,0,a,a,"Feb,May,Aug,Nov"
1115,2013-03-20,5459,1,1,1,0,5350.0,0,0,d,c,"Mar,Jun,Sept,Dec"
85,2013-03-21,6341,1,1,0,0,1870.0,0,0,b,a,No_Promo2
71,2013-03-21,9623,1,1,1,0,16160.0,0,0,a,a,"Mar,Jun,Sept,Dec"
102,2013-03-21,7418,1,1,1,0,150.0,0,0,a,a,"Mar,Jun,Sept,Dec"
105,2013-03-21,2149,1,1,1,0,6190.0,0,0,a,c,"Mar,Jun,Sept,Dec"
10,2013-03-21,4623,1,1,0,1,3160.0,0,0,a,a,No_Promo2
57,2013-03-21,12585,1,1,0,0,420.0,0,0,d,c,No_Promo2
50,2013-03-21,4239,1,1,0,1,6260.0,0,0,d,a,No_Promo2
49,2013-03-21,6832,1,1,0,0,16160.0,0,0,d,c,No_Promo2
1115,2013-03-21,6066,1,1,1,0,5350.0,0,0,d,c,"Mar,Jun,Sept,Dec"
1086,2013-03-21,10277,1,1,1,0,180.0,0,0,a,a,"Feb,May,Aug,Nov"
85,2013-03-22,6623,1,1,0,0,1870.0,0,0,b,a,No_Promo2
71,2013-03-22,10320,1,1,1,0,16160.0,0,0,a,a,"Mar,Jun,Sept,Dec"
102,2013-03-22,6753,1,1,1,0,150.0,0,0,a,a,"Mar,Jun,Sept,Dec"
105,2013-03-22,1788,1,1,1,0,6190.0,0,0,a,c,"Mar,Jun,Sept,Dec"
10,2013-03-22,5158,1,1,0,1,3160.0,0,0,a,a,No_Promo2
57,2013-03-22,12457,1,1,0,0,420.0,0,0,d,c,No_Promo2
50,2013-03-22,4507,1,1,0,1,6260.0,0,0,d,a,No_Promo2
49,2013-03-22,7409,1,1,0,0,16160.0,0,0,d,c,No_Promo2
1115,2013-03-22,6104,1,1,1,0,5350.0,0,0,d,c,"Mar,Jun,Sept,Dec"
1086,2013-03-22,10800,1,1,1,0,180.0,0,0,a,a,"Feb,May,Aug,Nov"
102,2013-03-23,4640,1,0,1,0,150.0,0,0,a,a,"Mar,Jun,Sept,Dec"
85,2013-03-23,5759,1,0,0,0,1870.0,0,0,b,a,No_Promo2
105,2013-03-23,1414,1,0,1,0,6190.0,0,0,a,c,"Mar,Jun,Sept,Dec"
71,2013-03-23,6613,1,0,1,0,16160.0,0,0,a,a,"Mar,Jun,Sept,Dec"
10,2013-03-23,4285,1,0,0,1,3160.0,0,0,a,a,No_Promo2
57,2013-03-23,8744,1,0,0,0,420.0,0,0,d,c,No_Promo2
49,2013-03-23,6643,1,0,0,0,16160.0,0,0,d,c,No_Promo2
50,2013-03-23,4383,1,0,0,0,6260.0,0,0,d,a,No_Promo2
1115,2013-03-23,6300,1,0,1,0,5350.0,0,0,d,c,"Mar,Jun,Sept,Dec"
1086,2013-03-23,6836,1,0,1,0,180.0,0,0,a,a,"Feb,May,Aug,Nov"
85,2013-03-24,11431,1,0,0,0,1870.0,0,0,b,a,No_Promo2
71,2013-03-24,0,0,0,1,0,16160.0,0,0,a,a,"Mar,Jun,Sept,Dec"
102,2013-03-24,0,0,0,1,0,150.0,0,0,a,a,"Mar,Jun,Sept,Dec"
105,2013-03-24,0,0,0,1,0,6190.0,0,0,a,c,"Mar,Jun,Sept,Dec"
10,2013-03-24,0,0,0,0,1,3160.0,0,0,a,a,No_Promo2
57,2013-03-24,0,0,0,0,0,420.0,0,0,d,c,No_Promo2
50,2013-03-24,0,0,0,0,0,6260.0,0,0,d,a,No_Promo2
49,2013-03-24,0,0,0,0,0,16160.0,0,0,d,c,No_Promo2
1115,2013-03-24,0,0,0,1,0,5350.0,0,0,d,c,"Mar,Jun,Sept,Dec"
1086,2013-03-24,0,0,0,1,0,180.0,0,0,a,a,"Feb,May,Aug,Nov"
85,2013-03-25,8338,1,1,0,1,1870.0,0,0,b,a,No_Promo2
71,2013-03-25,11642,1,1,1,1,16160.0,0,0,a,a,"Mar,Jun,Sept,Dec"
102,2013-03-25,9504,1,1,1,1,150.0,0,0,a,a,"Mar,Jun,Sept,Dec"
105,2013-03-25,2021,1,1,1,1,6190.0,0,0,a,c,"Mar,Jun,Sept,Dec"
10,2013-03-25,6513,1,1,0,1,3160.0,0,0,a,a,No_Promo2
57,2013-03-25,17712,1,1,0,0,420.0,0,0,d,c,No_Promo2
50,2013-03-25,5635,1,1,0,1,6260.0,0,0,d,a,No_Promo2
49,2013-03-25,10543,1,1,0,1,16160.0,0,0,d,c,No_Promo2
1115,2013-03-25,7759,1,1,1,1,5350.0,0,0,d,c,"Mar,Jun,Sept,Dec"
1086,2013-03-25,16267,1,1,1,1,180.0,0,0,a,a,"Feb,May,Aug,Nov"
85,2013-03-26,7629,1,1,0,1,1870.0,0,0,b,a,No_Promo2
71,2013-03-26,10026,1,1,1,1,16160.0,0,0,a,a,"Mar,Jun,Sept,Dec"
102,2013-03-26,8552,1,1,1,1,150.0,0,0,a,a,"Mar,Jun,Sept,Dec"
105,2013-03-26,1931,1,1,1,1,6190.0,0,0,a,c,"Mar,Jun,Sept,Dec"
10,2013-03-26,5495,1,1,0,1,3160.0,0,0,a,a,No_Promo2
57,2013-03-26,15521,1,1,0,0,420.0,0,0,d,c,No_Promo2
50,2013-03-26,5260,1,1,0,1,6260.0,0,0,d,a,No_Promo2
49,2013-03-26,8581,1,1,0,1,16160.0,0,0,d,c,No_Promo2
1115,2013-03-26,6864,1,1,1,1,5350.0,0,0,d,c,"Mar,Jun,Sept,Dec"
1086,2013-03-26,13667,1,1,1,1,180.0,0,0,a,a,"Feb,May,Aug,Nov"
71,2013-03-27,10969,1,1,1,1,16160.0,0,0,a,a,"Mar,Jun,Sept,Dec"
85,2013-03-27,7561,1,1,0,1,1870.0,0,0,b,a,No_Promo2
102,2013-03-27,8605,1,1,1,1,150.0,0,0,a,a,"Mar,Jun,Sept,Dec"
105,2013-03-27,2261,1,1,1,1,6190.0,0,0,a,c,"Mar,Jun,Sept,Dec"
10,2013-03-27,5639,1,1,0,1,3160.0,0,0,a,a,No_Promo2
57,2013-03-27,16779,1,1,0,0,420.0,0,0,d,c,No_Promo2
50,2013-03-27,5178,1,1,0,1,6260.0,0,0,d,a,No_Promo2
49,2013-03-27,9376,1,1,0,1,16160.0,0,0,d,c,No_Promo2
1115,2013-03-27,8120,1,1,1,1,5350.0,0,0,d,c,"Mar,Jun,Sept,Dec"
1086,2013-03-27,13277,1,1,1,1,180.0,0,0,a,a,"Feb,May,Aug,Nov"
85,2013-03-28,9112,1,1,0,1,1870.0,0,0,b,a,No_Promo2
71,2013-03-28,12410,1,1,1,1,16160.0,0,0,a,a,"Mar,Jun,Sept,Dec"
102,2013-03-28,11606,1,1,1,1,150.0,0,0,a,a,"Mar,Jun,Sept,Dec"
105,2013-03-28,2287,1,1,1,1,6190.0,0,0,a,c,"Mar,Jun,Sept,Dec"
10,2013-03-28,7243,1,1,0,1,3160.0,0,0,a,a,No_Promo2
57,2013-03-28,18565,1,1,0,0,420.0,0,0,d,c,No_Promo2
50,2013-03-28,5737,1,1,0,1,6260.0,0,0,d,a,No_Promo2
49,2013-03-28,12058,1,1,0,1,16160.0,0,0,d,c,No_Promo2
1086,2013-03-28,13799,1,1,1,1,180.0,0,0,a,a,"Feb,May,Aug,Nov"
1115,2013-03-28,8655,1,1,1,1,5350.0,0,0,d,c,"Mar,Jun,Sept,Dec"
85,2013-03-29,13583,1,1,0,1,1870.0,0,b,b,a,No_Promo2
71,2013-03-29,0,0,1,1,1,16160.0,0,b,a,a,"Mar,Jun,Sept,Dec"
102,2013-03-29,0,0,1,1,1,150.0,0,b,a,a,"Mar,Jun,Sept,Dec"
105,2013-03-29,0,0,1,1,1,6190.0,0,b,a,c,"Mar,Jun,Sept,Dec"
10,2013-03-29,0,0,1,0,1,3160.0,0,b,a,a,No_Promo2
57,2013-03-29,0,0,1,0,1,420.0,0,b,d,c,No_Promo2
50,2013-03-29,0,0,1,0,1,6260.0,0,b,d,a,No_Promo2
49,2013-03-29,0,0,1,0,1,16160.0,0,b,d,c,No_Promo2
1086,2013-03-29,0,0,1,1,1,180.0,0,b,a,a,"Feb,May,Aug,Nov"
1115,2013-03-29,0,0,1,1,1,5350.0,0,b,d,c,"Mar,Jun,Sept,Dec"
85,2013-03-30,6928,1,0,0,0,1870.0,0,0,b,a,No_Promo2
71,2013-03-30,9750,1,0,1,0,16160.0,0,0,a,a,"Mar,Jun,Sept,Dec"
102,2013-03-30,9277,1,0,1,0,150.0,0,0,a,a,"Mar,Jun,Sept,Dec"
105,2013-03-30,1250,1,0,1,0,6190.0,0,0,a,c,"Mar,Jun,Sept,Dec"
10,2013-03-30,5809,1,0,0,0,3160.0,0,0,a,a,No_Promo2
57,2013-03-30,13559,1,0,0,0,420.0,0,0,d,c,No_Promo2
50,2013-03-30,6032,1,0,0,0,6260.0,0,0,d,a,No_Promo2
49,2013-03-30,11384,1,0,0,0,16160.0,0,0,d,c,No_Promo2
1115,2013-03-30,9432,1,0,1,0,5350.0,0,0,d,c,"Mar,Jun,Sept,Dec"
1086,2013-03-30,10346,1,0,1,0,180.0,0,0,a,a,"Feb,May,Aug,Nov"
85,2013-03-31,8929,1,0,0,0,1870.0,0,0,b,a,No_Promo2
71,2013-03-31,0,0,0,1,0,16160.0,0,0,a,a,"Mar,Jun,Sept,Dec"
102,2013-03-31,0,0,0,1,0,150.0,0,0,a,a,"Mar,Jun,Sept,Dec"
105,2013-03-31,0,0,0,1,0,6190.0,0,0,a,c,"Mar,Jun,Sept,Dec"
10,2013-03-31,0,0,0,0,0,3160.0,0,0,a,a,No_Promo2
57,2013-03-31,0,0,0,0,0,420.0,0,0,d,c,No_Promo2
50,2013-03-31,0,0,0,0,0,6260.0,0,0,d,a,No_Promo2
49,2013-03-31,0,0,0,0,0,16160.0,0,0,d,c,No_Promo2
1115,2013-03-31,0,0,0,1,0,5350.0,0,0,d,c,"Mar,Jun,Sept,Dec"
1086,2013-03-31,0,0,0,1,0,180.0,0,0,a,a,"Feb,May,Aug,Nov"
85,2013-04-01,12129,1,0,0,1,1870.0,0,b,b,a,No_Promo2
71,2013-04-01,0,0,0,1,1,16160.0,0,b,a,a,"Mar,Jun,Sept,Dec"
102,2013-04-01,0,0,0,1,1,150.0,0,b,a,a,"Mar,Jun,Sept,Dec"
105,2013-04-01,0,0,0,1,1,6190.0,0,b,a,c,"Mar,Jun,Sept,Dec"
10,2013-04-01,0,0,0,0,1,3160.0,0,b,a,a,No_Promo2
57,2013-04-01,0,0,0,0,1,420.0,0,b,d,c,No_Promo2
50,2013-04-01,0,0,0,0,1,6260.0,0,b,d,a,No_Promo2
49,2013-04-01,0,0,0,0,1,16160.0,0,b,d,c,No_Promo2
1115,2013-04-01,0,0,0,1,1,5350.0,0,b,d,c,"Mar,Jun,Sept,Dec"
1086,2013-04-01,0,0,0,1,1,180.0,0,b,a,a,"Feb,May,Aug,Nov"
85,2013-04-02,6012,1,0,0,1,1870.0,0,0,b,a,No_Promo2
71,2013-04-02,7691,1,0,1,1,16160.0,0,0,a,a,"Mar,Jun,Sept,Dec"
102,2013-04-02,6767,1,0,1,1,150.0,0,0,a,a,"Mar,Jun,Sept,Dec"
105,2013-04-02,0,0,0,1,1,6190.0,0,0,a,c,"Mar,Jun,Sept,Dec"
10,2013-04-02,5747,1,0,0,1,3160.0,0,0,a,a,No_Promo2
57,2013-04-02,10794,1,0,0,1,420.0,0,0,d,c,No_Promo2
50,2013-04-02,3814,1,0,0,1,6260.0,0,0,d,a,No_Promo2
49,2013-04-02,6155,1,0,0,1,16160.0,0,0,d,c,No_Promo2
1115,2013-04-02,4436,1,0,1,1,5350.0,0,0,d,c,"Mar,Jun,Sept,Dec"
1086,2013-04-02,10259,1,0,1,1,180.0,0,0,a,a,"Feb,May,Aug,Nov"
85,2013-04-03,5590,1,0,0,1,1870.0,0,0,b,a,No_Promo2
71,2013-04-03,8170,1,0,1,1,16160.0,0,0,a,a,"Mar,Jun,Sept,Dec"
102,2013-04-03,5622,1,0,1,1,150.0,0,0,a,a,"Mar,Jun,Sept,Dec"
105,2013-04-03,0,0,0,1,1,6190.0,0,0,a,c,"Mar,Jun,Sept,Dec"
10,2013-04-03,4662,1,0,0,0,3160.0,0,0,a,a,No_Promo2
57,2013-04-03,9210,1,0,0,1,420.0,0,0,d,c,No_Promo2
50,2013-04-03,3627,1,0,0,1,6260.0,0,0,d,a,No_Promo2
49,2013-04-03,5379,1,0,0,1,16160.0,0,0,d,c,No_Promo2
1086,2013-04-03,7847,1,0,1,1,180.0,0,0,a,a,"Feb,May,Aug,Nov"
1115,2013-04-03,4461,1,0,1,1,5350.0,0,0,d,c,"Mar,Jun,Sept,Dec"
85,2013-04-04,5364,1,0,0,1,1870.0,0,0,b,a,No_Promo2
71,2013-04-04,7059,1,0,1,1,16160.0,0,0,a,a,"Mar,Jun,Sept,Dec"
102,2013-04-04,5541,1,0,1,1,150.0,0,0,a,a,"Mar,Jun,Sept,Dec"
105,2013-04-04,0,0,0,1,1,6190.0,0,0,a,c,"Mar,Jun,Sept,Dec"
10,2013-04-04,4531,1,0,0,0,3160.0,0,0,a,a,No_Promo2
57,2013-04-04,10546,1,0,0,1,420.0,0,0,d,c,No_Promo2
50,2013-04-04,3536,1,0,0,1,6260.0,0,0,d,a,No_Promo2
49,2013-04-04,4832,1,0,0,1,16160.0,0,0,d,c,No_Promo2
1086,2013-04-04,8936,1,0,1,1,180.0,0,0,a,a,"Feb,May,Aug,Nov"
1115,2013-04-04,4082,1,0,1,1,5350.0,0,0,d,c,"Mar,Jun,Sept,Dec"
85,2013-04-05,5486,1,0,0,1,1870.0,0,0,b,a,No_Promo2
71,2013-04-05,8406,1,0,1,1,16160.0,0,0,a,a,"Mar,Jun,Sept,Dec"
102,2013-04-05,5232,1,0,1,1,150.0,0,0,a,a,"Mar,Jun,Sept,Dec"
105,2013-04-05,0,0,0,1,1,6190.0,0,0,a,c,"Mar,Jun,Sept,Dec"
10,2013-04-05,4529,1,0,0,0,3160.0,0,0,a,a,No_Promo2
57,2013-04-05,10009,1,0,0,1,420.0,0,0,d,c,No_Promo2
50,2013-04-05,3690,1,0,0,1,6260.0,0,0,d,a,No_Promo2
49,2013-04-05,6091,1,0,0,1,16160.0,0,0,d,c,No_Promo2
1115,2013-04-05,4471,1,0,1,1,5350.0,0,0,d,c,"Mar,Jun,Sept,Dec"
1086,2013-04-05,8080,1,0,1,1,180.0,0,0,a,a,"Feb,May,Aug,Nov"
85,2013-04-06,5218,1,0,0,0,1870.0,0,0,b,a,No_Promo2
71,2013-04-06,6147,1,0,1,0,16160.0,0,0,a,a,"Mar,Jun,Sept,Dec"
102,2013-04-06,4823,1,0,1,0,150.0,0,0,a,a,"Mar,Jun,Sept,Dec"
105,2013-04-06,0,0,0,1,0,6190.0,0,0,a,c,"Mar,Jun,Sept,Dec"
10,2013-04-06,4607,1,0,0,0,3160.0,0,0,a,a,No_Promo2
57,2013-04-06,7665,1,0,0,0,420.0,0,0,d,c,No_Promo2
50,2013-04-06,4497,1,0,0,0,6260.0,0,0,d,a,No_Promo2
49,2013-04-06,6640,1,0,0,0,16160.0,0,0,d,c,No_Promo2
1115,2013-04-06,5414,1,0,1,0,5350.0,0,0,d,c,"Mar,Jun,Sept,Dec"
1086,2013-04-06,6642,1,0,1,0,180.0,0,0,a,a,"Feb,May,Aug,Nov"
85,2013-04-07,10308,1,0,0,0,1870.0,0,0,b,a,No_Promo2
71,2013-04-07,0,0,0,1,0,16160.0,0,0,a,a,"Mar,Jun,Sept,Dec"
102,2013-04-07,0,0,0,1,0,150.0,0,0,a,a,"Mar,Jun,Sept,Dec"
105,2013-04-07,0,0,0,1,0,6190.0,0,0,a,c,"Mar,Jun,Sept,Dec"
10,2013-04-07,0,0,0,0,0,3160.0,0,0,a,a,No_Promo2
57,2013-04-07,0,0,0,0,0,420.0,0,0,d,c,No_Promo2
50,2013-04-07,0,0,0,0,0,6260.0,0,0,d,a,No_Promo2
49,2013-04-07,0,0,0,0,0,16160.0,0,0,d,c,No_Promo2
1115,2013-04-07,0,0,0,1,0,5350.0,0,0,d,c,"Mar,Jun,Sept,Dec"
1086,2013-04-07,0,0,0,1,0,180.0,0,0,a,a,"Feb,May,Aug,Nov"
85,2013-04-08,8193,1,1,0,0,1870.0,0,0,b,a,No_Promo2
71,2013-04-08,12620,1,1,1,0,16160.0,0,0,a,a,"Mar,Jun,Sept,Dec"
102,2013-04-08,10503,1,1,1,0,150.0,0,0,a,a,"Mar,Jun,Sept,Dec"
105,2013-04-08,0,0,1,1,0,6190.0,0,0,a,c,"Mar,Jun,Sept,Dec"
10,2013-04-08,7087,1,1,0,0,3160.0,0,0,a,a,No_Promo2
57,2013-04-08,16233,1,1,0,0,420.0,0,0,d,c,No_Promo2
50,2013-04-08,5704,1,1,0,0,6260.0,0,0,d,a,No_Promo2
49,2013-04-08,8714,1,1,0,0,16160.0,0,0,d,c,No_Promo2
1115,2013-04-08,6132,1,1,1,0,5350.0,0,0,d,c,"Mar,Jun,Sept,Dec"
1086,2013-04-08,12995,1,1,1,0,180.0,0,0,a,a,"Feb,May,Aug,Nov"
85,2013-04-09,6994,1,1,0,0,1870.0,0,0,b,a,No_Promo2
71,2013-04-09,10376,1,1,1,0,16160.0,0,0,a,a,"Mar,Jun,Sept,Dec"
102,2013-04-09,8197,1,1,1,0,150.0,0,0,a,a,"Mar,Jun,Sept,Dec"
105,2013-04-09,0,0,1,1,0,6190.0,0,0,a,c,"Mar,Jun,Sept,Dec"
10,2013-04-09,5782,1,1,0,0,3160.0,0,0,a,a,No_Promo2
57,2013-04-09,13098,1,1,0,0,420.0,0,0,d,c,No_Promo2
50,2013-04-09,3998,1,1,0,0,6260.0,0,0,d,a,No_Promo2
49,2013-04-09,7234,1,1,0,0,16160.0,0,0,d,c,No_Promo2
1115,2013-04-09,6019,1,1,1,0,5350.0,0,0,d,c,"Mar,Jun,Sept,Dec"
1086,2013-04-09,11494,1,1,1,0,180.0,0,0,a,a,"Feb,May,Aug,Nov"
102,2013-04-10,6957,1,1,1,0,150.0,0,0,a,a,"Mar,Jun,Sept,Dec"
85,2013-04-10,6555,1,1,0,0,1870.0,0,0,b,a,No_Promo2
105,2013-04-10,0,0,1,1,0,6190.0,0,0,a,c,"Mar,Jun,Sept,Dec"
71,2013-04-10,8976,1,1,1,0,16160.0,0,0,a,a,"Mar,Jun,Sept,Dec"
10,2013-04-10,5541,1,1,0,0,3160.0,0,0,a,a,No_Promo2
57,2013-04-10,11538,1,1,0,0,420.0,0,0,d,c,No_Promo2
49,2013-04-10,6694,1,1,0,0,16160.0,0,0,d,c,No_Promo2
50,2013-04-10,4451,1,1,0,0,6260.0,0,0,d,a,No_Promo2
1086,2013-04-10,11033,1,1,1,0,180.0,0,0,a,a,"Feb,May,Aug,Nov"
1115,2013-04-10,5512,1,1,1,0,5350.0,0,0,d,c,"Mar,Jun,Sept,Dec"
71,2013-04-11,8988,1,1,1,0,16160.0,0,0,a,a,"Mar,Jun,Sept,Dec"
85,2013-04-11,6295,1,1,0,0,1870.0,0,0,b,a,No_Promo2
102,2013-04-11,6496,1,1,1,0,150.0,0,0,a,a,"Mar,Jun,Sept,Dec"
105,2013-04-11,0,0,1,1,0,6190.0,0,0,a,c,"Mar,Jun,Sept,Dec"
10,2013-04-11,4689,1,1,0,0,3160.0,0,0,a,a,No_Promo2
57,2013-04-11,11283,1,1,0,0,420.0,0,0,d,c,No_Promo2
50,2013-04-11,3771,1,1,0,0,6260.0,0,0,d,a,No_Promo2
49,2013-04-11,6467,1,1,0,0,16160.0,0,0,d,c,No_Promo2
1115,2013-04-11,4817,1,1,1,0,5350.0,0,0,d,c,"Mar,Jun,Sept,Dec"
1086,2013-04-11,10900,1,1,1,0,180.0,0,0,a,a,"Feb,May,Aug,Nov"
85,2013-04-12,7203,1,1,0,0,1870.0,0,0,b,a,No_Promo2
71,2013-04-12,9692,1,1,1,0,16160.0,0,0,a,a,"Mar,Jun,Sept,Dec"
102,2013-04-12,6688,1,1,1,0,150.0,0,0,a,a,"Mar,Jun,Sept,Dec"
105,2013-04-12,0,0,1,1,0,6190.0,0,0,a,c,"Mar,Jun,Sept,Dec"
10,2013-04-12,6096,1,1,0,0,3160.0,0,0,a,a,No_Promo2
57,2013-04-12,11280,1,1,0,0,420.0,0,0,d,c,No_Promo2
50,2013-04-12,4894,1,1,0,0,6260.0,0,0,d,a,No_Promo2
49,2013-04-12,7403,1,1,0,0,16160.0,0,0,d,c,No_Promo2
1115,2013-04-12,5806,1,1,1,0,5350.0,0,0,d,c,"Mar,Jun,Sept,Dec"
1086,2013-04-12,10547,1,1,1,0,180.0,0,0,a,a,"Feb,May,Aug,Nov"
102,2013-04-13,4655,1,0,1,0,150.0,0,0,a,a,"Mar,Jun,Sept,Dec"
85,2013-04-13,5347,1,0,0,0,1870.0,0,0,b,a,No_Promo2
105,2013-04-13,0,0,0,1,0,6190.0,0,0,a,c,"Mar,Jun,Sept,Dec"
71,2013-04-13,6072,1,0,1,0,16160.0,0,0,a,a,"Mar,Jun,Sept,Dec"
10,2013-04-13,4321,1,0,0,0,3160.0,0,0,a,a,No_Promo2
57,2013-04-13,6881,1,0,0,0,420.0,0,0,d,c,No_Promo2
49,2013-04-13,6423,1,0,0,0,16160.0,0,0,d,c,No_Promo2
50,2013-04-13,4297,1,0,0,0,6260.0,0,0,d,a,No_Promo2
1115,2013-04-13,5007,1,0,1,0,5350.0,0,0,d,c,"Mar,Jun,Sept,Dec"
1086,2013-04-13,5984,1,0,1,0,180.0,0,0,a,a,"Feb,May,Aug,Nov"
85,2013-04-14,10214,1,0,0,0,1870.0,0,0,b,a,No_Promo2
71,2013-04-14,0,0,0,1,0,16160.0,0,0,a,a,"Mar,Jun,Sept,Dec"
102,2013-04-14,0,0,0,1,0,150.0,0,0,a,a,"Mar,Jun,Sept,Dec"
105,2013-04-14,0,0,0,1,0,6190.0,0,0,a,c,"Mar,Jun,Sept,Dec"
10,2013-04-14,0,0,0,0,0,3160.0,0,0,a,a,No_Promo2
57,2013-04-14,0,0,0,0,0,420.0,0,0,d,c,No_Promo2
50,2013-04-14,0,0,0,0,0,6260.0,0,0,d,a,No_Promo2
49,2013-04-14,0,0,0,0,0,16160.0,0,0,d,c,No_Promo2
1115,2013-04-14,0,0,0,1,0,5350.0,0,0,d,c,"Mar,Jun,Sept,Dec"
1086,2013-04-14,0,0,0,1,0,180.0,0,0,a,a,"Feb,May,Aug,Nov"
85,2013-04-15,5492,1,0,0,0,1870.0,0,0,b,a,No_Promo2
71,2013-04-15,6581,1,0,1,0,16160.0,0,0,a,a,"Mar,Jun,Sept,Dec"
102,2013-04-15,4358,1,0,1,0,150.0,0,0,a,a,"Mar,Jun,Sept,Dec"
105,2013-04-15,0,0,0,1,0,6190.0,0,0,a,c,"Mar,Jun,Sept,Dec"
10,2013-04-15,4558,1,0,0,0,3160.0,0,0,a,a,No_Promo2
57,2013-04-15,7773,1,0,0,0,420.0,0,0,d,c,No_Promo2
50,2013-04-15,2438,1,0,0,0,6260.0,0,0,d,a,No_Promo2
49,2013-04-15,4895,1,0,0,0,16160.0,0,0,d,c,No_Promo2
1115,2013-04-15,3436,1,0,1,0,5350.0,0,0,d,c,"Mar,Jun,Sept,Dec"
1086,2013-04-15,7479,1,0,1,0,180.0,0,0,a,a,"Feb,May,Aug,Nov"
85,2013-04-16,5075,1,0,0,0,1870.0,0,0,b,a,No_Promo2
71,2013-04-16,6969,1,0,1,0,16160.0,0,0,a,a,"Mar,Jun,Sept,Dec"
102,2013-04-16,4316,1,0,1,0,150.0,0,0,a,a,"Mar,Jun,Sept,Dec"
105,2013-04-16,0,0,0,1,0,6190.0,0,0,a,c,"Mar,Jun,Sept,Dec"
10,2013-04-16,4592,1,0,0,0,3160.0,0,0,a,a,No_Promo2
57,2013-04-16,8167,1,0,0,0,420.0,0,0,d,c,No_Promo2
50,2013-04-16,2678,1,0,0,0,6260.0,0,0,d,a,No_Promo2
49,2013-04-16,4392,1,0,0,0,16160.0,0,0,d,c,No_Promo2
1115,2013-04-16,3286,1,0,1,0,5350.0,0,0,d,c,"Mar,Jun,Sept,Dec"
1086,2013-04-16,6883,1,0,1,0,180.0,0,0,a,a,"Feb,May,Aug,Nov"
102,2013-04-17,4475,1,0,1,0,150.0,0,0,a,a,"Mar,Jun,Sept,Dec"
85,2013-04-17,5223,1,0,0,0,1870.0,0,0,b,a,No_Promo2
105,2013-04-17,0,0,0,1,0,6190.0,0,0,a,c,"Mar,Jun,Sept,Dec"
71,2013-04-17,5925,1,0,1,0,16160.0,0,0,a,a,"Mar,Jun,Sept,Dec"
10,2013-04-17,4426,1,0,0,0,3160.0,0,0,a,a,No_Promo2
57,2013-04-17,8028,1,0,0,0,420.0,0,0,d,c,No_Promo2
49,2013-04-17,4975,1,0,0,0,16160.0,0,0,d,c,No_Promo2
50,2013-04-17,2493,1,0,0,0,6260.0,0,0,d,a,No_Promo2
1115,2013-04-17,3595,1,0,1,0,5350.0,0,0,d,c,"Mar,Jun,Sept,Dec"
1086,2013-04-17,6689,1,0,1,0,180.0,0,0,a,a,"Feb,May,Aug,Nov"
85,2013-04-18,4782,1,0,0,0,1870.0,0,0,b,a,No_Promo2
71,2013-04-18,6318,1,0,1,0,16160.0,0,0,a,a,"Mar,Jun,Sept,Dec"
102,2013-04-18,4392,1,0,1,0,150.0,0,0,a,a,"Mar,Jun,Sept,Dec"
105,2013-04-18,0,0,0,1,0,6190.0,0,0,a,c,"Mar,Jun,Sept,Dec"
10,2013-04-18,4184,1,0,0,0,3160.0,0,0,a,a,No_Promo2
57,2013-04-18,8025,1,0,0,0,420.0,0,0,d,c,No_Promo2
50,2013-04-18,2825,1,0,0,0,6260.0,0,0,d,a,No_Promo2
49,2013-04-18,4983,1,0,0,0,16160.0,0,0,d,c,No_Promo2
1086,2013-04-18,7329,1,0,1,0,180.0,0,0,a,a,"Feb,May,Aug,Nov"
1115,2013-04-18,3771,1,0,1,0,5350.0,0,0,d,c,"Mar,Jun,Sept,Dec"
85,2013-04-19,5422,1,0,0,0,1870.0,0,0,b,a,No_Promo2
71,2013-04-19,7105,1,0,1,0,16160.0,0,0,a,a,"Mar,Jun,Sept,Dec"
102,2013-04-19,4432,1,0,1,0,150.0,0,0,a,a,"Mar,Jun,Sept,Dec"
105,2013-04-19,0,0,0,1,0,6190.0,0,0,a,c,"Mar,Jun,Sept,Dec"
10,2013-04-19,4743,1,0,0,0,3160.0,0,0,a,a,No_Promo2
57,2013-04-19,10313,1,0,0,0,420.0,0,0,d,c,No_Promo2
50,2013-04-19,3818,1,0,0,0,6260.0,0,0,d,a,No_Promo2
49,2013-04-19,5459,1,0,0,0,16160.0,0,0,d,c,No_Promo2
1086,2013-04-19,8265,1,0,1,0,180.0,0,0,a,a,"Feb,May,Aug,Nov"
1115,2013-04-19,4320,1,0,1,0,5350.0,0,0,d,c,"Mar,Jun,Sept,Dec"
85,2013-04-20,5313,1,0,0,0,1870.0,0,0,b,a,No_Promo2
71,2013-04-20,5871,1,0,1,0,16160.0,0,0,a,a,"Mar,Jun,Sept,Dec"
102,2013-04-20,5308,1,0,1,0,150.0,0,0,a,a,"Mar,Jun,Sept,Dec"
105,2013-04-20,0,0,0,1,0,6190.0,0,0,a,c,"Mar,Jun,Sept,Dec"
10,2013-04-20,4092,1,0,0,0,3160.0,0,0,a,a,No_Promo2
57,2013-04-20,7451,1,0,0,0,420.0,0,0,d,c,No_Promo2
50,2013-04-20,4234,1,0,0,0,6260.0,0,0,d,a,No_Promo2
49,2013-04-20,6221,1,0,0,0,16160.0,0,0,d,c,No_Promo2
1115,2013-04-20,5908,1,0,1,0,5350.0,0,0,d,c,"Mar,Jun,Sept,Dec"
1086,2013-04-20,6926,1,0,1,0,180.0,0,0,a,a,"Feb,May,Aug,Nov"
102,2013-04-21,0,0,0,1,0,150.0,0,0,a,a,"Mar,Jun,Sept,Dec"
85,2013-04-21,11263,1,0,0,0,1870.0,0,0,b,a,No_Promo2
71,2013-04-21,0,0,0,1,0,16160.0,0,0,a,a,"Mar,Jun,Sept,Dec"
105,2013-04-21,0,0,0,1,0,6190.0,0,0,a,c,"Mar,Jun,Sept,Dec"
10,2013-04-21,0,0,0,0,0,3160.0,0,0,a,a,No_Promo2
57,2013-04-21,0,0,0,0,0,420.0,0,0,d,c,No_Promo2
49,2013-04-21,0,0,0,0,0,16160.0,0,0,d,c,No_Promo2
50,2013-04-21,0,0,0,0,0,6260.0,0,0,d,a,No_Promo2
1115,2013-04-21,0,0,0,1,0,5350.0,0,0,d,c,"Mar,Jun,Sept,Dec"
1086,2013-04-21,0,0,0,1,0,180.0,0,0,a,a,"Feb,May,Aug,Nov"
85,2013-04-22,8722,1,1,0,0,1870.0,0,0,b,a,No_Promo2
71,2013-04-22,11560,1,1,1,0,16160.0,0,0,a,a,"Mar,Jun,Sept,Dec"
102,2013-04-22,9352,1,1,1,0,150.0,0,0,a,a,"Mar,Jun,Sept,Dec"
105,2013-04-22,0,0,1,1,0,6190.0,0,0,a,c,"Mar,Jun,Sept,Dec"
10,2013-04-22,7365,1,1,0,0,3160.0,0,0,a,a,No_Promo2
57,2013-04-22,16394,1,1,0,0,420.0,0,0,d,c,No_Promo2
50,2013-04-22,4708,1,1,0,0,6260.0,0,0,d,a,No_Promo2
49,2013-04-22,7728,1,1,0,0,16160.0,0,0,d,c,No_Promo2
1086,2013-04-22,12685,1,1,1,0,180.0,0,0,a,a,"Feb,May,Aug,Nov"
1115,2013-04-22,6362,1,1,1,0,5350.0,0,0,d,c,"Mar,Jun,Sept,Dec"
102,2013-04-23,7006,1,1,1,0,150.0,0,0,a,a,"Mar,Jun,Sept,Dec"
85,2013-04-23,6862,1,1,0,0,1870.0,0,0,b,a,No_Promo2
71,2013-04-23,10706,1,1,1,0,16160.0,0,0,a,a,"Mar,Jun,Sept,Dec"
105,2013-04-23,0,0,1,1,0,6190.0,0,0,a,c,"Mar,Jun,Sept,Dec"
10,2013-04-23,5343,1,1,0,0,3160.0,0,0,a,a,No_Promo2
57,2013-04-23,12779,1,1,0,0,420.0,0,0,d,c,No_Promo2
49,2013-04-23,5751,1,1,0,0,16160.0,0,0,d,c,No_Promo2
50,2013-04-23,4159,1,1,0,0,6260.0,0,0,d,a,No_Promo2
1115,2013-04-23,5249,1,1,1,0,5350.0,0,0,d,c,"Mar,Jun,Sept,Dec"
1086,2013-04-23,12570,1,1,1,0,180.0,0,0,a,a,"Feb,May,Aug,Nov"
85,2013-04-24,6841,1,1,0,0,1870.0,0,0,b,a,No_Promo2
71,2013-04-24,7697,1,1,1,0,16160.0,0,0,a,a,"Mar,Jun,Sept,Dec"
102,2013-04-24,5967,1,1,1,0,150.0,0,0,a,a,"Mar,Jun,Sept,Dec"
105,2013-04-24,0,0,1,1,0,6190.0,0,0,a,c,"Mar,Jun,Sept,Dec"
10,2013-04-24,5184,1,1,0,0,3160.0,0,0,a,a,No_Promo2
57,2013-04-24,11125,1,1,0,0,420.0,0,0,d,c,No_Promo2
50,2013-04-24,3758,1,1,0,0,6260.0,0,0,d,a,No_Promo2
49,2013-04-24,5654,1,1,0,0,16160.0,0,0,d,c,No_Promo2
1115,2013-04-24,4346,1,1,1,0,5350.0,0,0,d,c,"Mar,Jun,Sept,Dec"
1086,2013-04-24,9451,1,1,1,0,180.0,0,0,a,a,"Feb,May,Aug,Nov"
71,2013-04-25,7320,1,1,1,0,16160.0,0,0,a,a,"Mar,Jun,Sept,Dec"
85,2013-04-25,7082,1,1,0,0,1870.0,0,0,b,a,No_Promo2
102,2013-04-25,5545,1,1,1,0,150.0,0,0,a,a,"Mar,Jun,Sept,Dec"
105,2013-04-25,0,0,1,1,0,6190.0,0,0,a,c,"Mar,Jun,Sept,Dec"
10,2013-04-25,5291,1,1,0,0,3160.0,0,0,a,a,No_Promo2
57,2013-04-25,11038,1,1,0,0,420.0,0,0,d,c,No_Promo2
50,2013-04-25,3934,1,1,0,0,6260.0,0,0,d,a,No_Promo2
49,2013-04-25,5912,1,1,0,0,16160.0,0,0,d,c,No_Promo2
1086,2013-04-25,10602,1,1,1,0,180.0,0,0,a,a,"Feb,May,Aug,Nov"
1115,2013-04-25,4161,1,1,1,0,5350.0,0,0,d,c,"Mar,Jun,Sept,Dec"
85,2013-04-26,6431,1,1,0,0,1870.0,0,0,b,a,No_Promo2
71,2013-04-26,8846,1,1,1,0,16160.0,0,0,a,a,"Mar,Jun,Sept,Dec"
102,2013-04-26,5919,1,1,1,0,150.0,0,0,a,a,"Mar,Jun,Sept,Dec"
105,2013-04-26,0,0,1,1,0,6190.0,0,0,a,c,"Mar,Jun,Sept,Dec"
10,2013-04-26,4844,1,1,0,0,3160.0,0,0,a,a,No_Promo2
57,2013-04-26,11608,1,1,0,0,420.0,0,0,d,c,No_Promo2
50,2013-04-26,4491,1,1,0,0,6260.0,0,0,d,a,No_Promo2
49,2013-04-26,7097,1,1,0,0,16160.0,0,0,d,c,No_Promo2
1086,2013-04-26,9912,1,1,1,0,180.0,0,0,a,a,"Feb,May,Aug,Nov"
1115,2013-04-26,5688,1,1,1,0,5350.0,0,0,d,c,"Mar,Jun,Sept,Dec"
85,2013-04-27,4875,1,0,0,0,1870.0,0,0,b,a,No_Promo2
71,2013-04-27,6316,1,0,1,0,16160.0,0,0,a,a,"Mar,Jun,Sept,Dec"
102,2013-04-27,5987,1,0,1,0,150.0,0,0,a,a,"Mar,Jun,Sept,Dec"
105,2013-04-27,0,0,0,1,0,6190.0,0,0,a,c,"Mar,Jun,Sept,Dec"
10,2013-04-27,4074,1,0,0,0,3160.0,0,0,a,a,No_Promo2
57,2013-04-27,7287,1,0,0,0,420.0,0,0,d,c,No_Promo2
50,2013-04-27,4594,1,0,0,0,6260.0,0,0,d,a,No_Promo2
49,2013-04-27,7030,1,0,0,0,16160.0,0,0,d,c,No_Promo2
1086,2013-04-27,6266,1,0,1,0,180.0,0,0,a,a,"Feb,May,Aug,Nov"
1115,2013-04-27,6000,1,0,1,0,5350.0,0,0,d,c,"Mar,Jun,Sept,Dec"
85,2013-04-28,11625,1,0,0,0,1870.0,0,0,b,a,No_Promo2
71,2013-04-28,0,0,0,1,0,16160.0,0,0,a,a,"Mar,Jun,Sept,Dec"
102,2013-04-28,0,0,0,1,0,150.0,0,0,a,a,"Mar,Jun,Sept,Dec"
105,2013-04-28,0,0,0,1,0,6190.0,0,0,a,c,"Mar,Jun,Sept,Dec"
10,2013-04-28,0,0,0,0,0,3160.0,0,0,a,a,No_Promo2
57,2013-04-28,0,0,0,0,0,420.0,0,0,d,c,No_Promo2
50,2013-04-28,0,0,0,0,0,6260.0,0,0,d,a,No_Promo2
49,2013-04-28,0,0,0,0,0,16160.0,0,0,d,c,No_Promo2
1115,2013-04-28,0,0,0,1,0,5350.0,0,0,d,c,"Mar,Jun,Sept,Dec"
1086,2013-04-28,0,0,0,1,0,180.0,0,0,a,a,"Feb,May,Aug,Nov"
85,2013-04-29,8667,1,1,0,0,1870.0,0,0,b,a,No_Promo2
71,2013-04-29,12662,1,1,1,0,16160.0,0,0,a,a,"Mar,Jun,Sept,Dec"
102,2013-04-29,9816,1,1,1,0,150.0,0,0,a,a,"Mar,Jun,Sept,Dec"
105,2013-04-29,22125,1,1,1,0,6190.0,0,0,a,c,"Mar,Jun,Sept,Dec"
10,2013-04-29,7284,1,1,0,0,3160.0,0,0,a,a,No_Promo2
57,2013-04-29,15658,1,1,0,0,420.0,0,0,d,c,No_Promo2
50,2013-04-29,5500,1,1,0,0,6260.0,0,0,d,a,No_Promo2
49,2013-04-29,8794,1,1,0,0,16160.0,0,0,d,c,No_Promo2
1086,2013-04-29,15028,1,1,1,0,180.0,0,0,a,a,"Feb,May,Aug,Nov"
1115,2013-04-29,7110,1,1,1,0,5350.0,0,0,d,c,"Mar,Jun,Sept,Dec"
85,2013-04-30,8923,1,1,0,0,1870.0,0,0,b,a,No_Promo2
71,2013-04-30,11346,1,1,1,0,16160.0,0,0,a,a,"Mar,Jun,Sept,Dec"
102,2013-04-30,11622,1,1,1,0,150.0,0,0,a,a,"Mar,Jun,Sept,Dec"
105,2013-04-30,15269,1,1,1,0,6190.0,0,0,a,c,"Mar,Jun,Sept,Dec"
10,2013-04-30,7468,1,1,0,0,3160.0,0,0,a,a,No_Promo2
57,2013-04-30,16110,1,1,0,0,420.0,0,0,d,c,No_Promo2
50,2013-04-30,5658,1,1,0,0,6260.0,0,0,d,a,No_Promo2
49,2013-04-30,9376,1,1,0,0,16160.0,0,0,d,c,No_Promo2
1086,2013-04-30,15219,1,1,1,0,180.0,0,0,a,a,"Feb,May,Aug,Nov"
1115,2013-04-30,6823,1,1,1,0,5350.0,0,0,d,c,"Mar,Jun,Sept,Dec"
85,2013-05-01,11035,1,1,0,0,1870.0,0,a,b,a,No_Promo2
71,2013-05-01,0,0,1,1,0,16160.0,0,a,a,a,"Mar,Jun,Sept,Dec"
102,2013-05-01,0,0,1,1,0,150.0,0,a,a,a,"Mar,Jun,Sept,Dec"
105,2013-05-01,0,0,1,1,0,6190.0,0,a,a,c,"Mar,Jun,Sept,Dec"
10,2013-05-01,0,0,1,0,0,3160.0,0,a,a,a,No_Promo2
57,2013-05-01,0,0,1,0,0,420.0,0,a,d,c,No_Promo2
50,2013-05-01,0,0,1,0,0,6260.0,0,a,d,a,No_Promo2
49,2013-05-01,0,0,1,0,0,16160.0,0,a,d,c,No_Promo2
1115,2013-05-01,0,0,1,1,0,5350.0,0,a,d,c,"Mar,Jun,Sept,Dec"
1086,2013-05-01,0,0,1,1,0,180.0,0,a,a,a,"Feb,May,Aug,Nov"
85,2013-05-02,7578,1,1,0,0,1870.0,0,0,b,a,No_Promo2
71,2013-05-02,12015,1,1,1,0,16160.0,0,0,a,a,"Mar,Jun,Sept,Dec"
102,2013-05-02,9736,1,1,1,0,150.0,0,0,a,a,"Mar,Jun,Sept,Dec"
105,2013-05-02,11413,1,1,1,0,6190.0,0,0,a,c,"Mar,Jun,Sept,Dec"
10,2013-05-02,6959,1,1,0,0,3160.0,0,0,a,a,No_Promo2
57,2013-05-02,14821,1,1,0,0,420.0,0,0,d,c,No_Promo2
50,2013-05-02,4856,1,1,0,0,6260.0,0,0,d,a,No_Promo2
49,2013-05-02,8031,1,1,0,0,16160.0,0,0,d,c,No_Promo2
1115,2013-05-02,7069,1,1,1,0,5350.0,0,0,d,c,"Mar,Jun,Sept,Dec"
1086,2013-05-02,12334,1,1,1,0,180.0,0,0,a,a,"Feb,May,Aug,Nov"
85,2013-05-03,7118,1,1,0,0,1870.0,0,0,b,a,No_Promo2
71,2013-05-03,10253,1,1,1,0,16160.0,0,0,a,a,"Mar,Jun,Sept,Dec"
102,2013-05-03,8041,1,1,1,0,150.0,0,0,a,a,"Mar,Jun,Sept,Dec"
105,2013-05-03,11473,1,1,1,0,6190.0,0,0,a,c,"Mar,Jun,Sept,Dec"
10,2013-05-03,6119,1,1,0,0,3160.0,0,0,a,a,No_Promo2
57,2013-05-03,12535,1,1,0,0,420.0,0,0,d,c,No_Promo2
50,2013-05-03,5092,1,1,0,0,6260.0,0,0,d,a,No_Promo2
49,2013-05-03,8022,1,1,0,0,16160.0,0,0,d,c,No_Promo2
1115,2013-05-03,6524,1,1,1,0,5350.0,0,0,d,c,"Mar,Jun,Sept,Dec"
1086,2013-05-03,11198,1,1,1,0,180.0,0,0,a,a,"Feb,May,Aug,Nov"
85,2013-05-04,5849,1,0,0,0,1870.0,0,0,b,a,No_Promo2
71,2013-05-04,6888,1,0,1,0,16160.0,0,0,a,a,"Mar,Jun,Sept,Dec"
102,2013-05-04,6084,1,0,1,0,150.0,0,0,a,a,"Mar,Jun,Sept,Dec"
105,2013-05-04,6083,1,0,1,0,6190.0,0,0,a,c,"Mar,Jun,Sept,Dec"
10,2013-05-04,5392,1,0,0,0,3160.0,0,0,a,a,No_Promo2
57,2013-05-04,7834,1,0,0,0,420.0,0,0,d,c,No_Promo2
50,2013-05-04,4074,1,0,0,0,6260.0,0,0,d,a,No_Promo2
49,2013-05-04,7578,1,0,0,0,16160.0,0,0,d,c,No_Promo2
1086,2013-05-04,6484,1,0,1,0,180.0,0,0,a,a,"Feb,May,Aug,Nov"
1115,2013-05-04,6453,1,0,1,0,5350.0,0,0,d,c,"Mar,Jun,Sept,Dec"
85,2013-05-05,7796,1,0,0,0,1870.0,0,0,b,a,No_Promo2
71,2013-05-05,0,0,0,1,0,16160.0,0,0,a,a,"Mar,Jun,Sept,Dec"
102,2013-05-05,0,0,0,1,0,150.0,0,0,a,a,"Mar,Jun,Sept,Dec"
105,2013-05-05,0,0,0,1,0,6190.0,0,0,a,c,"Mar,Jun,Sept,Dec"
10,2013-05-05,0,0,0,0,0,3160.0,0,0,a,a,No_Promo2
57,2013-05-05,0,0,0,0,0,420.0,0,0,d,c,No_Promo2
50,2013-05-05,0,0,0,0,0,6260.0,0,0,d,a,No_Promo2
49,2013-05-05,0,0,0,0,0,16160.0,0,0,d,c,No_Promo2
1115,2013-05-05,0,0,0,1,0,5350.0,0,0,d,c,"Mar,Jun,Sept,Dec"
1086,2013-05-05,0,0,0,1,0,180.0,0,0,a,a,"Feb,May,Aug,Nov"
85,2013-05-06,5864,1,0,0,0,1870.0,0,0,b,a,No_Promo2
71,2013-05-06,7610,1,0,1,0,16160.0,0,0,a,a,"Mar,Jun,Sept,Dec"
102,2013-05-06,5540,1,0,1,0,150.0,0,0,a,a,"Mar,Jun,Sept,Dec"
105,2013-05-06,4068,1,0,1,0,6190.0,0,0,a,c,"Mar,Jun,Sept,Dec"
10,2013-05-06,5579,1,0,0,0,3160.0,0,0,a,a,No_Promo2
57,2013-05-06,10369,1,0,0,0,420.0,0,0,d,c,No_Promo2
50,2013-05-06,3740,1,0,0,0,6260.0,0,0,d,a,No_Promo2
49,2013-05-06,5461,1,0,0,0,16160.0,0,0,d,c,No_Promo2
1115,2013-05-06,3945,1,0,1,0,5350.0,0,0,d,c,"Mar,Jun,Sept,Dec"
1086,2013-05-06,8936,1,0,1,0,180.0,0,0,a,a,"Feb,May,Aug,Nov"
85,2013-05-07,6106,1,0,0,0,1870.0,0,0,b,a,No_Promo2
71,2013-05-07,8291,1,0,1,0,16160.0,0,0,a,a,"Mar,Jun,Sept,Dec"
102,2013-05-07,5143,1,0,1,0,150.0,0,0,a,a,"Mar,Jun,Sept,Dec"
105,2013-05-07,3534,1,0,1,0,6190.0,0,0,a,c,"Mar,Jun,Sept,Dec"
10,2013-05-07,5250,1,0,0,0,3160.0,0,0,a,a,No_Promo2
57,2013-05-07,10566,1,0,0,0,420.0,0,0,d,c,No_Promo2
50,2013-05-07,3617,1,0,0,0,6260.0,0,0,d,a,No_Promo2
49,2013-05-07,6501,1,0,0,0,16160.0,0,0,d,c,No_Promo2
1115,2013-05-07,4155,1,0,1,0,5350.0,0,0,d,c,"Mar,Jun,Sept,Dec"
1086,2013-05-07,8489,1,0,1,0,180.0,0,0,a,a,"Feb,May,Aug,Nov"
85,2013-05-08,6684,1,0,0,0,1870.0,0,0,b,a,No_Promo2
71,2013-05-08,8868,1,0,1,0,16160.0,0,0,a,a,"Mar,Jun,Sept,Dec"
102,2013-05-08,6661,1,0,1,0,150.0,0,0,a,a,"Mar,Jun,Sept,Dec"
105,2013-05-08,4518,1,0,1,0,6190.0,0,0,a,c,"Mar,Jun,Sept,Dec"
10,2013-05-08,5469,1,0,0,0,3160.0,0,0,a,a,No_Promo2
57,2013-05-08,10980,1,0,0,0,420.0,0,0,d,c,No_Promo2
50,2013-05-08,3985,1,0,0,0,6260.0,0,0,d,a,No_Promo2
49,2013-05-08,7792,1,0,0,0,16160.0,0,0,d,c,No_Promo2
1115,2013-05-08,4883,1,0,1,0,5350.0,0,0,d,c,"Mar,Jun,Sept,Dec"
1086,2013-05-08,9910,1,0,1,0,180.0,0,0,a,a,"Feb,May,Aug,Nov"
85,2013-05-09,11502,1,0,0,0,1870.0,0,a,b,a,No_Promo2
71,2013-05-09,0,0,0,1,0,16160.0,0,a,a,a,"Mar,Jun,Sept,Dec"
102,2013-05-09,0,0,0,1,0,150.0,0,a,a,a,"Mar,Jun,Sept,Dec"
105,2013-05-09,0,0,0,1,0,6190.0,0,a,a,c,"Mar,Jun,Sept,Dec"
10,2013-05-09,0,0,0,0,0,3160.0,0,a,a,a,No_Promo2
57,2013-05-09,0,0,0,0,0,420.0,0,a,d,c,No_Promo2
50,2013-05-09,0,0,0,0,0,6260.0,0,a,d,a,No_Promo2
49,2013-05-09,0,0,0,0,0,16160.0,0,a,d,c,No_Promo2
1115,2013-05-09,0,0,0,1,0,5350.0,0,a,d,c,"Mar,Jun,Sept,Dec"
1086,2013-05-09,0,0,0,1,0,180.0,0,a,a,a,"Feb,May,Aug,Nov"
85,2013-05-10,6306,1,0,0,1,1870.0,0,0,b,a,No_Promo2
71,2013-05-10,10754,1,0,1,0,16160.0,0,0,a,a,"Mar,Jun,Sept,Dec"
102,2013-05-10,9650,1,0,1,0,150.0,0,0,a,a,"Mar,Jun,Sept,Dec"
105,2013-05-10,4675,1,0,1,0,6190.0,0,0,a,c,"Mar,Jun,Sept,Dec"
10,2013-05-10,5945,1,0,0,1,3160.0,0,0,a,a,No_Promo2
57,2013-05-10,13003,1,0,0,1,420.0,0,0,d,c,No_Promo2
50,2013-05-10,4724,1,0,0,0,6260.0,0,0,d,a,No_Promo2
49,2013-05-10,8172,1,0,0,0,16160.0,0,0,d,c,No_Promo2
1115,2013-05-10,5597,1,0,1,0,5350.0,0,0,d,c,"Mar,Jun,Sept,Dec"
1086,2013-05-10,11423,1,0,1,0,180.0,0,0,a,a,"Feb,May,Aug,Nov"
71,2013-05-11,7741,1,0,1,0,16160.0,0,0,a,a,"Mar,Jun,Sept,Dec"
85,2013-05-11,5950,1,0,0,0,1870.0,0,0,b,a,No_Promo2
102,2013-05-11,6525,1,0,1,0,150.0,0,0,a,a,"Mar,Jun,Sept,Dec"
105,2013-05-11,2817,1,0,1,0,6190.0,0,0,a,c,"Mar,Jun,Sept,Dec"
10,2013-05-11,4506,1,0,0,0,3160.0,0,0,a,a,No_Promo2
57,2013-05-11,8388,1,0,0,0,420.0,0,0,d,c,No_Promo2
50,2013-05-11,4043,1,0,0,0,6260.0,0,0,d,a,No_Promo2
49,2013-05-11,6886,1,0,0,0,16160.0,0,0,d,c,No_Promo2
1115,2013-05-11,5970,1,0,1,0,5350.0,0,0,d,c,"Mar,Jun,Sept,Dec"
1086,2013-05-11,7593,1,0,1,0,180.0,0,0,a,a,"Feb,May,Aug,Nov"
85,2013-05-12,11219,1,0,0,0,1870.0,0,0,b,a,No_Promo2
71,2013-05-12,0,0,0,1,0,16160.0,0,0,a,a,"Mar,Jun,Sept,Dec"
102,2013-05-12,0,0,0,1,0,150.0,0,0,a,a,"Mar,Jun,Sept,Dec"
105,2013-05-12,0,0,0,1,0,6190.0,0,0,a,c,"Mar,Jun,Sept,Dec"
10,2013-05-12,0,0,0,0,0,3160.0,0,0,a,a,No_Promo2
57,2013-05-12,0,0,0,0,0,420.0,0,0,d,c,No_Promo2
50,2013-05-12,0,0,0,0,0,6260.0,0,0,d,a,No_Promo2
49,2013-05-12,0,0,0,0,0,16160.0,0,0,d,c,No_Promo2
1086,2013-05-12,0,0,0,1,0,180.0,0,0,a,a,"Feb,May,Aug,Nov"
1115,2013-05-12,0,0,0,1,0,5350.0,0,0,d,c,"Mar,Jun,Sept,Dec"
85,2013-05-13,8478,1,1,0,0,1870.0,0,0,b,a,No_Promo2
71,2013-05-13,12303,1,1,1,0,16160.0,0,0,a,a,"Mar,Jun,Sept,Dec"
102,2013-05-13,10354,1,1,1,0,150.0,0,0,a,a,"Mar,Jun,Sept,Dec"
105,2013-05-13,5171,1,1,1,0,6190.0,0,0,a,c,"Mar,Jun,Sept,Dec"
10,2013-05-13,6948,1,1,0,0,3160.0,0,0,a,a,No_Promo2
57,2013-05-13,16326,1,1,0,0,420.0,0,0,d,c,No_Promo2
50,2013-05-13,4793,1,1,0,0,6260.0,0,0,d,a,No_Promo2
49,2013-05-13,7942,1,1,0,0,16160.0,0,0,d,c,No_Promo2
1115,2013-05-13,5989,1,1,1,0,5350.0,0,0,d,c,"Mar,Jun,Sept,Dec"
1086,2013-05-13,15818,1,1,1,0,180.0,0,0,a,a,"Feb,May,Aug,Nov"
102,2013-05-14,8799,1,1,1,0,150.0,0,0,a,a,"Mar,Jun,Sept,Dec"
85,2013-05-14,7241,1,1,0,0,1870.0,0,0,b,a,No_Promo2
71,2013-05-14,10767,1,1,1,0,16160.0,0,0,a,a,"Mar,Jun,Sept,Dec"
105,2013-05-14,4596,1,1,1,0,6190.0,0,0,a,c,"Mar,Jun,Sept,Dec"
10,2013-05-14,6194,1,1,0,0,3160.0,0,0,a,a,No_Promo2
57,2013-05-14,13810,1,1,0,0,420.0,0,0,d,c,No_Promo2
49,2013-05-14,7394,1,1,0,0,16160.0,0,0,d,c,No_Promo2
50,2013-05-14,4574,1,1,0,0,6260.0,0,0,d,a,No_Promo2
1086,2013-05-14,12027,1,1,1,0,180.0,0,0,a,a,"Feb,May,Aug,Nov"
1115,2013-05-14,5262,1,1,1,0,5350.0,0,0,d,c,"Mar,Jun,Sept,Dec"
71,2013-05-15,9081,1,1,1,0,16160.0,0,0,a,a,"Mar,Jun,Sept,Dec"
85,2013-05-15,7518,1,1,0,0,1870.0,0,0,b,a,No_Promo2
102,2013-05-15,7635,1,1,1,0,150.0,0,0,a,a,"Mar,Jun,Sept,Dec"
105,2013-05-15,4189,1,1,1,0,6190.0,0,0,a,c,"Mar,Jun,Sept,Dec"
10,2013-05-15,5275,1,1,0,0,3160.0,0,0,a,a,No_Promo2
57,2013-05-15,13273,1,1,0,0,420.0,0,0,d,c,No_Promo2
50,2013-05-15,4273,1,1,0,0,6260.0,0,0,d,a,No_Promo2
49,2013-05-15,7310,1,1,0,0,16160.0,0,0,d,c,No_Promo2
1086,2013-05-15,10937,1,1,1,0,180.0,0,0,a,a,"Feb,May,Aug,Nov"
1115,2013-05-15,4999,1,1,1,0,5350.0,0,0,d,c,"Mar,Jun,Sept,Dec"
85,2013-05-16,6641,1,1,0,0,1870.0,0,0,b,a,No_Promo2
71,2013-05-16,9361,1,1,1,0,16160.0,0,0,a,a,"Mar,Jun,Sept,Dec"
102,2013-05-16,7416,1,1,1,0,150.0,0,0,a,a,"Mar,Jun,Sept,Dec"
105,2013-05-16,4359,1,1,1,0,6190.0,0,0,a,c,"Mar,Jun,Sept,Dec"
10,2013-05-16,5810,1,1,0,0,3160.0,0,0,a,a,No_Promo2
57,2013-05-16,11547,1,1,0,0,420.0,0,0,d,c,No_Promo2
50,2013-05-16,4557,1,1,0,0,6260.0,0,0,d,a,No_Promo2
49,2013-05-16,7679,1,1,0,0,16160.0,0,0,d,c,No_Promo2
1086,2013-05-16,10670,1,1,1,0,180.0,0,0,a,a,"Feb,May,Aug,Nov"
1115,2013-05-16,4886,1,1,1,0,5350.0,0,0,d,c,"Mar,Jun,Sept,Dec"
71,2013-05-17,9987,1,1,1,0,16160.0,0,0,a,a,"Mar,Jun,Sept,Dec"
85,2013-05-17,6717,1,1,0,0,1870.0,0,0,b,a,No_Promo2
102,2013-05-17,6907,1,1,1,0,150.0,0,0,a,a,"Mar,Jun,Sept,Dec"
105,2013-05-17,3920,1,1,1,0,6190.0,0,0,a,c,"Mar,Jun,Sept,Dec"
10,2013-05-17,6042,1,1,0,0,3160.0,0,0,a,a,No_Promo2
57,2013-05-17,12084,1,1,0,0,420.0,0,0,d,c,No_Promo2
50,2013-05-17,4547,1,1,0,0,6260.0,0,0,d,a,No_Promo2
49,2013-05-17,8227,1,1,0,0,16160.0,0,0,d,c,No_Promo2
1115,2013-05-17,6447,1,1,1,0,5350.0,0,0,d,c,"Mar,Jun,Sept,Dec"
1086,2013-05-17,10193,1,1,1,0,180.0,0,0,a,a,"Feb,May,Aug,Nov"
85,2013-05-18,6214,1,0,0,0,1870.0,0,0,b,a,No_Promo2
71,2013-05-18,6722,1,0,1,0,16160.0,0,0,a,a,"Mar,Jun,Sept,Dec"
102,2013-05-18,5516,1,0,1,0,150.0,0,0,a,a,"Mar,Jun,Sept,Dec"
105,2013-05-18,2605,1,0,1,0,6190.0,0,0,a,c,"Mar,Jun,Sept,Dec"
10,2013-05-18,4216,1,0,0,0,3160.0,0,0,a,a,No_Promo2
57,2013-05-18,7910,1,0,0,0,420.0,0,0,d,c,No_Promo2
50,2013-05-18,3899,1,0,0,0,6260.0,0,0,d,a,No_Promo2
49,2013-05-18,6612,1,0,0,0,16160.0,0,0,d,c,No_Promo2
1086,2013-05-18,6924,1,0,1,0,180.0,0,0,a,a,"Feb,May,Aug,Nov"
1115,2013-05-18,5296,1,0,1,0,5350.0,0,0,d,c,"Mar,Jun,Sept,Dec"
85,2013-05-19,11092,1,0,0,0,1870.0,0,0,b,a,No_Promo2
71,2013-05-19,0,0,0,1,0,16160.0,0,0,a,a,"Mar,Jun,Sept,Dec"
102,2013-05-19,0,0,0,1,0,150.0,0,0,a,a,"Mar,Jun,Sept,Dec"
105,2013-05-19,0,0,0,1,0,6190.0,0,0,a,c,"Mar,Jun,Sept,Dec"
10,2013-05-19,0,0,0,0,0,3160.0,0,0,a,a,No_Promo2
57,2013-05-19,0,0,0,0,0,420.0,0,0,d,c,No_Promo2
50,2013-05-19,0,0,0,0,0,6260.0,0,0,d,a,No_Promo2
49,2013-05-19,0,0,0,0,0,16160.0,0,0,d,c,No_Promo2
1086,2013-05-19,0,0,0,1,0,180.0,0,0,a,a,"Feb,May,Aug,Nov"
1115,2013-05-19,0,0,0,1,0,5350.0,0,0,d,c,"Mar,Jun,Sept,Dec"
85,2013-05-20,13493,1,0,0,0,1870.0,0,a,b,a,No_Promo2
71,2013-05-20,0,0,0,1,0,16160.0,0,a,a,a,"Mar,Jun,Sept,Dec"
102,2013-05-20,0,0,0,1,0,150.0,0,a,a,a,"Mar,Jun,Sept,Dec"
105,2013-05-20,0,0,0,1,0,6190.0,0,a,a,c,"Mar,Jun,Sept,Dec"
10,2013-05-20,0,0,0,0,0,3160.0,0,a,a,a,No_Promo2
57,2013-05-20,0,0,0,0,1,420.0,0,a,d,c,No_Promo2
50,2013-05-20,0,0,0,0,0,6260.0,0,a,d,a,No_Promo2
49,2013-05-20,0,0,0,0,0,16160.0,0,a,d,c,No_Promo2
1115,2013-05-20,0,0,0,1,0,5350.0,0,a,d,c,"Mar,Jun,Sept,Dec"
1086,2013-05-20,0,0,0,1,0,180.0,0,a,a,a,"Feb,May,Aug,Nov"
85,2013-05-21,6595,1,0,0,1,1870.0,0,0,b,a,No_Promo2
71,2013-05-21,8274,1,0,1,1,16160.0,0,0,a,a,"Mar,Jun,Sept,Dec"
102,2013-05-21,5452,1,0,1,1,150.0,0,0,a,a,"Mar,Jun,Sept,Dec"
105,2013-05-21,3844,1,0,1,1,6190.0,0,0,a,c,"Mar,Jun,Sept,Dec"
10,2013-05-21,4846,1,0,0,1,3160.0,0,0,a,a,No_Promo2
57,2013-05-21,10910,1,0,0,1,420.0,0,0,d,c,No_Promo2
50,2013-05-21,3595,1,0,0,0,6260.0,0,0,d,a,No_Promo2
49,2013-05-21,6520,1,0,0,1,16160.0,0,0,d,c,No_Promo2
1115,2013-05-21,4928,1,0,1,0,5350.0,0,0,d,c,"Mar,Jun,Sept,Dec"
1086,2013-05-21,8647,1,0,1,0,180.0,0,0,a,a,"Feb,May,Aug,Nov"
85,2013-05-22,6162,1,0,0,0,1870.0,0,0,b,a,No_Promo2
71,2013-05-22,6717,1,0,1,0,16160.0,0,0,a,a,"Mar,Jun,Sept,Dec"
102,2013-05-22,4928,1,0,1,0,150.0,0,0,a,a,"Mar,Jun,Sept,Dec"
105,2013-05-22,2612,1,0,1,1,6190.0,0,0,a,c,"Mar,Jun,Sept,Dec"
10,2013-05-22,5030,1,0,0,0,3160.0,0,0,a,a,No_Promo2
57,2013-05-22,7971,1,0,0,1,420.0,0,0,d,c,No_Promo2
50,2013-05-22,3062,1,0,0,0,6260.0,0,0,d,a,No_Promo2
49,2013-05-22,5784,1,0,0,1,16160.0,0,0,d,c,No_Promo2
1115,2013-05-22,4087,1,0,1,0,5350.0,0,0,d,c,"Mar,Jun,Sept,Dec"
1086,2013-05-22,9398,1,0,1,0,180.0,0,0,a,a,"Feb,May,Aug,Nov"
85,2013-05-23,5538,1,0,0,0,1870.0,0,0,b,a,No_Promo2
71,2013-05-23,6318,1,0,1,0,16160.0,0,0,a,a,"Mar,Jun,Sept,Dec"
102,2013-05-23,3517,1,0,1,0,150.0,0,0,a,a,"Mar,Jun,Sept,Dec"
105,2013-05-23,2725,1,0,1,1,6190.0,0,0,a,c,"Mar,Jun,Sept,Dec"
10,2013-05-23,3686,1,0,0,0,3160.0,0,0,a,a,No_Promo2
57,2013-05-23,9842,1,0,0,0,420.0,0,0,d,c,No_Promo2
50,2013-05-23,2886,1,0,0,0,6260.0,0,0,d,a,No_Promo2
49,2013-05-23,5423,1,0,0,1,16160.0,0,0,d,c,No_Promo2
1115,2013-05-23,3668,1,0,1,0,5350.0,0,0,d,c,"Mar,Jun,Sept,Dec"
1086,2013-05-23,7687,1,0,1,0,180.0,0,0,a,a,"Feb,May,Aug,Nov"
85,2013-05-24,6020,1,0,0,0,1870.0,0,0,b,a,No_Promo2
71,2013-05-24,8944,1,0,1,0,16160.0,0,0,a,a,"Mar,Jun,Sept,Dec"
102,2013-05-24,5032,1,0,1,0,150.0,0,0,a,a,"Mar,Jun,Sept,Dec"
105,2013-05-24,2877,1,0,1,1,6190.0,0,0,a,c,"Mar,Jun,Sept,Dec"
10,2013-05-24,5093,1,0,0,0,3160.0,0,0,a,a,No_Promo2
57,2013-05-24,10000,1,0,0,0,420.0,0,0,d,c,No_Promo2
50,2013-05-24,3064,1,0,0,0,6260.0,0,0,d,a,No_Promo2
49,2013-05-24,5274,1,0,0,1,16160.0,0,0,d,c,No_Promo2
1115,2013-05-24,4378,1,0,1,0,5350.0,0,0,d,c,"Mar,Jun,Sept,Dec"
1086,2013-05-24,7462,1,0,1,0,180.0,0,0,a,a,"Feb,May,Aug,Nov"
71,2013-05-25,6561,1,0,1,0,16160.0,0,0,a,a,"Mar,Jun,Sept,Dec"
85,2013-05-25,6197,1,0,0,0,1870.0,0,0,b,a,No_Promo2
102,2013-05-25,5105,1,0,1,0,150.0,0,0,a,a,"Mar,Jun,Sept,Dec"
105,2013-05-25,2409,1,0,1,0,6190.0,0,0,a,c,"Mar,Jun,Sept,Dec"
10,2013-05-25,4677,1,0,0,0,3160.0,0,0,a,a,No_Promo2
57,2013-05-25,7918,1,0,0,0,420.0,0,0,d,c,No_Promo2
50,2013-05-25,3638,1,0,0,0,6260.0,0,0,d,a,No_Promo2
49,2013-05-25,5839,1,0,0,0,16160.0,0,0,d,c,No_Promo2
1115,2013-05-25,5241,1,0,1,0,5350.0,0,0,d,c,"Mar,Jun,Sept,Dec"
1086,2013-05-25,5603,1,0,1,0,180.0,0,0,a,a,"Feb,May,Aug,Nov"
85,2013-05-26,12705,1,0,0,0,1870.0,0,0,b,a,No_Promo2
71,2013-05-26,0,0,0,1,0,16160.0,0,0,a,a,"Mar,Jun,Sept,Dec"
102,2013-05-26,0,0,0,1,0,150.0,0,0,a,a,"Mar,Jun,Sept,Dec"
105,2013-05-26,0,0,0,1,0,6190.0,0,0,a,c,"Mar,Jun,Sept,Dec"
10,2013-05-26,0,0,0,0,0,3160.0,0,0,a,a,No_Promo2
57,2013-05-26,0,0,0,0,0,420.0,0,0,d,c,No_Promo2
50,2013-05-26,0,0,0,0,0,6260.0,0,0,d,a,No_Promo2
49,2013-05-26,0,0,0,0,0,16160.0,0,0,d,c,No_Promo2
1086,2013-05-26,0,0,0,1,0,180.0,0,0,a,a,"Feb,May,Aug,Nov"
1115,2013-05-26,0,0,0,1,0,5350.0,0,0,d,c,"Mar,Jun,Sept,Dec"
85,2013-05-27,8611,1,1,0,0,1870.0,0,0,b,a,No_Promo2
71,2013-05-27,13739,1,1,1,0,16160.0,0,0,a,a,"Mar,Jun,Sept,Dec"
102,2013-05-27,9684,1,1,1,0,150.0,0,0,a,a,"Mar,Jun,Sept,Dec"
105,2013-05-27,4640,1,1,1,1,6190.0,0,0,a,c,"Mar,Jun,Sept,Dec"
10,2013-05-27,5889,1,1,0,0,3160.0,0,0,a,a,No_Promo2
57,2013-05-27,15577,1,1,0,0,420.0,0,0,d,c,No_Promo2
50,2013-05-27,5980,1,1,0,0,6260.0,0,0,d,a,No_Promo2
49,2013-05-27,8709,1,1,0,1,16160.0,0,0,d,c,No_Promo2
1115,2013-05-27,7647,1,1,1,0,5350.0,0,0,d,c,"Mar,Jun,Sept,Dec"
1086,2013-05-27,13468,1,1,1,0,180.0,0,0,a,a,"Feb,May,Aug,Nov"
85,2013-05-28,7450,1,1,0,0,1870.0,0,0,b,a,No_Promo2
71,2013-05-28,10106,1,1,1,0,16160.0,0,0,a,a,"Mar,Jun,Sept,Dec"
102,2013-05-28,8054,1,1,1,0,150.0,0,0,a,a,"Mar,Jun,Sept,Dec"
105,2013-05-28,3827,1,1,1,1,6190.0,0,0,a,c,"Mar,Jun,Sept,Dec"
10,2013-05-28,5303,1,1,0,0,3160.0,0,0,a,a,No_Promo2
57,2013-05-28,13781,1,1,0,0,420.0,0,0,d,c,No_Promo2
50,2013-05-28,4403,1,1,0,0,6260.0,0,0,d,a,No_Promo2
49,2013-05-28,5669,1,1,0,1,16160.0,0,0,d,c,No_Promo2
1115,2013-05-28,5787,1,1,1,0,5350.0,0,0,d,c,"Mar,Jun,Sept,Dec"
1086,2013-05-28,13588,1,1,1,0,180.0,0,0,a,a,"Feb,May,Aug,Nov"
85,2013-05-29,6591,1,1,0,0,1870.0,0,0,b,a,No_Promo2
71,2013-05-29,12361,1,1,1,0,16160.0,0,0,a,a,"Mar,Jun,Sept,Dec"
102,2013-05-29,7292,1,1,1,0,150.0,0,0,a,a,"Mar,Jun,Sept,Dec"
105,2013-05-29,3912,1,1,1,1,6190.0,0,0,a,c,"Mar,Jun,Sept,Dec"
10,2013-05-29,5275,1,1,0,0,3160.0,0,0,a,a,No_Promo2
57,2013-05-29,12261,1,1,0,0,420.0,0,0,d,c,No_Promo2
50,2013-05-29,6445,1,1,0,0,6260.0,0,0,d,a,No_Promo2
49,2013-05-29,8873,1,1,0,1,16160.0,0,0,d,c,No_Promo2
1115,2013-05-29,7601,1,1,1,0,5350.0,0,0,d,c,"Mar,Jun,Sept,Dec"
1086,2013-05-29,13488,1,1,1,0,180.0,0,0,a,a,"Feb,May,Aug,Nov"
85,2013-05-30,7108,1,1,0,0,1870.0,0,0,b,a,No_Promo2
71,2013-05-30,0,0,1,1,0,16160.0,0,a,a,a,"Mar,Jun,Sept,Dec"
102,2013-05-30,0,0,1,1,0,150.0,0,a,a,a,"Mar,Jun,Sept,Dec"
105,2013-05-30,0,0,1,1,1,6190.0,0,a,a,c,"Mar,Jun,Sept,Dec"
10,2013-05-30,5037,1,1,0,0,3160.0,0,0,a,a,No_Promo2
57,2013-05-30,13315,1,1,0,0,420.0,0,a,d,c,No_Promo2
50,2013-05-30,0,0,1,0,0,6260.0,0,a,d,a,No_Promo2
49,2013-05-30,0,0,1,0,1,16160.0,0,a,d,c,No_Promo2
1115,2013-05-30,0,0,1,1,0,5350.0,0,a,d,c,"Mar,Jun,Sept,Dec"
1086,2013-05-30,0,0,1,1,0,180.0,0,a,a,a,"Feb,May,Aug,Nov"
102,2013-05-31,17533,1,1,1,0,150.0,0,0,a,a,"Mar,Jun,Sept,Dec"
85,2013-05-31,8456,1,1,0,0,1870.0,0,0,b,a,No_Promo2
105,2013-05-31,4131,1,1,1,1,6190.0,0,0,a,c,"Mar,Jun,Sept,Dec"
71,2013-05-31,15040,1,1,1,0,16160.0,0,0,a,a,"Mar,Jun,Sept,Dec"
10,2013-05-31,6102,1,1,0,0,3160.0,0,0,a,a,No_Promo2
57,2013-05-31,15795,1,1,0,0,420.0,0,0,d,c,No_Promo2
49,2013-05-31,10348,1,1,0,1,16160.0,0,0,d,c,No_Promo2
50,2013-05-31,7617,1,1,0,0,6260.0,0,0,d,a,No_Promo2
1115,2013-05-31,10517,1,1,1,0,5350.0,0,0,d,c,"Mar,Jun,Sept,Dec"
1086,2013-05-31,14707,1,1,1,0,180.0,0,0,a,a,"Feb,May,Aug,Nov"
71,2013-06-01,7463,1,0,1,0,16160.0,0,0,a,a,"Mar,Jun,Sept,Dec"
85,2013-06-01,6182,1,0,0,0,1870.0,0,0,b,a,No_Promo2
102,2013-06-01,7130,1,0,1,0,150.0,0,0,a,a,"Mar,Jun,Sept,Dec"
105,2013-06-01,2936,1,0,1,0,6190.0,0,0,a,c,"Mar,Jun,Sept,Dec"
10,2013-06-01,4623,1,0,0,0,3160.0,0,0,a,a,No_Promo2
57,2013-06-01,10120,1,0,0,0,420.0,0,0,d,c,No_Promo2
50,2013-06-01,4555,1,0,0,0,6260.0,0,0,d,a,No_Promo2
49,2013-06-01,7056,1,0,0,0,16160.0,0,0,d,c,No_Promo2
1086,2013-06-01,6841,1,0,1,0,180.0,0,0,a,a,"Feb,May,Aug,Nov"
1115,2013-06-01,6996,1,0,1,0,5350.0,0,0,d,c,"Mar,Jun,Sept,Dec"
85,2013-06-02,13478,1,0,0,0,1870.0,0,0,b,a,No_Promo2
71,2013-06-02,0,0,0,1,0,16160.0,0,0,a,a,"Mar,Jun,Sept,Dec"
102,2013-06-02,0,0,0,1,0,150.0,0,0,a,a,"Mar,Jun,Sept,Dec"
105,2013-06-02,0,0,0,1,0,6190.0,0,0,a,c,"Mar,Jun,Sept,Dec"
10,2013-06-02,0,0,0,0,0,3160.0,0,0,a,a,No_Promo2
57,2013-06-02,0,0,0,0,0,420.0,0,0,d,c,No_Promo2
50,2013-06-02,0,0,0,0,0,6260.0,0,0,d,a,No_Promo2
49,2013-06-02,0,0,0,0,0,16160.0,0,0,d,c,No_Promo2
1086,2013-06-02,0,0,0,1,0,180.0,0,0,a,a,"Feb,May,Aug,Nov"
1115,2013-06-02,0,0,0,1,0,5350.0,0,0,d,c,"Mar,Jun,Sept,Dec"
71,2013-06-03,12533,1,1,1,0,16160.0,0,0,a,a,"Mar,Jun,Sept,Dec"
85,2013-06-03,8938,1,1,0,0,1870.0,0,0,b,a,No_Promo2
102,2013-06-03,11249,1,1,1,0,150.0,0,0,a,a,"Mar,Jun,Sept,Dec"
105,2013-06-03,6553,1,1,1,0,6190.0,0,0,a,c,"Mar,Jun,Sept,Dec"
10,2013-06-03,6538,1,1,0,0,3160.0,0,0,a,a,No_Promo2
57,2013-06-03,14566,1,1,0,0,420.0,0,0,d,c,No_Promo2
50,2013-06-03,6060,1,1,0,0,6260.0,0,0,d,a,No_Promo2
49,2013-06-03,9115,1,1,0,0,16160.0,0,0,d,c,No_Promo2
1115,2013-06-03,7212,1,1,1,0,5350.0,0,0,d,c,"Mar,Jun,Sept,Dec"
1086,2013-06-03,13745,1,1,1,0,180.0,0,0,a,a,"Feb,May,Aug,Nov"
85,2013-06-04,7130,1,1,0,0,1870.0,0,0,b,a,No_Promo2
71,2013-06-04,10527,1,1,1,0,16160.0,0,0,a,a,"Mar,Jun,Sept,Dec"
102,2013-06-04,9217,1,1,1,0,150.0,0,0,a,a,"Mar,Jun,Sept,Dec"
105,2013-06-04,4573,1,1,1,0,6190.0,0,0,a,c,"Mar,Jun,Sept,Dec"
10,2013-06-04,5906,1,1,0,0,3160.0,0,0,a,a,No_Promo2
57,2013-06-04,11916,1,1,0,0,420.0,0,0,d,c,No_Promo2
50,2013-06-04,4237,1,1,0,0,6260.0,0,0,d,a,No_Promo2
49,2013-06-04,6855,1,1,0,0,16160.0,0,0,d,c,No_Promo2
1115,2013-06-04,5687,1,1,1,0,5350.0,0,0,d,c,"Mar,Jun,Sept,Dec"
1086,2013-06-04,11781,1,1,1,0,180.0,0,0,a,a,"Feb,May,Aug,Nov"
85,2013-06-05,6302,1,1,0,0,1870.0,0,0,b,a,No_Promo2
71,2013-06-05,9145,1,1,1,0,16160.0,0,0,a,a,"Mar,Jun,Sept,Dec"
102,2013-06-05,7834,1,1,1,0,150.0,0,0,a,a,"Mar,Jun,Sept,Dec"
105,2013-06-05,4922,1,1,1,0,6190.0,0,0,a,c,"Mar,Jun,Sept,Dec"
10,2013-06-05,5440,1,1,0,0,3160.0,0,0,a,a,No_Promo2
57,2013-06-05,10959,1,1,0,0,420.0,0,0,d,c,No_Promo2
50,2013-06-05,4175,1,1,0,0,6260.0,0,0,d,a,No_Promo2
49,2013-06-05,6693,1,1,0,0,16160.0,0,0,d,c,No_Promo2
1086,2013-06-05,11517,1,1,1,0,180.0,0,0,a,a,"Feb,May,Aug,Nov"
1115,2013-06-05,5652,1,1,1,0,5350.0,0,0,d,c,"Mar,Jun,Sept,Dec"
85,2013-06-06,7179,1,1,0,0,1870.0,0,0,b,a,No_Promo2
71,2013-06-06,9788,1,1,1,0,16160.0,0,0,a,a,"Mar,Jun,Sept,Dec"
102,2013-06-06,6739,1,1,1,0,150.0,0,0,a,a,"Mar,Jun,Sept,Dec"
105,2013-06-06,4162,1,1,1,0,6190.0,0,0,a,c,"Mar,Jun,Sept,Dec"
10,2013-06-06,5958,1,1,0,0,3160.0,0,0,a,a,No_Promo2
57,2013-06-06,11119,1,1,0,0,420.0,0,0,d,c,No_Promo2
50,2013-06-06,4066,1,1,0,0,6260.0,0,0,d,a,No_Promo2
49,2013-06-06,6223,1,1,0,0,16160.0,0,0,d,c,No_Promo2
1086,2013-06-06,9902,1,1,1,0,180.0,0,0,a,a,"Feb,May,Aug,Nov"
1115,2013-06-06,5587,1,1,1,0,5350.0,0,0,d,c,"Mar,Jun,Sept,Dec"
71,2013-06-07,9790,1,1,1,0,16160.0,0,0,a,a,"Mar,Jun,Sept,Dec"
85,2013-06-07,6800,1,1,0,0,1870.0,0,0,b,a,No_Promo2
102,2013-06-07,7076,1,1,1,0,150.0,0,0,a,a,"Mar,Jun,Sept,Dec"
105,2013-06-07,4921,1,1,1,0,6190.0,0,0,a,c,"Mar,Jun,Sept,Dec"
10,2013-06-07,6488,1,1,0,0,3160.0,0,0,a,a,No_Promo2
57,2013-06-07,11820,1,1,0,0,420.0,0,0,d,c,No_Promo2
50,2013-06-07,4197,1,1,0,0,6260.0,0,0,d,a,No_Promo2
49,2013-06-07,7092,1,1,0,0,16160.0,0,0,d,c,No_Promo2
1115,2013-06-07,5944,1,1,1,0,5350.0,0,0,d,c,"Mar,Jun,Sept,Dec"
1086,2013-06-07,9722,1,1,1,0,180.0,0,0,a,a,"Feb,May,Aug,Nov"
71,2013-06-08,7744,1,0,1,0,16160.0,0,0,a,a,"Mar,Jun,Sept,Dec"
85,2013-06-08,5338,1,0,0,0,1870.0,0,0,b,a,No_Promo2
102,2013-06-08,4920,1,0,1,0,150.0,0,0,a,a,"Mar,Jun,Sept,Dec"
105,2013-06-08,2903,1,0,1,0,6190.0,0,0,a,c,"Mar,Jun,Sept,Dec"
10,2013-06-08,4943,1,0,0,0,3160.0,0,0,a,a,No_Promo2
57,2013-06-08,7211,1,0,0,0,420.0,0,0,d,c,No_Promo2
50,2013-06-08,3585,1,0,0,0,6260.0,0,0,d,a,No_Promo2
49,2013-06-08,6694,1,0,0,0,16160.0,0,0,d,c,No_Promo2
1115,2013-06-08,5486,1,0,1,0,5350.0,0,0,d,c,"Mar,Jun,Sept,Dec"
1086,2013-06-08,6481,1,0,1,0,180.0,0,0,a,a,"Feb,May,Aug,Nov"
85,2013-06-09,11667,1,0,0,0,1870.0,0,0,b,a,No_Promo2
71,2013-06-09,0,0,0,1,0,16160.0,0,0,a,a,"Mar,Jun,Sept,Dec"
102,2013-06-09,0,0,0,1,0,150.0,0,0,a,a,"Mar,Jun,Sept,Dec"
105,2013-06-09,0,0,0,1,0,6190.0,0,0,a,c,"Mar,Jun,Sept,Dec"
10,2013-06-09,0,0,0,0,0,3160.0,0,0,a,a,No_Promo2
57,2013-06-09,0,0,0,0,0,420.0,0,0,d,c,No_Promo2
50,2013-06-09,0,0,0,0,0,6260.0,0,0,d,a,No_Promo2
49,2013-06-09,0,0,0,0,0,16160.0,0,0,d,c,No_Promo2
1086,2013-06-09,0,0,0,1,0,180.0,0,0,a,a,"Feb,May,Aug,Nov"
1115,2013-06-09,0,0,0,1,0,5350.0,0,0,d,c,"Mar,Jun,Sept,Dec"
85,2013-06-10,5581,1,0,0,0,1870.0,0,0,b,a,No_Promo2
71,2013-06-10,7658,1,0,1,0,16160.0,0,0,a,a,"Mar,Jun,Sept,Dec"
102,2013-06-10,5537,1,0,1,0,150.0,0,0,a,a,"Mar,Jun,Sept,Dec"
105,2013-06-10,3628,1,0,1,0,6190.0,0,0,a,c,"Mar,Jun,Sept,Dec"
10,2013-06-10,5472,1,0,0,0,3160.0,0,0,a,a,No_Promo2
57,2013-06-10,9843,1,0,0,0,420.0,0,0,d,c,No_Promo2
50,2013-06-10,3600,1,0,0,0,6260.0,0,0,d,a,No_Promo2
49,2013-06-10,5569,1,0,0,0,16160.0,0,0,d,c,No_Promo2
1115,2013-06-10,4091,1,0,1,0,5350.0,0,0,d,c,"Mar,Jun,Sept,Dec"
1086,2013-06-10,8516,1,0,1,0,180.0,0,0,a,a,"Feb,May,Aug,Nov"
102,2013-06-11,4714,1,0,1,0,150.0,0,0,a,a,"Mar,Jun,Sept,Dec"
85,2013-06-11,5419,1,0,0,0,1870.0,0,0,b,a,No_Promo2
71,2013-06-11,7051,1,0,1,0,16160.0,0,0,a,a,"Mar,Jun,Sept,Dec"
105,2013-06-11,3487,1,0,1,0,6190.0,0,0,a,c,"Mar,Jun,Sept,Dec"
10,2013-06-11,4739,1,0,0,0,3160.0,0,0,a,a,No_Promo2
57,2013-06-11,9119,1,0,0,0,420.0,0,0,d,c,No_Promo2
49,2013-06-11,4251,1,0,0,0,16160.0,0,0,d,c,No_Promo2
50,2013-06-11,3109,1,0,0,0,6260.0,0,0,d,a,No_Promo2
1086,2013-06-11,7437,1,0,1,0,180.0,0,0,a,a,"Feb,May,Aug,Nov"
1115,2013-06-11,3764,1,0,1,0,5350.0,0,0,d,c,"Mar,Jun,Sept,Dec"
71,2013-06-12,6378,1,0,1,0,16160.0,0,0,a,a,"Mar,Jun,Sept,Dec"
85,2013-06-12,5423,1,0,0,0,1870.0,0,0,b,a,No_Promo2
102,2013-06-12,4547,1,0,1,0,150.0,0,0,a,a,"Mar,Jun,Sept,Dec"
105,2013-06-12,2904,1,0,1,0,6190.0,0,0,a,c,"Mar,Jun,Sept,Dec"
10,2013-06-12,4369,1,0,0,0,3160.0,0,0,a,a,No_Promo2
57,2013-06-12,8126,1,0,0,0,420.0,0,0,d,c,No_Promo2
50,2013-06-12,2901,1,0,0,0,6260.0,0,0,d,a,No_Promo2
49,2013-06-12,4892,1,0,0,0,16160.0,0,0,d,c,No_Promo2
1086,2013-06-12,7834,1,0,1,0,180.0,0,0,a,a,"Feb,May,Aug,Nov"
1115,2013-06-12,3847,1,0,1,0,5350.0,0,0,d,c,"Mar,Jun,Sept,Dec"
85,2013-06-13,5314,1,0,0,0,1870.0,0,0,b,a,No_Promo2
71,2013-06-13,6941,1,0,1,0,16160.0,0,0,a,a,"Mar,Jun,Sept,Dec"
102,2013-06-13,4512,1,0,1,0,150.0,0,0,a,a,"Mar,Jun,Sept,Dec"
105,2013-06-13,3599,1,0,1,0,6190.0,0,0,a,c,"Mar,Jun,Sept,Dec"
10,2013-06-13,4652,1,0,0,0,3160.0,0,0,a,a,No_Promo2
57,2013-06-13,9316,1,0,0,0,420.0,0,0,d,c,No_Promo2
50,2013-06-13,3416,1,0,0,0,6260.0,0,0,d,a,No_Promo2
49,2013-06-13,5228,1,0,0,0,16160.0,0,0,d,c,No_Promo2
1086,2013-06-13,7848,1,0,1,0,180.0,0,0,a,a,"Feb,May,Aug,Nov"
1115,2013-06-13,3785,1,0,1,0,5350.0,0,0,d,c,"Mar,Jun,Sept,Dec"
85,2013-06-14,5701,1,0,0,0,1870.0,0,0,b,a,No_Promo2
71,2013-06-14,8682,1,0,1,0,16160.0,0,0,a,a,"Mar,Jun,Sept,Dec"
102,2013-06-14,4916,1,0,1,0,150.0,0,0,a,a,"Mar,Jun,Sept,Dec"
105,2013-06-14,3739,1,0,1,0,6190.0,0,0,a,c,"Mar,Jun,Sept,Dec"
10,2013-06-14,5055,1,0,0,0,3160.0,0,0,a,a,No_Promo2
57,2013-06-14,10653,1,0,0,0,420.0,0,0,d,c,No_Promo2
50,2013-06-14,3355,1,0,0,0,6260.0,0,0,d,a,No_Promo2
49,2013-06-14,7227,1,0,0,0,16160.0,0,0,d,c,No_Promo2
1115,2013-06-14,4935,1,0,1,0,5350.0,0,0,d,c,"Mar,Jun,Sept,Dec"
1086,2013-06-14,9110,1,0,1,0,180.0,0,0,a,a,"Feb,May,Aug,Nov"
85,2013-06-15,5393,1,0,0,0,1870.0,0,0,b,a,No_Promo2
71,2013-06-15,7114,1,0,1,0,16160.0,0,0,a,a,"Mar,Jun,Sept,Dec"
102,2013-06-15,5886,1,0,1,0,150.0,0,0,a,a,"Mar,Jun,Sept,Dec"
105,2013-06-15,3287,1,0,1,0,6190.0,0,0,a,c,"Mar,Jun,Sept,Dec"
10,2013-06-15,4765,1,0,0,0,3160.0,0,0,a,a,No_Promo2
57,2013-06-15,8563,1,0,0,0,420.0,0,0,d,c,No_Promo2
50,2013-06-15,4224,1,0,0,0,6260.0,0,0,d,a,No_Promo2
49,2013-06-15,6679,1,0,0,0,16160.0,0,0,d,c,No_Promo2
1086,2013-06-15,5496,1,0,1,0,180.0,0,0,a,a,"Feb,May,Aug,Nov"
1115,2013-06-15,5641,1,0,1,0,5350.0,0,0,d,c,"Mar,Jun,Sept,Dec"
85,2013-06-16,13986,1,0,0,0,1870.0,0,0,b,a,No_Promo2
71,2013-06-16,0,0,0,1,0,16160.0,0,0,a,a,"Mar,Jun,Sept,Dec"
102,2013-06-16,0,0,0,1,0,150.0,0,0,a,a,"Mar,Jun,Sept,Dec"
105,2013-06-16,0,0,0,1,0,6190.0,0,0,a,c,"Mar,Jun,Sept,Dec"
10,2013-06-16,0,0,0,0,0,3160.0,0,0,a,a,No_Promo2
57,2013-06-16,0,0,0,0,0,420.0,0,0,d,c,No_Promo2
50,2013-06-16,0,0,0,0,0,6260.0,0,0,d,a,No_Promo2
49,2013-06-16,0,0,0,0,0,16160.0,0,0,d,c,No_Promo2
1115,2013-06-16,0,0,0,1,0,5350.0,0,0,d,c,"Mar,Jun,Sept,Dec"
1086,2013-06-16,0,0,0,1,0,180.0,0,0,a,a,"Feb,May,Aug,Nov"
85,2013-06-17,8475,1,1,0,0,1870.0,0,0,b,a,No_Promo2
71,2013-06-17,12720,1,1,1,0,16160.0,0,0,a,a,"Mar,Jun,Sept,Dec"
102,2013-06-17,8975,1,1,1,0,150.0,0,0,a,a,"Mar,Jun,Sept,Dec"
105,2013-06-17,6027,1,1,1,0,6190.0,0,0,a,c,"Mar,Jun,Sept,Dec"
10,2013-06-17,7854,1,1,0,0,3160.0,0,0,a,a,No_Promo2
57,2013-06-17,17215,1,1,0,0,420.0,0,0,d,c,No_Promo2
50,2013-06-17,5396,1,1,0,0,6260.0,0,0,d,a,No_Promo2
49,2013-06-17,9296,1,1,0,0,16160.0,0,0,d,c,No_Promo2
1115,2013-06-17,6882,1,1,1,0,5350.0,0,0,d,c,"Mar,Jun,Sept,Dec"
1086,2013-06-17,13669,1,1,1,0,180.0,0,0,a,a,"Feb,May,Aug,Nov"
85,2013-06-18,8273,1,1,0,0,1870.0,0,0,b,a,No_Promo2
71,2013-06-18,10034,1,1,1,0,16160.0,0,0,a,a,"Mar,Jun,Sept,Dec"
102,2013-06-18,6267,1,1,1,0,150.0,0,0,a,a,"Mar,Jun,Sept,Dec"
105,2013-06-18,5025,1,1,1,0,6190.0,0,0,a,c,"Mar,Jun,Sept,Dec"
10,2013-06-18,7078,1,1,0,0,3160.0,0,0,a,a,No_Promo2
57,2013-06-18,12432,1,1,0,0,420.0,0,0,d,c,No_Promo2
50,2013-06-18,3886,1,1,0,0,6260.0,0,0,d,a,No_Promo2
49,2013-06-18,7286,1,1,0,0,16160.0,0,0,d,c,No_Promo2
1115,2013-06-18,5311,1,1,1,0,5350.0,0,0,d,c,"Mar,Jun,Sept,Dec"
1086,2013-06-18,10907,1,1,1,0,180.0,0,0,a,a,"Feb,May,Aug,Nov"
85,2013-06-19,7715,1,1,0,1,1870.0,0,0,b,a,No_Promo2
71,2013-06-19,8414,1,1,1,0,16160.0,0,0,a,a,"Mar,Jun,Sept,Dec"
102,2013-06-19,6163,1,1,1,0,150.0,0,0,a,a,"Mar,Jun,Sept,Dec"
105,2013-06-19,4169,1,1,1,0,6190.0,0,0,a,c,"Mar,Jun,Sept,Dec"
10,2013-06-19,5697,1,1,0,0,3160.0,0,0,a,a,No_Promo2
57,2013-06-19,10831,1,1,0,0,420.0,0,0,d,c,No_Promo2
50,2013-06-19,3940,1,1,0,0,6260.0,0,0,d,a,No_Promo2
49,2013-06-19,6248,1,1,0,0,16160.0,0,0,d,c,No_Promo2
1115,2013-06-19,4866,1,1,1,0,5350.0,0,0,d,c,"Mar,Jun,Sept,Dec"
1086,2013-06-19,9339,1,1,1,0,180.0,0,0,a,a,"Feb,May,Aug,Nov"
85,2013-06-20,6442,1,1,0,1,1870.0,0,0,b,a,No_Promo2
71,2013-06-20,8514,1,1,1,0,16160.0,0,0,a,a,"Mar,Jun,Sept,Dec"
102,2013-06-20,5382,1,1,1,0,150.0,0,0,a,a,"Mar,Jun,Sept,Dec"
105,2013-06-20,4182,1,1,1,0,6190.0,0,0,a,c,"Mar,Jun,Sept,Dec"
10,2013-06-20,5286,1,1,0,0,3160.0,0,0,a,a,No_Promo2
57,2013-06-20,10864,1,1,0,0,420.0,0,0,d,c,No_Promo2
50,2013-06-20,4267,1,1,0,0,6260.0,0,0,d,a,No_Promo2
49,2013-06-20,6013,1,1,0,0,16160.0,0,0,d,c,No_Promo2
1115,2013-06-20,5859,1,1,1,0,5350.0,0,0,d,c,"Mar,Jun,Sept,Dec"
1086,2013-06-20,9798,1,1,1,0,180.0,0,0,a,a,"Feb,May,Aug,Nov"
85,2013-06-21,6728,1,1,0,1,1870.0,0,0,b,a,No_Promo2
71,2013-06-21,10054,1,1,1,0,16160.0,0,0,a,a,"Mar,Jun,Sept,Dec"
102,2013-06-21,7083,1,1,1,0,150.0,0,0,a,a,"Mar,Jun,Sept,Dec"
105,2013-06-21,5119,1,1,1,0,6190.0,0,0,a,c,"Mar,Jun,Sept,Dec"
10,2013-06-21,5687,1,1,0,0,3160.0,0,0,a,a,No_Promo2
57,2013-06-21,12750,1,1,0,0,420.0,0,0,d,c,No_Promo2
50,2013-06-21,5614,1,1,0,0,6260.0,0,0,d,a,No_Promo2
49,2013-06-21,7559,1,1,0,0,16160.0,0,0,d,c,No_Promo2
1086,2013-06-21,11087,1,1,1,0,180.0,0,0,a,a,"Feb,May,Aug,Nov"
1115,2013-06-21,6616,1,1,1,0,5350.0,0,0,d,c,"Mar,Jun,Sept,Dec"
85,2013-06-22,6071,1,0,0,0,1870.0,0,0,b,a,No_Promo2
71,2013-06-22,6797,1,0,1,0,16160.0,0,0,a,a,"Mar,Jun,Sept,Dec"
102,2013-06-22,4927,1,0,1,0,150.0,0,0,a,a,"Mar,Jun,Sept,Dec"
105,2013-06-22,3019,1,0,1,0,6190.0,0,0,a,c,"Mar,Jun,Sept,Dec"
10,2013-06-22,4795,1,0,0,0,3160.0,0,0,a,a,No_Promo2
57,2013-06-22,7823,1,0,0,0,420.0,0,0,d,c,No_Promo2
50,2013-06-22,3972,1,0,0,0,6260.0,0,0,d,a,No_Promo2
49,2013-06-22,6559,1,0,0,0,16160.0,0,0,d,c,No_Promo2
1086,2013-06-22,6219,1,0,1,0,180.0,0,0,a,a,"Feb,May,Aug,Nov"
1115,2013-06-22,5046,1,0,1,0,5350.0,0,0,d,c,"Mar,Jun,Sept,Dec"
85,2013-06-23,13647,1,0,0,0,1870.0,0,0,b,a,No_Promo2
71,2013-06-23,0,0,0,1,0,16160.0,0,0,a,a,"Mar,Jun,Sept,Dec"
102,2013-06-23,0,0,0,1,0,150.0,0,0,a,a,"Mar,Jun,Sept,Dec"
105,2013-06-23,0,0,0,1,0,6190.0,0,0,a,c,"Mar,Jun,Sept,Dec"
10,2013-06-23,0,0,0,0,0,3160.0,0,0,a,a,No_Promo2
57,2013-06-23,0,0,0,0,0,420.0,0,0,d,c,No_Promo2
50,2013-06-23,0,0,0,0,0,6260.0,0,0,d,a,No_Promo2
49,2013-06-23,0,0,0,0,0,16160.0,0,0,d,c,No_Promo2
1115,2013-06-23,0,0,0,1,0,5350.0,0,0,d,c,"Mar,Jun,Sept,Dec"
1086,2013-06-23,0,0,0,1,0,180.0,0,0,a,a,"Feb,May,Aug,Nov"
85,2013-06-24,4998,1,0,0,1,1870.0,0,0,b,a,No_Promo2
71,2013-06-24,7328,1,0,1,0,16160.0,0,0,a,a,"Mar,Jun,Sept,Dec"
102,2013-06-24,4703,1,0,1,0,150.0,0,0,a,a,"Mar,Jun,Sept,Dec"
105,2013-06-24,4034,1,0,1,0,6190.0,0,0,a,c,"Mar,Jun,Sept,Dec"
10,2013-06-24,5905,1,0,0,0,3160.0,0,0,a,a,No_Promo2
57,2013-06-24,10747,1,0,0,0,420.0,0,0,d,c,No_Promo2
50,2013-06-24,3367,1,0,0,0,6260.0,0,0,d,a,No_Promo2
49,2013-06-24,5579,1,0,0,0,16160.0,0,0,d,c,No_Promo2
1115,2013-06-24,4180,1,0,1,0,5350.0,0,0,d,c,"Mar,Jun,Sept,Dec"
1086,2013-06-24,7918,1,0,1,0,180.0,0,0,a,a,"Feb,May,Aug,Nov"
85,2013-06-25,5385,1,0,0,1,1870.0,0,0,b,a,No_Promo2
71,2013-06-25,7655,1,0,1,0,16160.0,0,0,a,a,"Mar,Jun,Sept,Dec"
102,2013-06-25,4213,1,0,1,0,150.0,0,0,a,a,"Mar,Jun,Sept,Dec"
105,2013-06-25,3136,1,0,1,0,6190.0,0,0,a,c,"Mar,Jun,Sept,Dec"
10,2013-06-25,4946,1,0,0,0,3160.0,0,0,a,a,No_Promo2
57,2013-06-25,7834,1,0,0,0,420.0,0,0,d,c,No_Promo2
50,2013-06-25,2995,1,0,0,0,6260.0,0,0,d,a,No_Promo2
49,2013-06-25,5840,1,0,0,0,16160.0,0,0,d,c,No_Promo2
1115,2013-06-25,3981,1,0,1,0,5350.0,0,0,d,c,"Mar,Jun,Sept,Dec"
1086,2013-06-25,7706,1,0,1,0,180.0,0,0,a,a,"Feb,May,Aug,Nov"
85,2013-06-26,5683,1,0,0,1,1870.0,0,0,b,a,No_Promo2
71,2013-06-26,6197,1,0,1,0,16160.0,0,0,a,a,"Mar,Jun,Sept,Dec"
102,2013-06-26,3688,1,0,1,0,150.0,0,0,a,a,"Mar,Jun,Sept,Dec"
105,2013-06-26,3555,1,0,1,0,6190.0,0,0,a,c,"Mar,Jun,Sept,Dec"
10,2013-06-26,4923,1,0,0,0,3160.0,0,0,a,a,No_Promo2
57,2013-06-26,8078,1,0,0,0,420.0,0,0,d,c,No_Promo2
50,2013-06-26,3103,1,0,0,0,6260.0,0,0,d,a,No_Promo2
49,2013-06-26,5948,1,0,0,0,16160.0,0,0,d,c,No_Promo2
1115,2013-06-26,4446,1,0,1,0,5350.0,0,0,d,c,"Mar,Jun,Sept,Dec"
1086,2013-06-26,6962,1,0,1,0,180.0,0,0,a,a,"Feb,May,Aug,Nov"
85,2013-06-27,5854,1,0,0,1,1870.0,0,0,b,a,No_Promo2
71,2013-06-27,7476,1,0,1,0,16160.0,0,0,a,a,"Mar,Jun,Sept,Dec"
102,2013-06-27,4393,1,0,1,0,150.0,0,0,a,a,"Mar,Jun,Sept,Dec"
105,2013-06-27,3327,1,0,1,0,6190.0,0,0,a,c,"Mar,Jun,Sept,Dec"
10,2013-06-27,4791,1,0,0,1,3160.0,0,0,a,a,No_Promo2
57,2013-06-27,9477,1,0,0,0,420.0,0,0,d,c,No_Promo2
50,2013-06-27,3720,1,0,0,0,6260.0,0,0,d,a,No_Promo2
49,2013-06-27,5628,1,0,0,0,16160.0,0,0,d,c,No_Promo2
1115,2013-06-27,4537,1,0,1,0,5350.0,0,0,d,c,"Mar,Jun,Sept,Dec"
1086,2013-06-27,7929,1,0,1,0,180.0,0,0,a,a,"Feb,May,Aug,Nov"
71,2013-06-28,8453,1,0,1,0,16160.0,0,0,a,a,"Mar,Jun,Sept,Dec"
85,2013-06-28,6708,1,0,0,1,1870.0,0,0,b,a,No_Promo2
102,2013-06-28,7630,1,0,1,0,150.0,0,0,a,a,"Mar,Jun,Sept,Dec"
105,2013-06-28,3958,1,0,1,0,6190.0,0,0,a,c,"Mar,Jun,Sept,Dec"
10,2013-06-28,5814,1,0,0,1,3160.0,0,0,a,a,No_Promo2
57,2013-06-28,11404,1,0,0,0,420.0,0,0,d,c,No_Promo2
50,2013-06-28,3909,1,0,0,0,6260.0,0,0,d,a,No_Promo2
49,2013-06-28,6811,1,0,0,0,16160.0,0,0,d,c,No_Promo2
1115,2013-06-28,5651,1,0,1,0,5350.0,0,0,d,c,"Mar,Jun,Sept,Dec"
1086,2013-06-28,8137,1,0,1,0,180.0,0,0,a,a,"Feb,May,Aug,Nov"
71,2013-06-29,7056,1,0,1,0,16160.0,0,0,a,a,"Mar,Jun,Sept,Dec"
85,2013-06-29,6587,1,0,0,0,1870.0,0,0,b,a,No_Promo2
102,2013-06-29,7611,1,0,1,0,150.0,0,0,a,a,"Mar,Jun,Sept,Dec"
105,2013-06-29,2600,1,0,1,0,6190.0,0,0,a,c,"Mar,Jun,Sept,Dec"
10,2013-06-29,4610,1,0,0,0,3160.0,0,0,a,a,No_Promo2
57,2013-06-29,7708,1,0,0,0,420.0,0,0,d,c,No_Promo2
50,2013-06-29,4587,1,0,0,0,6260.0,0,0,d,a,No_Promo2
49,2013-06-29,7453,1,0,0,0,16160.0,0,0,d,c,No_Promo2
1115,2013-06-29,6261,1,0,1,0,5350.0,0,0,d,c,"Mar,Jun,Sept,Dec"
1086,2013-06-29,7549,1,0,1,0,180.0,0,0,a,a,"Feb,May,Aug,Nov"
85,2013-06-30,14016,1,0,0,0,1870.0,0,0,b,a,No_Promo2
71,2013-06-30,0,0,0,1,0,16160.0,0,0,a,a,"Mar,Jun,Sept,Dec"
102,2013-06-30,0,0,0,1,0,150.0,0,0,a,a,"Mar,Jun,Sept,Dec"
105,2013-06-30,0,0,0,1,0,6190.0,0,0,a,c,"Mar,Jun,Sept,Dec"
10,2013-06-30,0,0,0,0,0,3160.0,0,0,a,a,No_Promo2
57,2013-06-30,0,0,0,0,0,420.0,0,0,d,c,No_Promo2
50,2013-06-30,0,0,0,0,0,6260.0,0,0,d,a,No_Promo2
49,2013-06-30,0,0,0,0,0,16160.0,0,0,d,c,No_Promo2
1115,2013-06-30,0,0,0,1,0,5350.0,0,0,d,c,"Mar,Jun,Sept,Dec"
1086,2013-06-30,0,0,0,1,0,180.0,0,0,a,a,"Feb,May,Aug,Nov"
102,2013-07-01,11907,1,1,1,0,150.0,0,0,a,a,"Mar,Jun,Sept,Dec"
85,2013-07-01,9180,1,1,0,1,1870.0,0,0,b,a,No_Promo2
105,2013-07-01,6330,1,1,1,0,6190.0,0,0,a,c,"Mar,Jun,Sept,Dec"
71,2013-07-01,13900,1,1,1,0,16160.0,0,0,a,a,"Mar,Jun,Sept,Dec"
10,2013-07-01,7138,1,1,0,1,3160.0,0,0,a,a,No_Promo2
57,2013-07-01,18946,1,1,0,0,420.0,0,0,d,c,No_Promo2
49,2013-07-01,8588,1,1,0,0,16160.0,0,0,d,c,No_Promo2
50,2013-07-01,6595,1,1,0,0,6260.0,0,0,d,a,No_Promo2
1115,2013-07-01,7505,1,1,1,0,5350.0,0,0,d,c,"Mar,Jun,Sept,Dec"
1086,2013-07-01,15547,1,1,1,0,180.0,0,0,a,a,"Feb,May,Aug,Nov"
85,2013-07-02,8255,1,1,0,1,1870.0,0,0,b,a,No_Promo2
71,2013-07-02,11821,1,1,1,0,16160.0,0,0,a,a,"Mar,Jun,Sept,Dec"
102,2013-07-02,9089,1,1,1,0,150.0,0,0,a,a,"Mar,Jun,Sept,Dec"
105,2013-07-02,5284,1,1,1,0,6190.0,0,0,a,c,"Mar,Jun,Sept,Dec"
10,2013-07-02,5828,1,1,0,1,3160.0,0,0,a,a,No_Promo2
57,2013-07-02,14870,1,1,0,0,420.0,0,0,d,c,No_Promo2
50,2013-07-02,4866,1,1,0,0,6260.0,0,0,d,a,No_Promo2
49,2013-07-02,7493,1,1,0,0,16160.0,0,0,d,c,No_Promo2
1115,2013-07-02,6754,1,1,1,0,5350.0,0,0,d,c,"Mar,Jun,Sept,Dec"
1086,2013-07-02,13761,1,1,1,0,180.0,0,0,a,a,"Feb,May,Aug,Nov"
71,2013-07-03,10280,1,1,1,0,16160.0,0,0,a,a,"Mar,Jun,Sept,Dec"
85,2013-07-03,7238,1,1,0,1,1870.0,0,0,b,a,No_Promo2
102,2013-07-03,6892,1,1,1,0,150.0,0,0,a,a,"Mar,Jun,Sept,Dec"
105,2013-07-03,4354,1,1,1,0,6190.0,0,0,a,c,"Mar,Jun,Sept,Dec"
10,2013-07-03,5636,1,1,0,1,3160.0,0,0,a,a,No_Promo2
57,2013-07-03,13870,1,1,0,0,420.0,0,0,d,c,No_Promo2
50,2013-07-03,5490,1,1,0,0,6260.0,0,0,d,a,No_Promo2
49,2013-07-03,7776,1,1,0,0,16160.0,0,0,d,c,No_Promo2
1115,2013-07-03,6370,1,1,1,0,5350.0,0,0,d,c,"Mar,Jun,Sept,Dec"
1086,2013-07-03,11812,1,1,1,0,180.0,0,0,a,a,"Feb,May,Aug,Nov"
85,2013-07-04,6630,1,1,0,1,1870.0,0,0,b,a,No_Promo2
71,2013-07-04,9725,1,1,1,0,16160.0,0,0,a,a,"Mar,Jun,Sept,Dec"
102,2013-07-04,7677,1,1,1,0,150.0,0,0,a,a,"Mar,Jun,Sept,Dec"
105,2013-07-04,4319,1,1,1,0,6190.0,0,0,a,c,"Mar,Jun,Sept,Dec"
10,2013-07-04,5798,1,1,0,1,3160.0,0,0,a,a,No_Promo2
57,2013-07-04,12912,1,1,0,0,420.0,0,0,d,c,No_Promo2
50,2013-07-04,4897,1,1,0,0,6260.0,0,0,d,a,No_Promo2
49,2013-07-04,7647,1,1,0,0,16160.0,0,0,d,c,No_Promo2
1115,2013-07-04,6101,1,1,1,0,5350.0,0,0,d,c,"Mar,Jun,Sept,Dec"
1086,2013-07-04,12005,1,1,1,0,180.0,0,0,a,a,"Feb,May,Aug,Nov"
85,2013-07-05,6344,1,1,0,1,1870.0,0,0,b,a,No_Promo2
71,2013-07-05,9907,1,1,1,0,16160.0,0,0,a,a,"Mar,Jun,Sept,Dec"
102,2013-07-05,6896,1,1,1,0,150.0,0,0,a,a,"Mar,Jun,Sept,Dec"
105,2013-07-05,4574,1,1,1,0,6190.0,0,0,a,c,"Mar,Jun,Sept,Dec"
10,2013-07-05,5663,1,1,0,1,3160.0,0,0,a,a,No_Promo2
57,2013-07-05,13706,1,1,0,0,420.0,0,0,d,c,No_Promo2
50,2013-07-05,5441,1,1,0,0,6260.0,0,0,d,a,No_Promo2
49,2013-07-05,7222,1,1,0,0,16160.0,0,0,d,c,No_Promo2
1086,2013-07-05,10729,1,1,1,0,180.0,0,0,a,a,"Feb,May,Aug,Nov"
1115,2013-07-05,6674,1,1,1,0,5350.0,0,0,d,c,"Mar,Jun,Sept,Dec"
85,2013-07-06,4684,1,0,0,0,1870.0,0,0,b,a,No_Promo2
71,2013-07-06,6708,1,0,1,0,16160.0,0,0,a,a,"Mar,Jun,Sept,Dec"
102,2013-07-06,5010,1,0,1,0,150.0,0,0,a,a,"Mar,Jun,Sept,Dec"
105,2013-07-06,2939,1,0,1,0,6190.0,0,0,a,c,"Mar,Jun,Sept,Dec"
10,2013-07-06,4349,1,0,0,1,3160.0,0,0,a,a,No_Promo2
57,2013-07-06,7827,1,0,0,0,420.0,0,0,d,c,No_Promo2
50,2013-07-06,3918,1,0,0,0,6260.0,0,0,d,a,No_Promo2
49,2013-07-06,6151,1,0,0,0,16160.0,0,0,d,c,No_Promo2
1086,2013-07-06,6712,1,0,1,1,180.0,0,0,a,a,"Feb,May,Aug,Nov"
1115,2013-07-06,5503,1,0,1,1,5350.0,0,0,d,c,"Mar,Jun,Sept,Dec"
85,2013-07-07,11606,1,0,0,0,1870.0,0,0,b,a,No_Promo2
71,2013-07-07,0,0,0,1,0,16160.0,0,0,a,a,"Mar,Jun,Sept,Dec"
102,2013-07-07,0,0,0,1,0,150.0,0,0,a,a,"Mar,Jun,Sept,Dec"
105,2013-07-07,0,0,0,1,0,6190.0,0,0,a,c,"Mar,Jun,Sept,Dec"
10,2013-07-07,0,0,0,0,1,3160.0,0,0,a,a,No_Promo2
57,2013-07-07,0,0,0,0,0,420.0,0,0,d,c,No_Promo2
50,2013-07-07,0,0,0,0,0,6260.0,0,0,d,a,No_Promo2
49,2013-07-07,0,0,0,0,0,16160.0,0,0,d,c,No_Promo2
1115,2013-07-07,0,0,0,1,1,5350.0,0,0,d,c,"Mar,Jun,Sept,Dec"
1086,2013-07-07,0,0,0,1,1,180.0,0,0,a,a,"Feb,May,Aug,Nov"
85,2013-07-08,6070,1,0,0,1,1870.0,0,0,b,a,No_Promo2
71,2013-07-08,7510,1,0,1,0,16160.0,0,0,a,a,"Mar,Jun,Sept,Dec"
102,2013-07-08,5058,1,0,1,0,150.0,0,0,a,a,"Mar,Jun,Sept,Dec"
105,2013-07-08,3819,1,0,1,0,6190.0,0,0,a,c,"Mar,Jun,Sept,Dec"
10,2013-07-08,5792,1,0,0,1,3160.0,0,0,a,a,No_Promo2
57,2013-07-08,10474,1,0,0,0,420.0,0,0,d,c,No_Promo2
50,2013-07-08,4005,1,0,0,1,6260.0,0,0,d,a,No_Promo2
49,2013-07-08,5613,1,0,0,0,16160.0,0,0,d,c,No_Promo2
1115,2013-07-08,4402,1,0,1,1,5350.0,0,0,d,c,"Mar,Jun,Sept,Dec"
1086,2013-07-08,8683,1,0,1,1,180.0,0,0,a,a,"Feb,May,Aug,Nov"
85,2013-07-09,5183,1,0,0,1,1870.0,0,0,b,a,No_Promo2
71,2013-07-09,7538,1,0,1,0,16160.0,0,0,a,a,"Mar,Jun,Sept,Dec"
102,2013-07-09,4621,1,0,1,0,150.0,0,0,a,a,"Mar,Jun,Sept,Dec"
105,2013-07-09,3924,1,0,1,0,6190.0,0,0,a,c,"Mar,Jun,Sept,Dec"
10,2013-07-09,4503,1,0,0,1,3160.0,0,0,a,a,No_Promo2
57,2013-07-09,10168,1,0,0,0,420.0,0,0,d,c,No_Promo2
50,2013-07-09,3134,1,0,0,1,6260.0,0,0,d,a,No_Promo2
49,2013-07-09,5668,1,0,0,0,16160.0,0,0,d,c,No_Promo2
1115,2013-07-09,3873,1,0,1,1,5350.0,0,0,d,c,"Mar,Jun,Sept,Dec"
1086,2013-07-09,8142,1,0,1,1,180.0,0,0,a,a,"Feb,May,Aug,Nov"
85,2013-07-10,5408,1,0,0,1,1870.0,0,0,b,a,No_Promo2
71,2013-07-10,8255,1,0,1,0,16160.0,0,0,a,a,"Mar,Jun,Sept,Dec"
102,2013-07-10,4674,1,0,1,0,150.0,0,0,a,a,"Mar,Jun,Sept,Dec"
105,2013-07-10,3272,1,0,1,0,6190.0,0,0,a,c,"Mar,Jun,Sept,Dec"
10,2013-07-10,4305,1,0,0,1,3160.0,0,0,a,a,No_Promo2
57,2013-07-10,9971,1,0,0,0,420.0,0,0,d,c,No_Promo2
50,2013-07-10,2832,1,0,0,1,6260.0,0,0,d,a,No_Promo2
49,2013-07-10,5624,1,0,0,0,16160.0,0,0,d,c,No_Promo2
1115,2013-07-10,3571,1,0,1,1,5350.0,0,0,d,c,"Mar,Jun,Sept,Dec"
1086,2013-07-10,8274,1,0,1,1,180.0,0,0,a,a,"Feb,May,Aug,Nov"
85,2013-07-11,5292,1,0,0,1,1870.0,0,0,b,a,No_Promo2
71,2013-07-11,7516,1,0,1,0,16160.0,0,0,a,a,"Mar,Jun,Sept,Dec"
102,2013-07-11,4701,1,0,1,0,150.0,0,0,a,a,"Mar,Jun,Sept,Dec"
105,2013-07-11,3418,1,0,1,0,6190.0,0,0,a,c,"Mar,Jun,Sept,Dec"
10,2013-07-11,4161,1,0,0,1,3160.0,0,0,a,a,No_Promo2
57,2013-07-11,10844,1,0,0,0,420.0,0,0,d,c,No_Promo2
50,2013-07-11,3558,1,0,0,1,6260.0,0,0,d,a,No_Promo2
49,2013-07-11,5808,1,0,0,0,16160.0,0,0,d,c,No_Promo2
1115,2013-07-11,4493,1,0,1,1,5350.0,0,0,d,c,"Mar,Jun,Sept,Dec"
1086,2013-07-11,8212,1,0,1,1,180.0,0,0,a,a,"Feb,May,Aug,Nov"
85,2013-07-12,5181,1,0,0,1,1870.0,0,0,b,a,No_Promo2
71,2013-07-12,7754,1,0,1,0,16160.0,0,0,a,a,"Mar,Jun,Sept,Dec"
102,2013-07-12,5345,1,0,1,0,150.0,0,0,a,a,"Mar,Jun,Sept,Dec"
105,2013-07-12,3734,1,0,1,0,6190.0,0,0,a,c,"Mar,Jun,Sept,Dec"
10,2013-07-12,4595,1,0,0,1,3160.0,0,0,a,a,No_Promo2
57,2013-07-12,10650,1,0,0,0,420.0,0,0,d,c,No_Promo2
50,2013-07-12,3675,1,0,0,1,6260.0,0,0,d,a,No_Promo2
49,2013-07-12,6693,1,0,0,0,16160.0,0,0,d,c,No_Promo2
1086,2013-07-12,8610,1,0,1,1,180.0,0,0,a,a,"Feb,May,Aug,Nov"
1115,2013-07-12,4714,1,0,1,1,5350.0,0,0,d,c,"Mar,Jun,Sept,Dec"
85,2013-07-13,5237,1,0,0,0,1870.0,0,0,b,a,No_Promo2
71,2013-07-13,7227,1,0,1,0,16160.0,0,0,a,a,"Mar,Jun,Sept,Dec"
102,2013-07-13,5022,1,0,1,0,150.0,0,0,a,a,"Mar,Jun,Sept,Dec"
105,2013-07-13,2634,1,0,1,0,6190.0,0,0,a,c,"Mar,Jun,Sept,Dec"
10,2013-07-13,4090,1,0,0,1,3160.0,0,0,a,a,No_Promo2
57,2013-07-13,8536,1,0,0,0,420.0,0,0,d,c,No_Promo2
50,2013-07-13,3799,1,0,0,0,6260.0,0,0,d,a,No_Promo2
49,2013-07-13,6605,1,0,0,0,16160.0,0,0,d,c,No_Promo2
1086,2013-07-13,5454,1,0,1,1,180.0,0,0,a,a,"Feb,May,Aug,Nov"
1115,2013-07-13,5670,1,0,1,1,5350.0,0,0,d,c,"Mar,Jun,Sept,Dec"
85,2013-07-14,13010,1,0,0,0,1870.0,0,0,b,a,No_Promo2
71,2013-07-14,0,0,0,1,0,16160.0,0,0,a,a,"Mar,Jun,Sept,Dec"
102,2013-07-14,0,0,0,1,0,150.0,0,0,a,a,"Mar,Jun,Sept,Dec"
105,2013-07-14,0,0,0,1,0,6190.0,0,0,a,c,"Mar,Jun,Sept,Dec"
10,2013-07-14,0,0,0,0,1,3160.0,0,0,a,a,No_Promo2
57,2013-07-14,0,0,0,0,0,420.0,0,0,d,c,No_Promo2
50,2013-07-14,0,0,0,0,0,6260.0,0,0,d,a,No_Promo2
49,2013-07-14,0,0,0,0,0,16160.0,0,0,d,c,No_Promo2
1115,2013-07-14,0,0,0,1,1,5350.0,0,0,d,c,"Mar,Jun,Sept,Dec"
1086,2013-07-14,0,0,0,1,1,180.0,0,0,a,a,"Feb,May,Aug,Nov"
85,2013-07-15,7953,1,1,0,1,1870.0,0,0,b,a,No_Promo2
71,2013-07-15,16135,1,1,1,0,16160.0,0,0,a,a,"Mar,Jun,Sept,Dec"
102,2013-07-15,11996,1,1,1,0,150.0,0,0,a,a,"Mar,Jun,Sept,Dec"
105,2013-07-15,6593,1,1,1,0,6190.0,0,0,a,c,"Mar,Jun,Sept,Dec"
10,2013-07-15,7179,1,1,0,1,3160.0,0,0,a,a,No_Promo2
57,2013-07-15,20796,1,1,0,1,420.0,0,0,d,c,No_Promo2
50,2013-07-15,6680,1,1,0,1,6260.0,0,0,d,a,No_Promo2
49,2013-07-15,9474,1,1,0,0,16160.0,0,0,d,c,No_Promo2
1115,2013-07-15,8157,1,1,1,1,5350.0,0,0,d,c,"Mar,Jun,Sept,Dec"
1086,2013-07-15,15000,1,1,1,1,180.0,0,0,a,a,"Feb,May,Aug,Nov"
85,2013-07-16,7077,1,1,0,1,1870.0,0,0,b,a,No_Promo2
71,2013-07-16,11916,1,1,1,0,16160.0,0,0,a,a,"Mar,Jun,Sept,Dec"
102,2013-07-16,8898,1,1,1,0,150.0,0,0,a,a,"Mar,Jun,Sept,Dec"
105,2013-07-16,5135,1,1,1,0,6190.0,0,0,a,c,"Mar,Jun,Sept,Dec"
10,2013-07-16,6093,1,1,0,1,3160.0,0,0,a,a,No_Promo2
57,2013-07-16,14749,1,1,0,1,420.0,0,0,d,c,No_Promo2
50,2013-07-16,4960,1,1,0,1,6260.0,0,0,d,a,No_Promo2
49,2013-07-16,6782,1,1,0,0,16160.0,0,0,d,c,No_Promo2
1115,2013-07-16,5881,1,1,1,1,5350.0,0,0,d,c,"Mar,Jun,Sept,Dec"
1086,2013-07-16,13024,1,1,1,1,180.0,0,0,a,a,"Feb,May,Aug,Nov"
85,2013-07-17,6551,1,1,0,1,1870.0,0,0,b,a,No_Promo2
71,2013-07-17,10905,1,1,1,0,16160.0,0,0,a,a,"Mar,Jun,Sept,Dec"
102,2013-07-17,8009,1,1,1,0,150.0,0,0,a,a,"Mar,Jun,Sept,Dec"
105,2013-07-17,4628,1,1,1,0,6190.0,0,0,a,c,"Mar,Jun,Sept,Dec"
10,2013-07-17,5200,1,1,0,1,3160.0,0,0,a,a,No_Promo2
57,2013-07-17,12473,1,1,0,1,420.0,0,0,d,c,No_Promo2
50,2013-07-17,4405,1,1,0,1,6260.0,0,0,d,a,No_Promo2
49,2013-07-17,7955,1,1,0,0,16160.0,0,0,d,c,No_Promo2
1115,2013-07-17,5757,1,1,1,1,5350.0,0,0,d,c,"Mar,Jun,Sept,Dec"
1086,2013-07-17,10378,1,1,1,1,180.0,0,0,a,a,"Feb,May,Aug,Nov"
85,2013-07-18,6355,1,1,0,1,1870.0,0,0,b,a,No_Promo2
71,2013-07-18,9430,1,1,1,0,16160.0,0,0,a,a,"Mar,Jun,Sept,Dec"
102,2013-07-18,7286,1,1,1,0,150.0,0,0,a,a,"Mar,Jun,Sept,Dec"
105,2013-07-18,4478,1,1,1,0,6190.0,0,0,a,c,"Mar,Jun,Sept,Dec"
10,2013-07-18,5048,1,1,0,1,3160.0,0,0,a,a,No_Promo2
57,2013-07-18,12530,1,1,0,1,420.0,0,0,d,c,No_Promo2
50,2013-07-18,4473,1,1,0,1,6260.0,0,0,d,a,No_Promo2
49,2013-07-18,8548,1,1,0,0,16160.0,0,0,d,c,No_Promo2
1115,2013-07-18,5588,1,1,1,1,5350.0,0,0,d,c,"Mar,Jun,Sept,Dec"
1086,2013-07-18,11085,1,1,1,1,180.0,0,0,a,a,"Feb,May,Aug,Nov"
102,2013-07-19,7725,1,1,1,0,150.0,0,0,a,a,"Mar,Jun,Sept,Dec"
85,2013-07-19,5770,1,1,0,1,1870.0,0,0,b,a,No_Promo2
105,2013-07-19,4153,1,1,1,0,6190.0,0,0,a,c,"Mar,Jun,Sept,Dec"
71,2013-07-19,12195,1,1,1,0,16160.0,0,0,a,a,"Mar,Jun,Sept,Dec"
10,2013-07-19,6122,1,1,0,1,3160.0,0,0,a,a,No_Promo2
57,2013-07-19,13576,1,1,0,1,420.0,0,0,d,c,No_Promo2
49,2013-07-19,7641,1,1,0,0,16160.0,0,0,d,c,No_Promo2
50,2013-07-19,4582,1,1,0,1,6260.0,0,0,d,a,No_Promo2
1115,2013-07-19,6234,1,1,1,1,5350.0,0,0,d,c,"Mar,Jun,Sept,Dec"
1086,2013-07-19,11157,1,1,1,1,180.0,0,0,a,a,"Feb,May,Aug,Nov"
85,2013-07-20,5218,1,0,0,0,1870.0,0,0,b,a,No_Promo2
71,2013-07-20,6352,1,0,1,0,16160.0,0,0,a,a,"Mar,Jun,Sept,Dec"
102,2013-07-20,5420,1,0,1,0,150.0,0,0,a,a,"Mar,Jun,Sept,Dec"
105,2013-07-20,2398,1,0,1,0,6190.0,0,0,a,c,"Mar,Jun,Sept,Dec"
10,2013-07-20,3957,1,0,0,1,3160.0,0,0,a,a,No_Promo2
57,2013-07-20,7932,1,0,0,0,420.0,0,0,d,c,No_Promo2
50,2013-07-20,3710,1,0,0,0,6260.0,0,0,d,a,No_Promo2
49,2013-07-20,7277,1,0,0,0,16160.0,0,0,d,c,No_Promo2
1086,2013-07-20,6030,1,0,1,1,180.0,0,0,a,a,"Feb,May,Aug,Nov"
1115,2013-07-20,4669,1,0,1,1,5350.0,0,0,d,c,"Mar,Jun,Sept,Dec"
85,2013-07-21,10880,1,0,0,0,1870.0,0,0,b,a,No_Promo2
71,2013-07-21,0,0,0,1,0,16160.0,0,0,a,a,"Mar,Jun,Sept,Dec"
102,2013-07-21,0,0,0,1,0,150.0,0,0,a,a,"Mar,Jun,Sept,Dec"
105,2013-07-21,0,0,0,1,0,6190.0,0,0,a,c,"Mar,Jun,Sept,Dec"
10,2013-07-21,0,0,0,0,1,3160.0,0,0,a,a,No_Promo2
57,2013-07-21,0,0,0,0,0,420.0,0,0,d,c,No_Promo2
50,2013-07-21,0,0,0,0,0,6260.0,0,0,d,a,No_Promo2
49,2013-07-21,0,0,0,0,0,16160.0,0,0,d,c,No_Promo2
1086,2013-07-21,0,0,0,1,1,180.0,0,0,a,a,"Feb,May,Aug,Nov"
1115,2013-07-21,0,0,0,1,1,5350.0,0,0,d,c,"Mar,Jun,Sept,Dec"
85,2013-07-22,5489,1,0,0,1,1870.0,0,0,b,a,No_Promo2
71,2013-07-22,7059,1,0,1,1,16160.0,0,0,a,a,"Mar,Jun,Sept,Dec"
102,2013-07-22,4806,1,0,1,1,150.0,0,0,a,a,"Mar,Jun,Sept,Dec"
105,2013-07-22,4061,1,0,1,0,6190.0,0,0,a,c,"Mar,Jun,Sept,Dec"
10,2013-07-22,4553,1,0,0,1,3160.0,0,0,a,a,No_Promo2
57,2013-07-22,10266,1,0,0,1,420.0,0,0,d,c,No_Promo2
50,2013-07-22,3023,1,0,0,1,6260.0,0,0,d,a,No_Promo2
49,2013-07-22,5258,1,0,0,0,16160.0,0,0,d,c,No_Promo2
1115,2013-07-22,3900,1,0,1,1,5350.0,0,0,d,c,"Mar,Jun,Sept,Dec"
1086,2013-07-22,7971,1,0,1,1,180.0,0,0,a,a,"Feb,May,Aug,Nov"
85,2013-07-23,5092,1,0,0,1,1870.0,0,0,b,a,No_Promo2
71,2013-07-23,6299,1,0,1,1,16160.0,0,0,a,a,"Mar,Jun,Sept,Dec"
102,2013-07-23,4144,1,0,1,1,150.0,0,0,a,a,"Mar,Jun,Sept,Dec"
105,2013-07-23,3446,1,0,1,0,6190.0,0,0,a,c,"Mar,Jun,Sept,Dec"
10,2013-07-23,4482,1,0,0,1,3160.0,0,0,a,a,No_Promo2
57,2013-07-23,9318,1,0,0,1,420.0,0,0,d,c,No_Promo2
50,2013-07-23,2858,1,0,0,1,6260.0,0,0,d,a,No_Promo2
49,2013-07-23,5443,1,0,0,0,16160.0,0,0,d,c,No_Promo2
1115,2013-07-23,3246,1,0,1,1,5350.0,0,0,d,c,"Mar,Jun,Sept,Dec"
1086,2013-07-23,7471,1,0,1,1,180.0,0,0,a,a,"Feb,May,Aug,Nov"
85,2013-07-24,4980,1,0,0,1,1870.0,0,0,b,a,No_Promo2
71,2013-07-24,7138,1,0,1,1,16160.0,0,0,a,a,"Mar,Jun,Sept,Dec"
102,2013-07-24,4489,1,0,1,1,150.0,0,0,a,a,"Mar,Jun,Sept,Dec"
105,2013-07-24,3457,1,0,1,0,6190.0,0,0,a,c,"Mar,Jun,Sept,Dec"
10,2013-07-24,4160,1,0,0,1,3160.0,0,0,a,a,No_Promo2
57,2013-07-24,8852,1,0,0,1,420.0,0,0,d,c,No_Promo2
50,2013-07-24,3365,1,0,0,1,6260.0,0,0,d,a,No_Promo2
49,2013-07-24,5657,1,0,0,0,16160.0,0,0,d,c,No_Promo2
1115,2013-07-24,4245,1,0,1,1,5350.0,0,0,d,c,"Mar,Jun,Sept,Dec"
1086,2013-07-24,7401,1,0,1,1,180.0,0,0,a,a,"Feb,May,Aug,Nov"
85,2013-07-25,5110,1,0,0,1,1870.0,0,0,b,a,No_Promo2
71,2013-07-25,6506,1,0,1,1,16160.0,0,0,a,a,"Mar,Jun,Sept,Dec"
102,2013-07-25,4698,1,0,1,1,150.0,0,0,a,a,"Mar,Jun,Sept,Dec"
105,2013-07-25,3391,1,0,1,1,6190.0,0,0,a,c,"Mar,Jun,Sept,Dec"
10,2013-07-25,4238,1,0,0,1,3160.0,0,0,a,a,No_Promo2
57,2013-07-25,9691,1,0,0,1,420.0,0,0,d,c,No_Promo2
50,2013-07-25,3487,1,0,0,1,6260.0,0,0,d,a,No_Promo2
49,2013-07-25,5795,1,0,0,1,16160.0,0,0,d,c,No_Promo2
1115,2013-07-25,3674,1,0,1,1,5350.0,0,0,d,c,"Mar,Jun,Sept,Dec"
1086,2013-07-25,7450,1,0,1,1,180.0,0,0,a,a,"Feb,May,Aug,Nov"
85,2013-07-26,5014,1,0,0,1,1870.0,0,0,b,a,No_Promo2
71,2013-07-26,8540,1,0,1,1,16160.0,0,0,a,a,"Mar,Jun,Sept,Dec"
102,2013-07-26,4307,1,0,1,1,150.0,0,0,a,a,"Mar,Jun,Sept,Dec"
105,2013-07-26,3732,1,0,1,1,6190.0,0,0,a,c,"Mar,Jun,Sept,Dec"
10,2013-07-26,4264,1,0,0,1,3160.0,0,0,a,a,No_Promo2
57,2013-07-26,9380,1,0,0,1,420.0,0,0,d,c,No_Promo2
50,2013-07-26,3508,1,0,0,1,6260.0,0,0,d,a,No_Promo2
49,2013-07-26,6538,1,0,0,1,16160.0,0,0,d,c,No_Promo2
1086,2013-07-26,6866,1,0,1,1,180.0,0,0,a,a,"Feb,May,Aug,Nov"
1115,2013-07-26,4764,1,0,1,1,5350.0,0,0,d,c,"Mar,Jun,Sept,Dec"
85,2013-07-27,4897,1,0,0,0,1870.0,0,0,b,a,No_Promo2
71,2013-07-27,5936,1,0,1,0,16160.0,0,0,a,a,"Mar,Jun,Sept,Dec"
102,2013-07-27,4236,1,0,1,0,150.0,0,0,a,a,"Mar,Jun,Sept,Dec"
105,2013-07-27,2515,1,0,1,0,6190.0,0,0,a,c,"Mar,Jun,Sept,Dec"
10,2013-07-27,3927,1,0,0,1,3160.0,0,0,a,a,No_Promo2
57,2013-07-27,7347,1,0,0,0,420.0,0,0,d,c,No_Promo2
50,2013-07-27,3035,1,0,0,0,6260.0,0,0,d,a,No_Promo2
49,2013-07-27,6587,1,0,0,0,16160.0,0,0,d,c,No_Promo2
1086,2013-07-27,4911,1,0,1,1,180.0,0,0,a,a,"Feb,May,Aug,Nov"
1115,2013-07-27,4511,1,0,1,1,5350.0,0,0,d,c,"Mar,Jun,Sept,Dec"
85,2013-07-28,10728,1,0,0,0,1870.0,0,0,b,a,No_Promo2
71,2013-07-28,0,0,0,1,0,16160.0,0,0,a,a,"Mar,Jun,Sept,Dec"
102,2013-07-28,0,0,0,1,0,150.0,0,0,a,a,"Mar,Jun,Sept,Dec"
105,2013-07-28,0,0,0,1,0,6190.0,0,0,a,c,"Mar,Jun,Sept,Dec"
10,2013-07-28,0,0,0,0,1,3160.0,0,0,a,a,No_Promo2
57,2013-07-28,0,0,0,0,0,420.0,0,0,d,c,No_Promo2
50,2013-07-28,0,0,0,0,0,6260.0,0,0,d,a,No_Promo2
49,2013-07-28,0,0,0,0,0,16160.0,0,0,d,c,No_Promo2
1115,2013-07-28,0,0,0,1,1,5350.0,0,0,d,c,"Mar,Jun,Sept,Dec"
1086,2013-07-28,0,0,0,1,1,180.0,0,0,a,a,"Feb,May,Aug,Nov"
85,2013-07-29,8098,1,1,0,1,1870.0,0,0,b,a,No_Promo2
71,2013-07-29,13634,1,1,1,1,16160.0,0,0,a,a,"Mar,Jun,Sept,Dec"
102,2013-07-29,11256,1,1,1,1,150.0,0,0,a,a,"Mar,Jun,Sept,Dec"
105,2013-07-29,6177,1,1,1,1,6190.0,0,0,a,c,"Mar,Jun,Sept,Dec"
10,2013-07-29,7368,1,1,0,1,3160.0,0,0,a,a,No_Promo2
57,2013-07-29,18757,1,1,0,1,420.0,0,0,d,c,No_Promo2
50,2013-07-29,7058,1,1,0,1,6260.0,0,0,d,a,No_Promo2
49,2013-07-29,11128,1,1,0,1,16160.0,0,0,d,c,No_Promo2
1115,2013-07-29,8039,1,1,1,1,5350.0,0,0,d,c,"Mar,Jun,Sept,Dec"
1086,2013-07-29,16096,1,1,1,1,180.0,0,0,a,a,"Feb,May,Aug,Nov"
85,2013-07-30,8045,1,1,0,1,1870.0,0,0,b,a,No_Promo2
71,2013-07-30,11637,1,1,1,1,16160.0,0,0,a,a,"Mar,Jun,Sept,Dec"
102,2013-07-30,9237,1,1,1,1,150.0,0,0,a,a,"Mar,Jun,Sept,Dec"
105,2013-07-30,5762,1,1,1,1,6190.0,0,0,a,c,"Mar,Jun,Sept,Dec"
10,2013-07-30,6378,1,1,0,1,3160.0,0,0,a,a,No_Promo2
57,2013-07-30,15681,1,1,0,1,420.0,0,0,d,c,No_Promo2
50,2013-07-30,4901,1,1,0,1,6260.0,0,0,d,a,No_Promo2
49,2013-07-30,8615,1,1,0,1,16160.0,0,0,d,c,No_Promo2
1115,2013-07-30,7119,1,1,1,1,5350.0,0,0,d,c,"Mar,Jun,Sept,Dec"
1086,2013-07-30,15572,1,1,1,1,180.0,0,0,a,a,"Feb,May,Aug,Nov"
85,2013-07-31,7975,1,1,0,1,1870.0,0,0,b,a,No_Promo2
71,2013-07-31,12184,1,1,1,1,16160.0,0,0,a,a,"Mar,Jun,Sept,Dec"
102,2013-07-31,11666,1,1,1,1,150.0,0,0,a,a,"Mar,Jun,Sept,Dec"
105,2013-07-31,5013,1,1,1,1,6190.0,0,0,a,c,"Mar,Jun,Sept,Dec"
10,2013-07-31,5915,1,1,0,1,3160.0,0,0,a,a,No_Promo2
57,2013-07-31,14295,1,1,0,1,420.0,0,0,d,c,No_Promo2
50,2013-07-31,5288,1,1,0,1,6260.0,0,0,d,a,No_Promo2
49,2013-07-31,8700,1,1,0,1,16160.0,0,0,d,c,No_Promo2
1115,2013-07-31,6209,1,1,1,1,5350.0,0,0,d,c,"Mar,Jun,Sept,Dec"
1086,2013-07-31,15938,1,1,1,1,180.0,0,0,a,a,"Feb,May,Aug,Nov"
85,2013-08-01,7052,1,1,0,1,1870.0,0,0,b,a,No_Promo2
71,2013-08-01,10033,1,1,1,1,16160.0,0,0,a,a,"Mar,Jun,Sept,Dec"
102,2013-08-01,8693,1,1,1,1,150.0,0,0,a,a,"Mar,Jun,Sept,Dec"
105,2013-08-01,4735,1,1,1,1,6190.0,0,0,a,c,"Mar,Jun,Sept,Dec"
10,2013-08-01,5861,1,1,0,1,3160.0,0,0,a,a,No_Promo2
57,2013-08-01,14382,1,1,0,1,420.0,0,0,d,c,No_Promo2
50,2013-08-01,4421,1,1,0,1,6260.0,0,0,d,a,No_Promo2
49,2013-08-01,8302,1,1,0,1,16160.0,0,0,d,c,No_Promo2
1115,2013-08-01,5745,1,1,1,1,5350.0,0,0,d,c,"Mar,Jun,Sept,Dec"
1086,2013-08-01,10388,1,1,1,1,180.0,0,0,a,a,"Feb,May,Aug,Nov"
102,2013-08-02,6559,1,1,1,1,150.0,0,0,a,a,"Mar,Jun,Sept,Dec"
85,2013-08-02,6719,1,1,0,1,1870.0,0,0,b,a,No_Promo2
105,2013-08-02,4630,1,1,1,1,6190.0,0,0,a,c,"Mar,Jun,Sept,Dec"
71,2013-08-02,8944,1,1,1,1,16160.0,0,0,a,a,"Mar,Jun,Sept,Dec"
10,2013-08-02,5052,1,1,0,1,3160.0,0,0,a,a,No_Promo2
57,2013-08-02,11749,1,1,0,1,420.0,0,0,d,c,No_Promo2
49,2013-08-02,7640,1,1,0,1,16160.0,0,0,d,c,No_Promo2
50,2013-08-02,4637,1,1,0,1,6260.0,0,0,d,a,No_Promo2
1086,2013-08-02,9054,1,1,1,1,180.0,0,0,a,a,"Feb,May,Aug,Nov"
1115,2013-08-02,5824,1,1,1,1,5350.0,0,0,d,c,"Mar,Jun,Sept,Dec"
71,2013-08-03,6796,1,0,1,0,16160.0,0,0,a,a,"Mar,Jun,Sept,Dec"
85,2013-08-03,5481,1,0,0,0,1870.0,0,0,b,a,No_Promo2
102,2013-08-03,5637,1,0,1,0,150.0,0,0,a,a,"Mar,Jun,Sept,Dec"
105,2013-08-03,2965,1,0,1,0,6190.0,0,0,a,c,"Mar,Jun,Sept,Dec"
10,2013-08-03,3805,1,0,0,1,3160.0,0,0,a,a,No_Promo2
57,2013-08-03,7956,1,0,0,0,420.0,0,0,d,c,No_Promo2
50,2013-08-03,3953,1,0,0,0,6260.0,0,0,d,a,No_Promo2
49,2013-08-03,7146,1,0,0,0,16160.0,0,0,d,c,No_Promo2
1115,2013-08-03,5576,1,0,1,1,5350.0,0,0,d,c,"Mar,Jun,Sept,Dec"
1086,2013-08-03,6757,1,0,1,1,180.0,0,0,a,a,"Feb,May,Aug,Nov"
85,2013-08-04,14538,1,0,0,0,1870.0,0,0,b,a,No_Promo2
71,2013-08-04,0,0,0,1,0,16160.0,0,0,a,a,"Mar,Jun,Sept,Dec"
102,2013-08-04,0,0,0,1,0,150.0,0,0,a,a,"Mar,Jun,Sept,Dec"
105,2013-08-04,0,0,0,1,0,6190.0,0,0,a,c,"Mar,Jun,Sept,Dec"
10,2013-08-04,0,0,0,0,1,3160.0,0,0,a,a,No_Promo2
57,2013-08-04,0,0,0,0,0,420.0,0,0,d,c,No_Promo2
50,2013-08-04,0,0,0,0,0,6260.0,0,0,d,a,No_Promo2
49,2013-08-04,0,0,0,0,0,16160.0,0,0,d,c,No_Promo2
1115,2013-08-04,0,0,0,1,1,5350.0,0,0,d,c,"Mar,Jun,Sept,Dec"
1086,2013-08-04,0,0,0,1,1,180.0,0,0,a,a,"Feb,May,Aug,Nov"
102,2013-08-05,5797,1,0,1,1,150.0,0,0,a,a,"Mar,Jun,Sept,Dec"
85,2013-08-05,5905,1,0,0,0,1870.0,0,0,b,a,No_Promo2
105,2013-08-05,4044,1,0,1,1,6190.0,0,0,a,c,"Mar,Jun,Sept,Dec"
71,2013-08-05,8169,1,0,1,1,16160.0,0,0,a,a,"Mar,Jun,Sept,Dec"
10,2013-08-05,5504,1,0,0,1,3160.0,0,0,a,a,No_Promo2
57,2013-08-05,9492,1,0,0,1,420.0,0,0,d,c,No_Promo2
49,2013-08-05,5924,1,0,0,1,16160.0,0,0,d,c,No_Promo2
50,2013-08-05,3071,1,0,0,1,6260.0,0,0,d,a,No_Promo2
1115,2013-08-05,3840,1,0,1,1,5350.0,0,0,d,c,"Mar,Jun,Sept,Dec"
1086,2013-08-05,8485,1,0,1,1,180.0,0,0,a,a,"Feb,May,Aug,Nov"
85,2013-08-06,5675,1,0,0,0,1870.0,0,0,b,a,No_Promo2
71,2013-08-06,7090,1,0,1,1,16160.0,0,0,a,a,"Mar,Jun,Sept,Dec"
102,2013-08-06,5084,1,0,1,1,150.0,0,0,a,a,"Mar,Jun,Sept,Dec"
105,2013-08-06,2689,1,0,1,1,6190.0,0,0,a,c,"Mar,Jun,Sept,Dec"
10,2013-08-06,5008,1,0,0,1,3160.0,0,0,a,a,No_Promo2
57,2013-08-06,8555,1,0,0,1,420.0,0,0,d,c,No_Promo2
50,2013-08-06,2792,1,0,0,1,6260.0,0,0,d,a,No_Promo2
49,2013-08-06,5018,1,0,0,1,16160.0,0,0,d,c,No_Promo2
1115,2013-08-06,3419,1,0,1,1,5350.0,0,0,d,c,"Mar,Jun,Sept,Dec"
1086,2013-08-06,8097,1,0,1,1,180.0,0,0,a,a,"Feb,May,Aug,Nov"
85,2013-08-07,5200,1,0,0,0,1870.0,0,0,b,a,No_Promo2
71,2013-08-07,6879,1,0,1,1,16160.0,0,0,a,a,"Mar,Jun,Sept,Dec"
102,2013-08-07,5350,1,0,1,1,150.0,0,0,a,a,"Mar,Jun,Sept,Dec"
105,2013-08-07,3592,1,0,1,1,6190.0,0,0,a,c,"Mar,Jun,Sept,Dec"
10,2013-08-07,5064,1,0,0,1,3160.0,0,0,a,a,No_Promo2
57,2013-08-07,8797,1,0,0,1,420.0,0,0,d,c,No_Promo2
50,2013-08-07,3279,1,0,0,1,6260.0,0,0,d,a,No_Promo2
49,2013-08-07,5718,1,0,0,1,16160.0,0,0,d,c,No_Promo2
1115,2013-08-07,4248,1,0,1,1,5350.0,0,0,d,c,"Mar,Jun,Sept,Dec"
1086,2013-08-07,7938,1,0,1,1,180.0,0,0,a,a,"Feb,May,Aug,Nov"
85,2013-08-08,5240,1,0,0,0,1870.0,0,0,b,a,No_Promo2
71,2013-08-08,7327,1,0,1,1,16160.0,0,0,a,a,"Mar,Jun,Sept,Dec"
102,2013-08-08,4875,1,0,1,1,150.0,0,0,a,a,"Mar,Jun,Sept,Dec"
105,2013-08-08,3641,1,0,1,1,6190.0,0,0,a,c,"Mar,Jun,Sept,Dec"
10,2013-08-08,4719,1,0,0,0,3160.0,0,0,a,a,No_Promo2
57,2013-08-08,8935,1,0,0,1,420.0,0,0,d,c,No_Promo2
50,2013-08-08,2924,1,0,0,1,6260.0,0,0,d,a,No_Promo2
49,2013-08-08,5896,1,0,0,1,16160.0,0,0,d,c,No_Promo2
1115,2013-08-08,4480,1,0,1,1,5350.0,0,0,d,c,"Mar,Jun,Sept,Dec"
1086,2013-08-08,7640,1,0,1,1,180.0,0,0,a,a,"Feb,May,Aug,Nov"
102,2013-08-09,4892,1,0,1,1,150.0,0,0,a,a,"Mar,Jun,Sept,Dec"
85,2013-08-09,5428,1,0,0,0,1870.0,0,0,b,a,No_Promo2
105,2013-08-09,3555,1,0,1,1,6190.0,0,0,a,c,"Mar,Jun,Sept,Dec"
71,2013-08-09,7894,1,0,1,1,16160.0,0,0,a,a,"Mar,Jun,Sept,Dec"
10,2013-08-09,4829,1,0,0,0,3160.0,0,0,a,a,No_Promo2
57,2013-08-09,9986,1,0,0,1,420.0,0,0,d,c,No_Promo2
49,2013-08-09,6634,1,0,0,1,16160.0,0,0,d,c,No_Promo2
50,2013-08-09,3408,1,0,0,1,6260.0,0,0,d,a,No_Promo2
1115,2013-08-09,5017,1,0,1,1,5350.0,0,0,d,c,"Mar,Jun,Sept,Dec"
1086,2013-08-09,7570,1,0,1,1,180.0,0,0,a,a,"Feb,May,Aug,Nov"
85,2013-08-10,5362,1,0,0,0,1870.0,0,0,b,a,No_Promo2
71,2013-08-10,6649,1,0,1,0,16160.0,0,0,a,a,"Mar,Jun,Sept,Dec"
102,2013-08-10,5040,1,0,1,0,150.0,0,0,a,a,"Mar,Jun,Sept,Dec"
105,2013-08-10,2397,1,0,1,0,6190.0,0,0,a,c,"Mar,Jun,Sept,Dec"
10,2013-08-10,4648,1,0,0,0,3160.0,0,0,a,a,No_Promo2
57,2013-08-10,6834,1,0,0,0,420.0,0,0,d,c,No_Promo2
50,2013-08-10,3513,1,0,0,0,6260.0,0,0,d,a,No_Promo2
49,2013-08-10,5796,1,0,0,0,16160.0,0,0,d,c,No_Promo2
1086,2013-08-10,5449,1,0,1,1,180.0,0,0,a,a,"Feb,May,Aug,Nov"
1115,2013-08-10,5272,1,0,1,1,5350.0,0,0,d,c,"Mar,Jun,Sept,Dec"
85,2013-08-11,12382,1,0,0,0,1870.0,0,0,b,a,No_Promo2
71,2013-08-11,0,0,0,1,0,16160.0,0,0,a,a,"Mar,Jun,Sept,Dec"
102,2013-08-11,0,0,0,1,0,150.0,0,0,a,a,"Mar,Jun,Sept,Dec"
105,2013-08-11,0,0,0,1,0,6190.0,0,0,a,c,"Mar,Jun,Sept,Dec"
10,2013-08-11,0,0,0,0,0,3160.0,0,0,a,a,No_Promo2
57,2013-08-11,0,0,0,0,0,420.0,0,0,d,c,No_Promo2
50,2013-08-11,0,0,0,0,0,6260.0,0,0,d,a,No_Promo2
49,2013-08-11,0,0,0,0,0,16160.0,0,0,d,c,No_Promo2
1086,2013-08-11,0,0,0,1,1,180.0,0,0,a,a,"Feb,May,Aug,Nov"
1115,2013-08-11,0,0,0,1,1,5350.0,0,0,d,c,"Mar,Jun,Sept,Dec"
85,2013-08-12,8656,1,1,0,0,1870.0,0,0,b,a,No_Promo2
71,2013-08-12,14207,1,1,1,1,16160.0,0,0,a,a,"Mar,Jun,Sept,Dec"
102,2013-08-12,12019,1,1,1,1,150.0,0,0,a,a,"Mar,Jun,Sept,Dec"
105,2013-08-12,6418,1,1,1,1,6190.0,0,0,a,c,"Mar,Jun,Sept,Dec"
10,2013-08-12,8062,1,1,0,0,3160.0,0,0,a,a,No_Promo2
57,2013-08-12,19326,1,1,0,1,420.0,0,0,d,c,No_Promo2
50,2013-08-12,6944,1,1,0,1,6260.0,0,0,d,a,No_Promo2
49,2013-08-12,9453,1,1,0,1,16160.0,0,0,d,c,No_Promo2
1115,2013-08-12,7917,1,1,1,1,5350.0,0,0,d,c,"Mar,Jun,Sept,Dec"
1086,2013-08-12,16728,1,1,1,1,180.0,0,0,a,a,"Feb,May,Aug,Nov"
102,2013-08-13,8435,1,1,1,1,150.0,0,0,a,a,"Mar,Jun,Sept,Dec"
85,2013-08-13,7823,1,1,0,0,1870.0,0,0,b,a,No_Promo2
71,2013-08-13,11818,1,1,1,1,16160.0,0,0,a,a,"Mar,Jun,Sept,Dec"
105,2013-08-13,4725,1,1,1,1,6190.0,0,0,a,c,"Mar,Jun,Sept,Dec"
10,2013-08-13,6781,1,1,0,0,3160.0,0,0,a,a,No_Promo2
57,2013-08-13,14541,1,1,0,1,420.0,0,0,d,c,No_Promo2
49,2013-08-13,8241,1,1,0,1,16160.0,0,0,d,c,No_Promo2
50,2013-08-13,5152,1,1,0,1,6260.0,0,0,d,a,No_Promo2
1115,2013-08-13,6908,1,1,1,1,5350.0,0,0,d,c,"Mar,Jun,Sept,Dec"
1086,2013-08-13,12480,1,1,1,1,180.0,0,0,a,a,"Feb,May,Aug,Nov"
85,2013-08-14,7602,1,1,0,0,1870.0,0,0,b,a,No_Promo2
71,2013-08-14,10038,1,1,1,1,16160.0,0,0,a,a,"Mar,Jun,Sept,Dec"
102,2013-08-14,8929,1,1,1,1,150.0,0,0,a,a,"Mar,Jun,Sept,Dec"
105,2013-08-14,3923,1,1,1,1,6190.0,0,0,a,c,"Mar,Jun,Sept,Dec"
10,2013-08-14,5972,1,1,0,0,3160.0,0,0,a,a,No_Promo2
57,2013-08-14,12356,1,1,0,1,420.0,0,0,d,c,No_Promo2
50,2013-08-14,4358,1,1,0,1,6260.0,0,0,d,a,No_Promo2
49,2013-08-14,8591,1,1,0,1,16160.0,0,0,d,c,No_Promo2
1086,2013-08-14,10977,1,1,1,1,180.0,0,0,a,a,"Feb,May,Aug,Nov"
1115,2013-08-14,5867,1,1,1,1,5350.0,0,0,d,c,"Mar,Jun,Sept,Dec"
102,2013-08-15,7017,1,1,1,1,150.0,0,0,a,a,"Mar,Jun,Sept,Dec"
85,2013-08-15,7106,1,1,0,0,1870.0,0,0,b,a,No_Promo2
71,2013-08-15,9171,1,1,1,1,16160.0,0,0,a,a,"Mar,Jun,Sept,Dec"
105,2013-08-15,4446,1,1,1,1,6190.0,0,0,a,c,"Mar,Jun,Sept,Dec"
10,2013-08-15,5212,1,1,0,0,3160.0,0,0,a,a,No_Promo2
57,2013-08-15,12435,1,1,0,1,420.0,0,0,d,c,No_Promo2
49,2013-08-15,6556,1,1,0,1,16160.0,0,0,d,c,No_Promo2
50,2013-08-15,5224,1,1,0,1,6260.0,0,0,d,a,No_Promo2
1115,2013-08-15,6237,1,1,1,1,5350.0,0,0,d,c,"Mar,Jun,Sept,Dec"
1086,2013-08-15,11450,1,1,1,1,180.0,0,0,a,a,"Feb,May,Aug,Nov"
85,2013-08-16,6991,1,1,0,0,1870.0,0,0,b,a,No_Promo2
71,2013-08-16,8627,1,1,1,1,16160.0,0,0,a,a,"Mar,Jun,Sept,Dec"
102,2013-08-16,6738,1,1,1,1,150.0,0,0,a,a,"Mar,Jun,Sept,Dec"
105,2013-08-16,4543,1,1,1,1,6190.0,0,0,a,c,"Mar,Jun,Sept,Dec"
10,2013-08-16,5604,1,1,0,0,3160.0,0,0,a,a,No_Promo2
57,2013-08-16,10892,1,1,0,1,420.0,0,0,d,c,No_Promo2
50,2013-08-16,4420,1,1,0,1,6260.0,0,0,d,a,No_Promo2
49,2013-08-16,7485,1,1,0,1,16160.0,0,0,d,c,No_Promo2
1115,2013-08-16,5403,1,1,1,1,5350.0,0,0,d,c,"Mar,Jun,Sept,Dec"
1086,2013-08-16,11048,1,1,1,1,180.0,0,0,a,a,"Feb,May,Aug,Nov"
85,2013-08-17,4496,1,0,0,0,1870.0,0,0,b,a,No_Promo2
71,2013-08-17,5333,1,0,1,0,16160.0,0,0,a,a,"Mar,Jun,Sept,Dec"
102,2013-08-17,3960,1,0,1,0,150.0,0,0,a,a,"Mar,Jun,Sept,Dec"
105,2013-08-17,2158,1,0,1,0,6190.0,0,0,a,c,"Mar,Jun,Sept,Dec"
10,2013-08-17,4703,1,0,0,0,3160.0,0,0,a,a,No_Promo2
57,2013-08-17,6761,1,0,0,0,420.0,0,0,d,c,No_Promo2
50,2013-08-17,3382,1,0,0,0,6260.0,0,0,d,a,No_Promo2
49,2013-08-17,5953,1,0,0,0,16160.0,0,0,d,c,No_Promo2
1115,2013-08-17,5606,1,0,1,0,5350.0,0,0,d,c,"Mar,Jun,Sept,Dec"
1086,2013-08-17,5559,1,0,1,0,180.0,0,0,a,a,"Feb,May,Aug,Nov"
71,2013-08-18,0,0,0,1,0,16160.0,0,0,a,a,"Mar,Jun,Sept,Dec"
85,2013-08-18,11884,1,0,0,0,1870.0,0,0,b,a,No_Promo2
102,2013-08-18,0,0,0,1,0,150.0,0,0,a,a,"Mar,Jun,Sept,Dec"
105,2013-08-18,0,0,0,1,0,6190.0,0,0,a,c,"Mar,Jun,Sept,Dec"
10,2013-08-18,0,0,0,0,0,3160.0,0,0,a,a,No_Promo2
57,2013-08-18,0,0,0,0,0,420.0,0,0,d,c,No_Promo2
50,2013-08-18,0,0,0,0,0,6260.0,0,0,d,a,No_Promo2
49,2013-08-18,0,0,0,0,0,16160.0,0,0,d,c,No_Promo2
1115,2013-08-18,0,0,0,1,0,5350.0,0,0,d,c,"Mar,Jun,Sept,Dec"
1086,2013-08-18,0,0,0,1,0,180.0,0,0,a,a,"Feb,May,Aug,Nov"
85,2013-08-19,5726,1,0,0,0,1870.0,0,0,b,a,No_Promo2
71,2013-08-19,7723,1,0,1,1,16160.0,0,0,a,a,"Mar,Jun,Sept,Dec"
102,2013-08-19,4687,1,0,1,1,150.0,0,0,a,a,"Mar,Jun,Sept,Dec"
105,2013-08-19,3596,1,0,1,1,6190.0,0,0,a,c,"Mar,Jun,Sept,Dec"
10,2013-08-19,4556,1,0,0,0,3160.0,0,0,a,a,No_Promo2
57,2013-08-19,8668,1,0,0,1,420.0,0,0,d,c,No_Promo2
50,2013-08-19,3380,1,0,0,0,6260.0,0,0,d,a,No_Promo2
49,2013-08-19,5531,1,0,0,1,16160.0,0,0,d,c,No_Promo2
1086,2013-08-19,7955,1,0,1,0,180.0,0,0,a,a,"Feb,May,Aug,Nov"
1115,2013-08-19,5899,1,0,1,0,5350.0,0,0,d,c,"Mar,Jun,Sept,Dec"
85,2013-08-20,5349,1,0,0,0,1870.0,0,0,b,a,No_Promo2
71,2013-08-20,6596,1,0,1,1,16160.0,0,0,a,a,"Mar,Jun,Sept,Dec"
102,2013-08-20,4128,1,0,1,1,150.0,0,0,a,a,"Mar,Jun,Sept,Dec"
105,2013-08-20,3536,1,0,1,1,6190.0,0,0,a,c,"Mar,Jun,Sept,Dec"
10,2013-08-20,4433,1,0,0,0,3160.0,0,0,a,a,No_Promo2
57,2013-08-20,9313,1,0,0,1,420.0,0,0,d,c,No_Promo2
50,2013-08-20,2399,1,0,0,0,6260.0,0,0,d,a,No_Promo2
49,2013-08-20,4818,1,0,0,1,16160.0,0,0,d,c,No_Promo2
1115,2013-08-20,4061,1,0,1,0,5350.0,0,0,d,c,"Mar,Jun,Sept,Dec"
1086,2013-08-20,7123,1,0,1,0,180.0,0,0,a,a,"Feb,May,Aug,Nov"
71,2013-08-21,6504,1,0,1,1,16160.0,0,0,a,a,"Mar,Jun,Sept,Dec"
85,2013-08-21,5042,1,0,0,0,1870.0,0,0,b,a,No_Promo2
102,2013-08-21,3706,1,0,1,1,150.0,0,0,a,a,"Mar,Jun,Sept,Dec"
105,2013-08-21,2860,1,0,1,1,6190.0,0,0,a,c,"Mar,Jun,Sept,Dec"
10,2013-08-21,4709,1,0,0,0,3160.0,0,0,a,a,No_Promo2
57,2013-08-21,8416,1,0,0,1,420.0,0,0,d,c,No_Promo2
50,2013-08-21,2426,1,0,0,0,6260.0,0,0,d,a,No_Promo2
49,2013-08-21,5352,1,0,0,1,16160.0,0,0,d,c,No_Promo2
1086,2013-08-21,7020,1,0,1,0,180.0,0,0,a,a,"Feb,May,Aug,Nov"
1115,2013-08-21,4583,1,0,1,0,5350.0,0,0,d,c,"Mar,Jun,Sept,Dec"
85,2013-08-22,4855,1,0,0,0,1870.0,0,0,b,a,No_Promo2
71,2013-08-22,6232,1,0,1,1,16160.0,0,0,a,a,"Mar,Jun,Sept,Dec"
102,2013-08-22,3980,1,0,1,1,150.0,0,0,a,a,"Mar,Jun,Sept,Dec"
105,2013-08-22,2868,1,0,1,1,6190.0,0,0,a,c,"Mar,Jun,Sept,Dec"
10,2013-08-22,4359,1,0,0,0,3160.0,0,0,a,a,No_Promo2
57,2013-08-22,8595,1,0,0,1,420.0,0,0,d,c,No_Promo2
50,2013-08-22,3115,1,0,0,0,6260.0,0,0,d,a,No_Promo2
49,2013-08-22,5533,1,0,0,1,16160.0,0,0,d,c,No_Promo2
1115,2013-08-22,4189,1,0,1,0,5350.0,0,0,d,c,"Mar,Jun,Sept,Dec"
1086,2013-08-22,6769,1,0,1,0,180.0,0,0,a,a,"Feb,May,Aug,Nov"
85,2013-08-23,5267,1,0,0,0,1870.0,0,0,b,a,No_Promo2
71,2013-08-23,5779,1,0,1,1,16160.0,0,0,a,a,"Mar,Jun,Sept,Dec"
102,2013-08-23,3972,1,0,1,1,150.0,0,0,a,a,"Mar,Jun,Sept,Dec"
105,2013-08-23,3095,1,0,1,1,6190.0,0,0,a,c,"Mar,Jun,Sept,Dec"
10,2013-08-23,4592,1,0,0,0,3160.0,0,0,a,a,No_Promo2
57,2013-08-23,9078,1,0,0,1,420.0,0,0,d,c,No_Promo2
50,2013-08-23,3079,1,0,0,0,6260.0,0,0,d,a,No_Promo2
49,2013-08-23,5807,1,0,0,1,16160.0,0,0,d,c,No_Promo2
1115,2013-08-23,4892,1,0,1,0,5350.0,0,0,d,c,"Mar,Jun,Sept,Dec"
1086,2013-08-23,7663,1,0,1,0,180.0,0,0,a,a,"Feb,May,Aug,Nov"
71,2013-08-24,4952,1,0,1,0,16160.0,0,0,a,a,"Mar,Jun,Sept,Dec"
85,2013-08-24,4829,1,0,0,0,1870.0,0,0,b,a,No_Promo2
102,2013-08-24,4242,1,0,1,0,150.0,0,0,a,a,"Mar,Jun,Sept,Dec"
105,2013-08-24,2443,1,0,1,0,6190.0,0,0,a,c,"Mar,Jun,Sept,Dec"
10,2013-08-24,5032,1,0,0,0,3160.0,0,0,a,a,No_Promo2
57,2013-08-24,7338,1,0,0,0,420.0,0,0,d,c,No_Promo2
50,2013-08-24,3783,1,0,0,0,6260.0,0,0,d,a,No_Promo2
49,2013-08-24,5524,1,0,0,0,16160.0,0,0,d,c,No_Promo2
1115,2013-08-24,4875,1,0,1,0,5350.0,0,0,d,c,"Mar,Jun,Sept,Dec"
1086,2013-08-24,6222,1,0,1,0,180.0,0,0,a,a,"Feb,May,Aug,Nov"
85,2013-08-25,11306,1,0,0,0,1870.0,0,0,b,a,No_Promo2
71,2013-08-25,0,0,0,1,0,16160.0,0,0,a,a,"Mar,Jun,Sept,Dec"
102,2013-08-25,0,0,0,1,0,150.0,0,0,a,a,"Mar,Jun,Sept,Dec"
105,2013-08-25,0,0,0,1,0,6190.0,0,0,a,c,"Mar,Jun,Sept,Dec"
10,2013-08-25,0,0,0,0,0,3160.0,0,0,a,a,No_Promo2
57,2013-08-25,0,0,0,0,0,420.0,0,0,d,c,No_Promo2
50,2013-08-25,0,0,0,0,0,6260.0,0,0,d,a,No_Promo2
49,2013-08-25,0,0,0,0,0,16160.0,0,0,d,c,No_Promo2
1115,2013-08-25,0,0,0,1,0,5350.0,0,0,d,c,"Mar,Jun,Sept,Dec"
1086,2013-08-25,0,0,0,1,0,180.0,0,0,a,a,"Feb,May,Aug,Nov"
85,2013-08-26,8885,1,1,0,0,1870.0,0,0,b,a,No_Promo2
71,2013-08-26,12177,1,1,1,1,16160.0,0,0,a,a,"Mar,Jun,Sept,Dec"
102,2013-08-26,9264,1,1,1,1,150.0,0,0,a,a,"Mar,Jun,Sept,Dec"
105,2013-08-26,5662,1,1,1,1,6190.0,0,0,a,c,"Mar,Jun,Sept,Dec"
10,2013-08-26,6588,1,1,0,0,3160.0,0,0,a,a,No_Promo2
57,2013-08-26,19200,1,1,0,0,420.0,0,0,d,c,No_Promo2
50,2013-08-26,6052,1,1,0,0,6260.0,0,0,d,a,No_Promo2
49,2013-08-26,9519,1,1,0,1,16160.0,0,0,d,c,No_Promo2
1086,2013-08-26,16061,1,1,1,0,180.0,0,0,a,a,"Feb,May,Aug,Nov"
1115,2013-08-26,9322,1,1,1,0,5350.0,0,0,d,c,"Mar,Jun,Sept,Dec"
85,2013-08-27,6598,1,1,0,0,1870.0,0,0,b,a,No_Promo2
71,2013-08-27,10410,1,1,1,1,16160.0,0,0,a,a,"Mar,Jun,Sept,Dec"
102,2013-08-27,6813,1,1,1,1,150.0,0,0,a,a,"Mar,Jun,Sept,Dec"
105,2013-08-27,3702,1,1,1,1,6190.0,0,0,a,c,"Mar,Jun,Sept,Dec"
10,2013-08-27,6350,1,1,0,0,3160.0,0,0,a,a,No_Promo2
57,2013-08-27,14142,1,1,0,0,420.0,0,0,d,c,No_Promo2
50,2013-08-27,4922,1,1,0,0,6260.0,0,0,d,a,No_Promo2
49,2013-08-27,7181,1,1,0,1,16160.0,0,0,d,c,No_Promo2
1115,2013-08-27,6095,1,1,1,0,5350.0,0,0,d,c,"Mar,Jun,Sept,Dec"
1086,2013-08-27,12349,1,1,1,0,180.0,0,0,a,a,"Feb,May,Aug,Nov"
85,2013-08-28,7139,1,1,0,0,1870.0,0,0,b,a,No_Promo2
71,2013-08-28,9067,1,1,1,1,16160.0,0,0,a,a,"Mar,Jun,Sept,Dec"
102,2013-08-28,6465,1,1,1,1,150.0,0,0,a,a,"Mar,Jun,Sept,Dec"
105,2013-08-28,4267,1,1,1,1,6190.0,0,0,a,c,"Mar,Jun,Sept,Dec"
10,2013-08-28,5791,1,1,0,0,3160.0,0,0,a,a,No_Promo2
57,2013-08-28,12263,1,1,0,0,420.0,0,0,d,c,No_Promo2
50,2013-08-28,4465,1,1,0,0,6260.0,0,0,d,a,No_Promo2
49,2013-08-28,6925,1,1,0,1,16160.0,0,0,d,c,No_Promo2
1115,2013-08-28,5773,1,1,1,0,5350.0,0,0,d,c,"Mar,Jun,Sept,Dec"
1086,2013-08-28,11215,1,1,1,0,180.0,0,0,a,a,"Feb,May,Aug,Nov"
85,2013-08-29,6156,1,1,0,0,1870.0,0,0,b,a,No_Promo2
71,2013-08-29,9550,1,1,1,1,16160.0,0,0,a,a,"Mar,Jun,Sept,Dec"
102,2013-08-29,6972,1,1,1,1,150.0,0,0,a,a,"Mar,Jun,Sept,Dec"
105,2013-08-29,4188,1,1,1,1,6190.0,0,0,a,c,"Mar,Jun,Sept,Dec"
10,2013-08-29,5578,1,1,0,0,3160.0,0,0,a,a,No_Promo2
57,2013-08-29,11478,1,1,0,0,420.0,0,0,d,c,No_Promo2
50,2013-08-29,3886,1,1,0,0,6260.0,0,0,d,a,No_Promo2
49,2013-08-29,6773,1,1,0,1,16160.0,0,0,d,c,No_Promo2
1115,2013-08-29,6570,1,1,1,0,5350.0,0,0,d,c,"Mar,Jun,Sept,Dec"
1086,2013-08-29,10771,1,1,1,0,180.0,0,0,a,a,"Feb,May,Aug,Nov"
85,2013-08-30,7207,1,1,0,0,1870.0,0,0,b,a,No_Promo2
71,2013-08-30,12245,1,1,1,1,16160.0,0,0,a,a,"Mar,Jun,Sept,Dec"
102,2013-08-30,10777,1,1,1,1,150.0,0,0,a,a,"Mar,Jun,Sept,Dec"
105,2013-08-30,4726,1,1,1,1,6190.0,0,0,a,c,"Mar,Jun,Sept,Dec"
10,2013-08-30,6448,1,1,0,0,3160.0,0,0,a,a,No_Promo2
57,2013-08-30,14637,1,1,0,0,420.0,0,0,d,c,No_Promo2
50,2013-08-30,5414,1,1,0,0,6260.0,0,0,d,a,No_Promo2
49,2013-08-30,7252,1,1,0,1,16160.0,0,0,d,c,No_Promo2
1115,2013-08-30,7545,1,1,1,0,5350.0,0,0,d,c,"Mar,Jun,Sept,Dec"
1086,2013-08-30,12157,1,1,1,0,180.0,0,0,a,a,"Feb,May,Aug,Nov"
85,2013-08-31,5582,1,0,0,0,1870.0,0,0,b,a,No_Promo2
71,2013-08-31,6456,1,0,1,0,16160.0,0,0,a,a,"Mar,Jun,Sept,Dec"
102,2013-08-31,6454,1,0,1,0,150.0,0,0,a,a,"Mar,Jun,Sept,Dec"
105,2013-08-31,2870,1,0,1,0,6190.0,0,0,a,c,"Mar,Jun,Sept,Dec"
10,2013-08-31,4717,1,0,0,0,3160.0,0,0,a,a,No_Promo2
57,2013-08-31,8620,1,0,0,0,420.0,0,0,d,c,No_Promo2
50,2013-08-31,4574,1,0,0,0,6260.0,0,0,d,a,No_Promo2
49,2013-08-31,6946,1,0,0,0,16160.0,0,0,d,c,No_Promo2
1115,2013-08-31,6374,1,0,1,0,5350.0,0,0,d,c,"Mar,Jun,Sept,Dec"
1086,2013-08-31,7126,1,0,1,0,180.0,0,0,a,a,"Feb,May,Aug,Nov"
85,2013-09-01,13706,1,0,0,0,1870.0,0,0,b,a,No_Promo2
71,2013-09-01,0,0,0,1,0,16160.0,0,0,a,a,"Mar,Jun,Sept,Dec"
102,2013-09-01,0,0,0,1,0,150.0,0,0,a,a,"Mar,Jun,Sept,Dec"
105,2013-09-01,0,0,0,1,0,6190.0,0,0,a,c,"Mar,Jun,Sept,Dec"
10,2013-09-01,0,0,0,0,0,3160.0,0,0,a,a,No_Promo2
57,2013-09-01,0,0,0,0,0,420.0,0,0,d,c,No_Promo2
50,2013-09-01,0,0,0,0,0,6260.0,0,0,d,a,No_Promo2
49,2013-09-01,0,0,0,0,0,16160.0,0,0,d,c,No_Promo2
1115,2013-09-01,0,0,0,1,0,5350.0,0,0,d,c,"Mar,Jun,Sept,Dec"
1086,2013-09-01,0,0,0,1,0,180.0,0,0,a,a,"Feb,May,Aug,Nov"
71,2013-09-02,7412,1,0,1,1,16160.0,0,0,a,a,"Mar,Jun,Sept,Dec"
85,2013-09-02,5734,1,0,0,0,1870.0,0,0,b,a,No_Promo2
102,2013-09-02,7177,1,0,1,1,150.0,0,0,a,a,"Mar,Jun,Sept,Dec"
105,2013-09-02,3138,1,0,1,1,6190.0,0,0,a,c,"Mar,Jun,Sept,Dec"
10,2013-09-02,4674,1,0,0,0,3160.0,0,0,a,a,No_Promo2
57,2013-09-02,8973,1,0,0,0,420.0,0,0,d,c,No_Promo2
50,2013-09-02,3503,1,0,0,0,6260.0,0,0,d,a,No_Promo2
49,2013-09-02,5631,1,0,0,1,16160.0,0,0,d,c,No_Promo2
1115,2013-09-02,3977,1,0,1,0,5350.0,0,0,d,c,"Mar,Jun,Sept,Dec"
1086,2013-09-02,7921,1,0,1,0,180.0,0,0,a,a,"Feb,May,Aug,Nov"
85,2013-09-03,5227,1,0,0,0,1870.0,0,0,b,a,No_Promo2
71,2013-09-03,7202,1,0,1,1,16160.0,0,0,a,a,"Mar,Jun,Sept,Dec"
102,2013-09-03,5845,1,0,1,1,150.0,0,0,a,a,"Mar,Jun,Sept,Dec"
105,2013-09-03,2918,1,0,1,1,6190.0,0,0,a,c,"Mar,Jun,Sept,Dec"
10,2013-09-03,4968,1,0,0,0,3160.0,0,0,a,a,No_Promo2
57,2013-09-03,8916,1,0,0,0,420.0,0,0,d,c,No_Promo2
50,2013-09-03,2938,1,0,0,0,6260.0,0,0,d,a,No_Promo2
49,2013-09-03,5283,1,0,0,1,16160.0,0,0,d,c,No_Promo2
1086,2013-09-03,7817,1,0,1,0,180.0,0,0,a,a,"Feb,May,Aug,Nov"
1115,2013-09-03,3504,1,0,1,0,5350.0,0,0,d,c,"Mar,Jun,Sept,Dec"
85,2013-09-04,5602,1,0,0,0,1870.0,0,0,b,a,No_Promo2
71,2013-09-04,7327,1,0,1,0,16160.0,0,0,a,a,"Mar,Jun,Sept,Dec"
102,2013-09-04,5276,1,0,1,0,150.0,0,0,a,a,"Mar,Jun,Sept,Dec"
105,2013-09-04,3445,1,0,1,1,6190.0,0,0,a,c,"Mar,Jun,Sept,Dec"
10,2013-09-04,4160,1,0,0,0,3160.0,0,0,a,a,No_Promo2
57,2013-09-04,9000,1,0,0,0,420.0,0,0,d,c,No_Promo2
50,2013-09-04,3062,1,0,0,0,6260.0,0,0,d,a,No_Promo2
49,2013-09-04,5081,1,0,0,1,16160.0,0,0,d,c,No_Promo2
1115,2013-09-04,3444,1,0,1,0,5350.0,0,0,d,c,"Mar,Jun,Sept,Dec"
1086,2013-09-04,7305,1,0,1,0,180.0,0,0,a,a,"Feb,May,Aug,Nov"
102,2013-09-05,3736,1,0,1,0,150.0,0,0,a,a,"Mar,Jun,Sept,Dec"
85,2013-09-05,5223,1,0,0,0,1870.0,0,0,b,a,No_Promo2
71,2013-09-05,6419,1,0,1,0,16160.0,0,0,a,a,"Mar,Jun,Sept,Dec"
105,2013-09-05,2933,1,0,1,1,6190.0,0,0,a,c,"Mar,Jun,Sept,Dec"
10,2013-09-05,4717,1,0,0,0,3160.0,0,0,a,a,No_Promo2
57,2013-09-05,9459,1,0,0,0,420.0,0,0,d,c,No_Promo2
49,2013-09-05,5487,1,0,0,1,16160.0,0,0,d,c,No_Promo2
50,2013-09-05,2962,1,0,0,0,6260.0,0,0,d,a,No_Promo2
1086,2013-09-05,8028,1,0,1,0,180.0,0,0,a,a,"Feb,May,Aug,Nov"
1115,2013-09-05,3795,1,0,1,0,5350.0,0,0,d,c,"Mar,Jun,Sept,Dec"
71,2013-09-06,7498,1,0,1,0,16160.0,0,0,a,a,"Mar,Jun,Sept,Dec"
85,2013-09-06,5242,1,0,0,0,1870.0,0,0,b,a,No_Promo2
102,2013-09-06,3945,1,0,1,0,150.0,0,0,a,a,"Mar,Jun,Sept,Dec"
105,2013-09-06,3445,1,0,1,1,6190.0,0,0,a,c,"Mar,Jun,Sept,Dec"
10,2013-09-06,4582,1,0,0,0,3160.0,0,0,a,a,No_Promo2
57,2013-09-06,9956,1,0,0,0,420.0,0,0,d,c,No_Promo2
50,2013-09-06,2991,1,0,0,0,6260.0,0,0,d,a,No_Promo2
49,2013-09-06,5249,1,0,0,1,16160.0,0,0,d,c,No_Promo2
1086,2013-09-06,7395,1,0,1,0,180.0,0,0,a,a,"Feb,May,Aug,Nov"
1115,2013-09-06,5426,1,0,1,0,5350.0,0,0,d,c,"Mar,Jun,Sept,Dec"
85,2013-09-07,5428,1,0,0,0,1870.0,0,0,b,a,No_Promo2
71,2013-09-07,6795,1,0,1,0,16160.0,0,0,a,a,"Mar,Jun,Sept,Dec"
102,2013-09-07,5564,1,0,1,0,150.0,0,0,a,a,"Mar,Jun,Sept,Dec"
105,2013-09-07,2887,1,0,1,0,6190.0,0,0,a,c,"Mar,Jun,Sept,Dec"
10,2013-09-07,4467,1,0,0,0,3160.0,0,0,a,a,No_Promo2
57,2013-09-07,7314,1,0,0,0,420.0,0,0,d,c,No_Promo2
50,2013-09-07,3773,1,0,0,0,6260.0,0,0,d,a,No_Promo2
49,2013-09-07,6962,1,0,0,0,16160.0,0,0,d,c,No_Promo2
1086,2013-09-07,5575,1,0,1,0,180.0,0,0,a,a,"Feb,May,Aug,Nov"
1115,2013-09-07,6421,1,0,1,0,5350.0,0,0,d,c,"Mar,Jun,Sept,Dec"
71,2013-09-08,0,0,0,1,0,16160.0,0,0,a,a,"Mar,Jun,Sept,Dec"
85,2013-09-08,8383,1,0,0,0,1870.0,0,0,b,a,No_Promo2
102,2013-09-08,0,0,0,1,0,150.0,0,0,a,a,"Mar,Jun,Sept,Dec"
105,2013-09-08,0,0,0,1,0,6190.0,0,0,a,c,"Mar,Jun,Sept,Dec"
10,2013-09-08,0,0,0,0,0,3160.0,0,0,a,a,No_Promo2
57,2013-09-08,0,0,0,0,0,420.0,0,0,d,c,No_Promo2
50,2013-09-08,0,0,0,0,0,6260.0,0,0,d,a,No_Promo2
49,2013-09-08,0,0,0,0,0,16160.0,0,0,d,c,No_Promo2
1115,2013-09-08,0,0,0,1,0,5350.0,0,0,d,c,"Mar,Jun,Sept,Dec"
1086,2013-09-08,0,0,0,1,0,180.0,0,0,a,a,"Feb,May,Aug,Nov"
85,2013-09-09,7959,1,1,0,0,1870.0,0,0,b,a,No_Promo2
71,2013-09-09,15770,1,1,1,0,16160.0,0,0,a,a,"Mar,Jun,Sept,Dec"
102,2013-09-09,12074,1,1,1,0,150.0,0,0,a,a,"Mar,Jun,Sept,Dec"
105,2013-09-09,6888,1,1,1,0,6190.0,0,0,a,c,"Mar,Jun,Sept,Dec"
10,2013-09-09,7486,1,1,0,0,3160.0,0,0,a,a,No_Promo2
57,2013-09-09,17354,1,1,0,0,420.0,0,0,d,c,No_Promo2
50,2013-09-09,6526,1,1,0,0,6260.0,0,0,d,a,No_Promo2
49,2013-09-09,12032,1,1,0,0,16160.0,0,0,d,c,No_Promo2
1086,2013-09-09,15876,1,1,1,0,180.0,0,0,a,a,"Feb,May,Aug,Nov"
1115,2013-09-09,8044,1,1,1,0,5350.0,0,0,d,c,"Mar,Jun,Sept,Dec"
85,2013-09-10,7756,1,1,0,0,1870.0,0,0,b,a,No_Promo2
71,2013-09-10,10786,1,1,1,0,16160.0,0,0,a,a,"Mar,Jun,Sept,Dec"
102,2013-09-10,8309,1,1,1,0,150.0,0,0,a,a,"Mar,Jun,Sept,Dec"
105,2013-09-10,5016,1,1,1,0,6190.0,0,0,a,c,"Mar,Jun,Sept,Dec"
10,2013-09-10,5937,1,1,0,0,3160.0,0,0,a,a,No_Promo2
57,2013-09-10,14164,1,1,0,0,420.0,0,0,d,c,No_Promo2
50,2013-09-10,5340,1,1,0,0,6260.0,0,0,d,a,No_Promo2
49,2013-09-10,9165,1,1,0,0,16160.0,0,0,d,c,No_Promo2
1086,2013-09-10,11700,1,1,1,0,180.0,0,0,a,a,"Feb,May,Aug,Nov"
1115,2013-09-10,6744,1,1,1,0,5350.0,0,0,d,c,"Mar,Jun,Sept,Dec"
85,2013-09-11,6800,1,1,0,0,1870.0,0,0,b,a,No_Promo2
71,2013-09-11,10939,1,1,1,0,16160.0,0,0,a,a,"Mar,Jun,Sept,Dec"
102,2013-09-11,7543,1,1,1,0,150.0,0,0,a,a,"Mar,Jun,Sept,Dec"
105,2013-09-11,5053,1,1,1,0,6190.0,0,0,a,c,"Mar,Jun,Sept,Dec"
10,2013-09-11,4936,1,1,0,0,3160.0,0,0,a,a,No_Promo2
57,2013-09-11,12476,1,1,0,0,420.0,0,0,d,c,No_Promo2
50,2013-09-11,4755,1,1,0,0,6260.0,0,0,d,a,No_Promo2
49,2013-09-11,7086,1,1,0,0,16160.0,0,0,d,c,No_Promo2
1115,2013-09-11,5978,1,1,1,0,5350.0,0,0,d,c,"Mar,Jun,Sept,Dec"
1086,2013-09-11,10146,1,1,1,0,180.0,0,0,a,a,"Feb,May,Aug,Nov"
85,2013-09-12,6439,1,1,0,0,1870.0,0,0,b,a,No_Promo2
71,2013-09-12,10874,1,1,1,0,16160.0,0,0,a,a,"Mar,Jun,Sept,Dec"
102,2013-09-12,7803,1,1,1,0,150.0,0,0,a,a,"Mar,Jun,Sept,Dec"
105,2013-09-12,3772,1,1,1,0,6190.0,0,0,a,c,"Mar,Jun,Sept,Dec"
10,2013-09-12,5681,1,1,0,0,3160.0,0,0,a,a,No_Promo2
57,2013-09-12,12253,1,1,0,0,420.0,0,0,d,c,No_Promo2
50,2013-09-12,4272,1,1,0,0,6260.0,0,0,d,a,No_Promo2
49,2013-09-12,6956,1,1,0,0,16160.0,0,0,d,c,No_Promo2
1115,2013-09-12,6110,1,1,1,0,5350.0,0,0,d,c,"Mar,Jun,Sept,Dec"
1086,2013-09-12,10510,1,1,1,0,180.0,0,0,a,a,"Feb,May,Aug,Nov"
85,2013-09-13,6417,1,1,0,0,1870.0,0,0,b,a,No_Promo2
71,2013-09-13,11714,1,1,1,0,16160.0,0,0,a,a,"Mar,Jun,Sept,Dec"
102,2013-09-13,7668,1,1,1,0,150.0,0,0,a,a,"Mar,Jun,Sept,Dec"
105,2013-09-13,4463,1,1,1,0,6190.0,0,0,a,c,"Mar,Jun,Sept,Dec"
10,2013-09-13,5518,1,1,0,0,3160.0,0,0,a,a,No_Promo2
57,2013-09-13,12545,1,1,0,0,420.0,0,0,d,c,No_Promo2
50,2013-09-13,4727,1,1,0,0,6260.0,0,0,d,a,No_Promo2
49,2013-09-13,6632,1,1,0,0,16160.0,0,0,d,c,No_Promo2
1115,2013-09-13,6703,1,1,1,0,5350.0,0,0,d,c,"Mar,Jun,Sept,Dec"
1086,2013-09-13,10789,1,1,1,0,180.0,0,0,a,a,"Feb,May,Aug,Nov"
85,2013-09-14,4951,1,0,0,0,1870.0,0,0,b,a,No_Promo2
71,2013-09-14,6912,1,0,1,0,16160.0,0,0,a,a,"Mar,Jun,Sept,Dec"
102,2013-09-14,4790,1,0,1,0,150.0,0,0,a,a,"Mar,Jun,Sept,Dec"
105,2013-09-14,2669,1,0,1,0,6190.0,0,0,a,c,"Mar,Jun,Sept,Dec"
10,2013-09-14,4262,1,0,0,0,3160.0,0,0,a,a,No_Promo2
57,2013-09-14,7941,1,0,0,0,420.0,0,0,d,c,No_Promo2
50,2013-09-14,3845,1,0,0,0,6260.0,0,0,d,a,No_Promo2
49,2013-09-14,6531,1,0,0,0,16160.0,0,0,d,c,No_Promo2
1115,2013-09-14,6093,1,0,1,0,5350.0,0,0,d,c,"Mar,Jun,Sept,Dec"
1086,2013-09-14,5586,1,0,1,0,180.0,0,0,a,a,"Feb,May,Aug,Nov"
85,2013-09-15,12193,1,0,0,0,1870.0,0,0,b,a,No_Promo2
71,2013-09-15,0,0,0,1,0,16160.0,0,0,a,a,"Mar,Jun,Sept,Dec"
102,2013-09-15,0,0,0,1,0,150.0,0,0,a,a,"Mar,Jun,Sept,Dec"
105,2013-09-15,0,0,0,1,0,6190.0,0,0,a,c,"Mar,Jun,Sept,Dec"
10,2013-09-15,0,0,0,0,0,3160.0,0,0,a,a,No_Promo2
57,2013-09-15,0,0,0,0,0,420.0,0,0,d,c,No_Promo2
50,2013-09-15,0,0,0,0,0,6260.0,0,0,d,a,No_Promo2
49,2013-09-15,0,0,0,0,0,16160.0,0,0,d,c,No_Promo2
1115,2013-09-15,0,0,0,1,0,5350.0,0,0,d,c,"Mar,Jun,Sept,Dec"
1086,2013-09-15,0,0,0,1,0,180.0,0,0,a,a,"Feb,May,Aug,Nov"
71,2013-09-16,7008,1,0,1,0,16160.0,0,0,a,a,"Mar,Jun,Sept,Dec"
85,2013-09-16,5575,1,0,0,0,1870.0,0,0,b,a,No_Promo2
102,2013-09-16,4876,1,0,1,0,150.0,0,0,a,a,"Mar,Jun,Sept,Dec"
105,2013-09-16,3830,1,0,1,0,6190.0,0,0,a,c,"Mar,Jun,Sept,Dec"
10,2013-09-16,5405,1,0,0,0,3160.0,0,0,a,a,No_Promo2
57,2013-09-16,9283,1,0,0,0,420.0,0,0,d,c,No_Promo2
50,2013-09-16,3044,1,0,0,0,6260.0,0,0,d,a,No_Promo2
49,2013-09-16,5028,1,0,0,0,16160.0,0,0,d,c,No_Promo2
1115,2013-09-16,3664,1,0,1,0,5350.0,0,0,d,c,"Mar,Jun,Sept,Dec"
1086,2013-09-16,7731,1,0,1,0,180.0,0,0,a,a,"Feb,May,Aug,Nov"
85,2013-09-17,4940,1,0,0,0,1870.0,0,0,b,a,No_Promo2
71,2013-09-17,6292,1,0,1,0,16160.0,0,0,a,a,"Mar,Jun,Sept,Dec"
102,2013-09-17,4715,1,0,1,0,150.0,0,0,a,a,"Mar,Jun,Sept,Dec"
105,2013-09-17,3210,1,0,1,0,6190.0,0,0,a,c,"Mar,Jun,Sept,Dec"
10,2013-09-17,4394,1,0,0,0,3160.0,0,0,a,a,No_Promo2
57,2013-09-17,8462,1,0,0,0,420.0,0,0,d,c,No_Promo2
50,2013-09-17,3056,1,0,0,0,6260.0,0,0,d,a,No_Promo2
49,2013-09-17,5128,1,0,0,0,16160.0,0,0,d,c,No_Promo2
1086,2013-09-17,6407,1,0,1,0,180.0,0,0,a,a,"Feb,May,Aug,Nov"
1115,2013-09-17,3574,1,0,1,0,5350.0,0,0,d,c,"Mar,Jun,Sept,Dec"
85,2013-09-18,4560,1,0,0,0,1870.0,0,0,b,a,No_Promo2
71,2013-09-18,6562,1,0,1,0,16160.0,0,0,a,a,"Mar,Jun,Sept,Dec"
102,2013-09-18,4008,1,0,1,0,150.0,0,0,a,a,"Mar,Jun,Sept,Dec"
105,2013-09-18,3107,1,0,1,0,6190.0,0,0,a,c,"Mar,Jun,Sept,Dec"
10,2013-09-18,4544,1,0,0,0,3160.0,0,0,a,a,No_Promo2
57,2013-09-18,7480,1,0,0,0,420.0,0,0,d,c,No_Promo2
50,2013-09-18,2658,1,0,0,0,6260.0,0,0,d,a,No_Promo2
49,2013-09-18,5002,1,0,0,0,16160.0,0,0,d,c,No_Promo2
1115,2013-09-18,3816,1,0,1,0,5350.0,0,0,d,c,"Mar,Jun,Sept,Dec"
1086,2013-09-18,6259,1,0,1,0,180.0,0,0,a,a,"Feb,May,Aug,Nov"
85,2013-09-19,4656,1,0,0,0,1870.0,0,0,b,a,No_Promo2
71,2013-09-19,5794,1,0,1,0,16160.0,0,0,a,a,"Mar,Jun,Sept,Dec"
102,2013-09-19,4104,1,0,1,0,150.0,0,0,a,a,"Mar,Jun,Sept,Dec"
105,2013-09-19,3385,1,0,1,0,6190.0,0,0,a,c,"Mar,Jun,Sept,Dec"
10,2013-09-19,4205,1,0,0,0,3160.0,0,0,a,a,No_Promo2
57,2013-09-19,9017,1,0,0,0,420.0,0,0,d,c,No_Promo2
50,2013-09-19,2482,1,0,0,0,6260.0,0,0,d,a,No_Promo2
49,2013-09-19,4833,1,0,0,0,16160.0,0,0,d,c,No_Promo2
1115,2013-09-19,4409,1,0,1,0,5350.0,0,0,d,c,"Mar,Jun,Sept,Dec"
1086,2013-09-19,7117,1,0,1,0,180.0,0,0,a,a,"Feb,May,Aug,Nov"
85,2013-09-20,4949,1,0,0,0,1870.0,0,0,b,a,No_Promo2
71,2013-09-20,7368,1,0,1,0,16160.0,0,0,a,a,"Mar,Jun,Sept,Dec"
102,2013-09-20,4415,1,0,1,0,150.0,0,0,a,a,"Mar,Jun,Sept,Dec"
105,2013-09-20,3097,1,0,1,0,6190.0,0,0,a,c,"Mar,Jun,Sept,Dec"
10,2013-09-20,4708,1,0,0,0,3160.0,0,0,a,a,No_Promo2
57,2013-09-20,9544,1,0,0,0,420.0,0,0,d,c,No_Promo2
50,2013-09-20,2841,1,0,0,0,6260.0,0,0,d,a,No_Promo2
49,2013-09-20,6052,1,0,0,0,16160.0,0,0,d,c,No_Promo2
1115,2013-09-20,4488,1,0,1,0,5350.0,0,0,d,c,"Mar,Jun,Sept,Dec"
1086,2013-09-20,6316,1,0,1,0,180.0,0,0,a,a,"Feb,May,Aug,Nov"
85,2013-09-21,4374,1,0,0,0,1870.0,0,0,b,a,No_Promo2
71,2013-09-21,5796,1,0,1,0,16160.0,0,0,a,a,"Mar,Jun,Sept,Dec"
102,2013-09-21,5120,1,0,1,0,150.0,0,0,a,a,"Mar,Jun,Sept,Dec"
105,2013-09-21,2692,1,0,1,0,6190.0,0,0,a,c,"Mar,Jun,Sept,Dec"
10,2013-09-21,4137,1,0,0,0,3160.0,0,0,a,a,No_Promo2
57,2013-09-21,6800,1,0,0,0,420.0,0,0,d,c,No_Promo2
50,2013-09-21,3623,1,0,0,0,6260.0,0,0,d,a,No_Promo2
49,2013-09-21,5299,1,0,0,0,16160.0,0,0,d,c,No_Promo2
1115,2013-09-21,4678,1,0,1,0,5350.0,0,0,d,c,"Mar,Jun,Sept,Dec"
1086,2013-09-21,5398,1,0,1,0,180.0,0,0,a,a,"Feb,May,Aug,Nov"
102,2013-09-22,0,0,0,1,0,150.0,0,0,a,a,"Mar,Jun,Sept,Dec"
85,2013-09-22,7317,1,0,0,0,1870.0,0,0,b,a,No_Promo2
105,2013-09-22,0,0,0,1,0,6190.0,0,0,a,c,"Mar,Jun,Sept,Dec"
71,2013-09-22,0,0,0,1,0,16160.0,0,0,a,a,"Mar,Jun,Sept,Dec"
10,2013-09-22,0,0,0,0,0,3160.0,0,0,a,a,No_Promo2
57,2013-09-22,0,0,0,0,0,420.0,0,0,d,c,No_Promo2
49,2013-09-22,0,0,0,0,0,16160.0,0,0,d,c,No_Promo2
50,2013-09-22,0,0,0,0,0,6260.0,0,0,d,a,No_Promo2
1115,2013-09-22,0,0,0,1,0,5350.0,0,0,d,c,"Mar,Jun,Sept,Dec"
1086,2013-09-22,0,0,0,1,0,180.0,0,0,a,a,"Feb,May,Aug,Nov"
85,2013-09-23,7262,1,1,0,0,1870.0,0,0,b,a,No_Promo2
71,2013-09-23,12515,1,1,1,0,16160.0,0,0,a,a,"Mar,Jun,Sept,Dec"
102,2013-09-23,9137,1,1,1,0,150.0,0,0,a,a,"Mar,Jun,Sept,Dec"
105,2013-09-23,5548,1,1,1,0,6190.0,0,0,a,c,"Mar,Jun,Sept,Dec"
10,2013-09-23,7333,1,1,0,0,3160.0,0,0,a,a,No_Promo2
57,2013-09-23,16198,1,1,0,0,420.0,0,0,d,c,No_Promo2
50,2013-09-23,5999,1,1,0,0,6260.0,0,0,d,a,No_Promo2
49,2013-09-23,7947,1,1,0,0,16160.0,0,0,d,c,No_Promo2
1086,2013-09-23,12790,1,1,1,0,180.0,0,0,a,a,"Feb,May,Aug,Nov"
1115,2013-09-23,6873,1,1,1,0,5350.0,0,0,d,c,"Mar,Jun,Sept,Dec"
85,2013-09-24,6893,1,1,0,0,1870.0,0,0,b,a,No_Promo2
71,2013-09-24,9564,1,1,1,0,16160.0,0,0,a,a,"Mar,Jun,Sept,Dec"
102,2013-09-24,7391,1,1,1,0,150.0,0,0,a,a,"Mar,Jun,Sept,Dec"
105,2013-09-24,4601,1,1,1,0,6190.0,0,0,a,c,"Mar,Jun,Sept,Dec"
10,2013-09-24,5854,1,1,0,0,3160.0,0,0,a,a,No_Promo2
57,2013-09-24,12689,1,1,0,0,420.0,0,0,d,c,No_Promo2
50,2013-09-24,3792,1,1,0,0,6260.0,0,0,d,a,No_Promo2
49,2013-09-24,6271,1,1,0,0,16160.0,0,0,d,c,No_Promo2
1086,2013-09-24,10347,1,1,1,0,180.0,0,0,a,a,"Feb,May,Aug,Nov"
1115,2013-09-24,5220,1,1,1,0,5350.0,0,0,d,c,"Mar,Jun,Sept,Dec"
85,2013-09-25,6959,1,1,0,0,1870.0,0,0,b,a,No_Promo2
71,2013-09-25,7529,1,1,1,0,16160.0,0,0,a,a,"Mar,Jun,Sept,Dec"
102,2013-09-25,6318,1,1,1,0,150.0,0,0,a,a,"Mar,Jun,Sept,Dec"
105,2013-09-25,3994,1,1,1,0,6190.0,0,0,a,c,"Mar,Jun,Sept,Dec"
10,2013-09-25,5359,1,1,0,0,3160.0,0,0,a,a,No_Promo2
57,2013-09-25,11069,1,1,0,0,420.0,0,0,d,c,No_Promo2
50,2013-09-25,4483,1,1,0,0,6260.0,0,0,d,a,No_Promo2
49,2013-09-25,5737,1,1,0,0,16160.0,0,0,d,c,No_Promo2
1115,2013-09-25,5728,1,1,1,0,5350.0,0,0,d,c,"Mar,Jun,Sept,Dec"
1086,2013-09-25,9874,1,1,1,0,180.0,0,0,a,a,"Feb,May,Aug,Nov"
85,2013-09-26,6629,1,1,0,0,1870.0,0,0,b,a,No_Promo2
71,2013-09-26,8263,1,1,1,0,16160.0,0,0,a,a,"Mar,Jun,Sept,Dec"
102,2013-09-26,6603,1,1,1,0,150.0,0,0,a,a,"Mar,Jun,Sept,Dec"
105,2013-09-26,3908,1,1,1,0,6190.0,0,0,a,c,"Mar,Jun,Sept,Dec"
10,2013-09-26,5083,1,1,0,0,3160.0,0,0,a,a,No_Promo2
57,2013-09-26,10962,1,1,0,0,420.0,0,0,d,c,No_Promo2
50,2013-09-26,4708,1,1,0,0,6260.0,0,0,d,a,No_Promo2
49,2013-09-26,7389,1,1,0,0,16160.0,0,0,d,c,No_Promo2
1115,2013-09-26,5647,1,1,1,0,5350.0,0,0,d,c,"Mar,Jun,Sept,Dec"
1086,2013-09-26,10126,1,1,1,0,180.0,0,0,a,a,"Feb,May,Aug,Nov"
85,2013-09-27,6565,1,1,0,0,1870.0,0,0,b,a,No_Promo2
71,2013-09-27,9872,1,1,1,0,16160.0,0,0,a,a,"Mar,Jun,Sept,Dec"
102,2013-09-27,6109,1,1,1,0,150.0,0,0,a,a,"Mar,Jun,Sept,Dec"
105,2013-09-27,4592,1,1,1,0,6190.0,0,0,a,c,"Mar,Jun,Sept,Dec"
10,2013-09-27,5088,1,1,0,0,3160.0,0,0,a,a,No_Promo2
57,2013-09-27,12147,1,1,0,0,420.0,0,0,d,c,No_Promo2
50,2013-09-27,4718,1,1,0,0,6260.0,0,0,d,a,No_Promo2
49,2013-09-27,7428,1,1,0,0,16160.0,0,0,d,c,No_Promo2
1115,2013-09-27,5868,1,1,1,0,5350.0,0,0,d,c,"Mar,Jun,Sept,Dec"
1086,2013-09-27,9790,1,1,1,0,180.0,0,0,a,a,"Feb,May,Aug,Nov"
85,2013-09-28,5088,1,0,0,0,1870.0,0,0,b,a,No_Promo2
71,2013-09-28,6879,1,0,1,0,16160.0,0,0,a,a,"Mar,Jun,Sept,Dec"
102,2013-09-28,5664,1,0,1,0,150.0,0,0,a,a,"Mar,Jun,Sept,Dec"
105,2013-09-28,2595,1,0,1,0,6190.0,0,0,a,c,"Mar,Jun,Sept,Dec"
10,2013-09-28,4681,1,0,0,0,3160.0,0,0,a,a,No_Promo2
57,2013-09-28,7528,1,0,0,0,420.0,0,0,d,c,No_Promo2
50,2013-09-28,4348,1,0,0,0,6260.0,0,0,d,a,No_Promo2
49,2013-09-28,7344,1,0,0,0,16160.0,0,0,d,c,No_Promo2
1115,2013-09-28,6001,1,0,1,0,5350.0,0,0,d,c,"Mar,Jun,Sept,Dec"
1086,2013-09-28,6093,1,0,1,0,180.0,0,0,a,a,"Feb,May,Aug,Nov"
102,2013-09-29,0,0,0,1,0,150.0,0,0,a,a,"Mar,Jun,Sept,Dec"
85,2013-09-29,13267,1,0,0,0,1870.0,0,0,b,a,No_Promo2
71,2013-09-29,0,0,0,1,0,16160.0,0,0,a,a,"Mar,Jun,Sept,Dec"
105,2013-09-29,0,0,0,1,0,6190.0,0,0,a,c,"Mar,Jun,Sept,Dec"
10,2013-09-29,0,0,0,0,0,3160.0,0,0,a,a,No_Promo2
57,2013-09-29,0,0,0,0,0,420.0,0,0,d,c,No_Promo2
49,2013-09-29,0,0,0,0,0,16160.0,0,0,d,c,No_Promo2
50,2013-09-29,0,0,0,0,0,6260.0,0,0,d,a,No_Promo2
1115,2013-09-29,0,0,0,1,0,5350.0,0,0,d,c,"Mar,Jun,Sept,Dec"
1086,2013-09-29,0,0,0,1,0,180.0,0,0,a,a,"Feb,May,Aug,Nov"
71,2013-09-30,7386,1,0,1,0,16160.0,0,0,a,a,"Mar,Jun,Sept,Dec"
85,2013-09-30,6269,1,0,0,1,1870.0,0,0,b,a,No_Promo2
102,2013-09-30,7778,1,0,1,0,150.0,0,0,a,a,"Mar,Jun,Sept,Dec"
105,2013-09-30,4169,1,0,1,0,6190.0,0,0,a,c,"Mar,Jun,Sept,Dec"
10,2013-09-30,5515,1,0,0,0,3160.0,0,0,a,a,No_Promo2
57,2013-09-30,10683,1,0,0,0,420.0,0,0,d,c,No_Promo2
50,2013-09-30,3805,1,0,0,0,6260.0,0,0,d,a,No_Promo2
49,2013-09-30,5942,1,0,0,0,16160.0,0,0,d,c,No_Promo2
1115,2013-09-30,3902,1,0,1,0,5350.0,0,0,d,c,"Mar,Jun,Sept,Dec"
1086,2013-09-30,8388,1,0,1,0,180.0,0,0,a,a,"Feb,May,Aug,Nov"
85,2013-10-01,6191,1,0,0,1,1870.0,0,0,b,a,No_Promo2
71,2013-10-01,7271,1,0,1,0,16160.0,0,0,a,a,"Mar,Jun,Sept,Dec"
102,2013-10-01,6676,1,0,1,0,150.0,0,0,a,a,"Mar,Jun,Sept,Dec"
105,2013-10-01,3449,1,0,1,0,6190.0,0,0,a,c,"Mar,Jun,Sept,Dec"
10,2013-10-01,5542,1,0,0,0,3160.0,0,0,a,a,No_Promo2
57,2013-10-01,9746,1,0,0,0,420.0,0,0,d,c,No_Promo2
50,2013-10-01,3812,1,0,0,0,6260.0,0,0,d,a,No_Promo2
49,2013-10-01,4957,1,0,0,0,16160.0,0,0,d,c,No_Promo2
1086,2013-10-01,7783,1,0,1,0,180.0,0,0,a,a,"Feb,May,Aug,Nov"
1115,2013-10-01,3983,1,0,1,0,5350.0,0,0,d,c,"Mar,Jun,Sept,Dec"
85,2013-10-02,6623,1,0,0,1,1870.0,0,0,b,a,No_Promo2
71,2013-10-02,8567,1,0,1,0,16160.0,0,0,a,a,"Mar,Jun,Sept,Dec"
102,2013-10-02,5983,1,0,1,0,150.0,0,0,a,a,"Mar,Jun,Sept,Dec"
105,2013-10-02,3997,1,0,1,0,6190.0,0,0,a,c,"Mar,Jun,Sept,Dec"
10,2013-10-02,5743,1,0,0,0,3160.0,0,0,a,a,No_Promo2
57,2013-10-02,9936,1,0,0,0,420.0,0,0,d,c,No_Promo2
50,2013-10-02,3989,1,0,0,0,6260.0,0,0,d,a,No_Promo2
49,2013-10-02,7086,1,0,0,0,16160.0,0,0,d,c,No_Promo2
1115,2013-10-02,4369,1,0,1,0,5350.0,0,0,d,c,"Mar,Jun,Sept,Dec"
1086,2013-10-02,8314,1,0,1,0,180.0,0,0,a,a,"Feb,May,Aug,Nov"
102,2013-10-03,4959,1,0,1,0,150.0,0,a,a,a,"Mar,Jun,Sept,Dec"
85,2013-10-03,13297,1,0,0,1,1870.0,0,a,b,a,No_Promo2
71,2013-10-03,0,0,0,1,0,16160.0,0,a,a,a,"Mar,Jun,Sept,Dec"
105,2013-10-03,0,0,0,1,0,6190.0,0,a,a,c,"Mar,Jun,Sept,Dec"
10,2013-10-03,0,0,0,0,0,3160.0,0,a,a,a,No_Promo2
57,2013-10-03,0,0,0,0,0,420.0,0,a,d,c,No_Promo2
49,2013-10-03,0,0,0,0,0,16160.0,0,a,d,c,No_Promo2
50,2013-10-03,0,0,0,0,0,6260.0,0,a,d,a,No_Promo2
1086,2013-10-03,0,0,0,1,0,180.0,0,a,a,a,"Feb,May,Aug,Nov"
1115,2013-10-03,0,0,0,1,0,5350.0,0,a,d,c,"Mar,Jun,Sept,Dec"
71,2013-10-04,9516,1,0,1,0,16160.0,0,0,a,a,"Mar,Jun,Sept,Dec"
85,2013-10-04,5905,1,0,0,1,1870.0,0,0,b,a,No_Promo2
102,2013-10-04,6171,1,0,1,0,150.0,0,0,a,a,"Mar,Jun,Sept,Dec"
105,2013-10-04,4102,1,0,1,0,6190.0,0,0,a,c,"Mar,Jun,Sept,Dec"
10,2013-10-04,6017,1,0,0,1,3160.0,0,0,a,a,No_Promo2
57,2013-10-04,11629,1,0,0,0,420.0,0,0,d,c,No_Promo2
50,2013-10-04,4275,1,0,0,1,6260.0,0,0,d,a,No_Promo2
49,2013-10-04,7895,1,0,0,0,16160.0,0,0,d,c,No_Promo2
1086,2013-10-04,10281,1,0,1,0,180.0,0,0,a,a,"Feb,May,Aug,Nov"
1115,2013-10-04,6107,1,0,1,0,5350.0,0,0,d,c,"Mar,Jun,Sept,Dec"
85,2013-10-05,4823,1,0,0,0,1870.0,0,0,b,a,No_Promo2
71,2013-10-05,6518,1,0,1,0,16160.0,0,0,a,a,"Mar,Jun,Sept,Dec"
102,2013-10-05,5775,1,0,1,0,150.0,0,0,a,a,"Mar,Jun,Sept,Dec"
105,2013-10-05,2145,1,0,1,0,6190.0,0,0,a,c,"Mar,Jun,Sept,Dec"
10,2013-10-05,4833,1,0,0,1,3160.0,0,0,a,a,No_Promo2
57,2013-10-05,7672,1,0,0,0,420.0,0,0,d,c,No_Promo2
50,2013-10-05,3799,1,0,0,0,6260.0,0,0,d,a,No_Promo2
49,2013-10-05,6025,1,0,0,0,16160.0,0,0,d,c,No_Promo2
1086,2013-10-05,5263,1,0,1,0,180.0,0,0,a,a,"Feb,May,Aug,Nov"
1115,2013-10-05,6460,1,0,1,0,5350.0,0,0,d,c,"Mar,Jun,Sept,Dec"
85,2013-10-06,9289,1,0,0,0,1870.0,0,0,b,a,No_Promo2
71,2013-10-06,0,0,0,1,0,16160.0,0,0,a,a,"Mar,Jun,Sept,Dec"
102,2013-10-06,0,0,0,1,0,150.0,0,0,a,a,"Mar,Jun,Sept,Dec"
105,2013-10-06,0,0,0,1,0,6190.0,0,0,a,c,"Mar,Jun,Sept,Dec"
10,2013-10-06,0,0,0,0,1,3160.0,0,0,a,a,No_Promo2
57,2013-10-06,0,0,0,0,0,420.0,0,0,d,c,No_Promo2
50,2013-10-06,0,0,0,0,0,6260.0,0,0,d,a,No_Promo2
49,2013-10-06,0,0,0,0,0,16160.0,0,0,d,c,No_Promo2
1115,2013-10-06,0,0,0,1,0,5350.0,0,0,d,c,"Mar,Jun,Sept,Dec"
1086,2013-10-06,0,0,0,1,0,180.0,0,0,a,a,"Feb,May,Aug,Nov"
85,2013-10-07,7854,1,1,0,1,1870.0,0,0,b,a,No_Promo2
71,2013-10-07,13905,1,1,1,0,16160.0,0,0,a,a,"Mar,Jun,Sept,Dec"
102,2013-10-07,11219,1,1,1,0,150.0,0,0,a,a,"Mar,Jun,Sept,Dec"
105,2013-10-07,6403,1,1,1,0,6190.0,0,0,a,c,"Mar,Jun,Sept,Dec"
10,2013-10-07,7173,1,1,0,1,3160.0,0,0,a,a,No_Promo2
57,2013-10-07,18112,1,1,0,0,420.0,0,0,d,c,No_Promo2
50,2013-10-07,6325,1,1,0,1,6260.0,0,0,d,a,No_Promo2
49,2013-10-07,8829,1,1,0,0,16160.0,0,0,d,c,No_Promo2
1086,2013-10-07,15654,1,1,1,0,180.0,0,0,a,a,"Feb,May,Aug,Nov"
1115,2013-10-07,8185,1,1,1,0,5350.0,0,0,d,c,"Mar,Jun,Sept,Dec"
85,2013-10-08,6135,1,1,0,1,1870.0,0,0,b,a,No_Promo2
71,2013-10-08,10033,1,1,1,0,16160.0,0,0,a,a,"Mar,Jun,Sept,Dec"
102,2013-10-08,8592,1,1,1,0,150.0,0,0,a,a,"Mar,Jun,Sept,Dec"
105,2013-10-08,4605,1,1,1,0,6190.0,0,0,a,c,"Mar,Jun,Sept,Dec"
10,2013-10-08,5908,1,1,0,1,3160.0,0,0,a,a,No_Promo2
57,2013-10-08,14171,1,1,0,0,420.0,0,0,d,c,No_Promo2
50,2013-10-08,4477,1,1,0,1,6260.0,0,0,d,a,No_Promo2
49,2013-10-08,6857,1,1,0,0,16160.0,0,0,d,c,No_Promo2
1115,2013-10-08,5974,1,1,1,0,5350.0,0,0,d,c,"Mar,Jun,Sept,Dec"
1086,2013-10-08,12516,1,1,1,0,180.0,0,0,a,a,"Feb,May,Aug,Nov"
85,2013-10-09,6001,1,1,0,1,1870.0,0,0,b,a,No_Promo2
71,2013-10-09,10001,1,1,1,0,16160.0,0,0,a,a,"Mar,Jun,Sept,Dec"
102,2013-10-09,6692,1,1,1,0,150.0,0,0,a,a,"Mar,Jun,Sept,Dec"
105,2013-10-09,4047,1,1,1,0,6190.0,0,0,a,c,"Mar,Jun,Sept,Dec"
10,2013-10-09,4946,1,1,0,1,3160.0,0,0,a,a,No_Promo2
57,2013-10-09,11805,1,1,0,0,420.0,0,0,d,c,No_Promo2
50,2013-10-09,4100,1,1,0,1,6260.0,0,0,d,a,No_Promo2
49,2013-10-09,7334,1,1,0,0,16160.0,0,0,d,c,No_Promo2
1115,2013-10-09,6531,1,1,1,0,5350.0,0,0,d,c,"Mar,Jun,Sept,Dec"
1086,2013-10-09,13198,1,1,1,0,180.0,0,0,a,a,"Feb,May,Aug,Nov"
85,2013-10-10,6329,1,1,0,1,1870.0,0,0,b,a,No_Promo2
71,2013-10-10,10005,1,1,1,0,16160.0,0,0,a,a,"Mar,Jun,Sept,Dec"
102,2013-10-10,7692,1,1,1,0,150.0,0,0,a,a,"Mar,Jun,Sept,Dec"
105,2013-10-10,3762,1,1,1,0,6190.0,0,0,a,c,"Mar,Jun,Sept,Dec"
10,2013-10-10,5067,1,1,0,1,3160.0,0,0,a,a,No_Promo2
57,2013-10-10,11188,1,1,0,0,420.0,0,0,d,c,No_Promo2
50,2013-10-10,4223,1,1,0,1,6260.0,0,0,d,a,No_Promo2
49,2013-10-10,6385,1,1,0,0,16160.0,0,0,d,c,No_Promo2
1115,2013-10-10,6158,1,1,1,0,5350.0,0,0,d,c,"Mar,Jun,Sept,Dec"
1086,2013-10-10,11092,1,1,1,0,180.0,0,0,a,a,"Feb,May,Aug,Nov"
85,2013-10-11,6373,1,1,0,1,1870.0,0,0,b,a,No_Promo2
71,2013-10-11,10343,1,1,1,0,16160.0,0,0,a,a,"Mar,Jun,Sept,Dec"
102,2013-10-11,6451,1,1,1,0,150.0,0,0,a,a,"Mar,Jun,Sept,Dec"
105,2013-10-11,4675,1,1,1,0,6190.0,0,0,a,c,"Mar,Jun,Sept,Dec"
10,2013-10-11,4936,1,1,0,1,3160.0,0,0,a,a,No_Promo2
57,2013-10-11,11915,1,1,0,0,420.0,0,0,d,c,No_Promo2
50,2013-10-11,4438,1,1,0,1,6260.0,0,0,d,a,No_Promo2
49,2013-10-11,7655,1,1,0,0,16160.0,0,0,d,c,No_Promo2
1115,2013-10-11,6358,1,1,1,0,5350.0,0,0,d,c,"Mar,Jun,Sept,Dec"
1086,2013-10-11,9100,1,1,1,0,180.0,0,0,a,a,"Feb,May,Aug,Nov"
85,2013-10-12,5272,1,0,0,0,1870.0,0,0,b,a,No_Promo2
71,2013-10-12,6808,1,0,1,0,16160.0,0,0,a,a,"Mar,Jun,Sept,Dec"
102,2013-10-12,5874,1,0,1,0,150.0,0,0,a,a,"Mar,Jun,Sept,Dec"
105,2013-10-12,2536,1,0,1,0,6190.0,0,0,a,c,"Mar,Jun,Sept,Dec"
10,2013-10-12,3644,1,0,0,1,3160.0,0,0,a,a,No_Promo2
57,2013-10-12,7650,1,0,0,0,420.0,0,0,d,c,No_Promo2
50,2013-10-12,3788,1,0,0,0,6260.0,0,0,d,a,No_Promo2
49,2013-10-12,6287,1,0,0,0,16160.0,0,0,d,c,No_Promo2
1115,2013-10-12,5697,1,0,1,0,5350.0,0,0,d,c,"Mar,Jun,Sept,Dec"
1086,2013-10-12,4659,1,0,1,0,180.0,0,0,a,a,"Feb,May,Aug,Nov"
71,2013-10-13,0,0,0,1,0,16160.0,0,0,a,a,"Mar,Jun,Sept,Dec"
85,2013-10-13,12038,1,0,0,0,1870.0,0,0,b,a,No_Promo2
102,2013-10-13,0,0,0,1,0,150.0,0,0,a,a,"Mar,Jun,Sept,Dec"
105,2013-10-13,0,0,0,1,0,6190.0,0,0,a,c,"Mar,Jun,Sept,Dec"
10,2013-10-13,0,0,0,0,1,3160.0,0,0,a,a,No_Promo2
57,2013-10-13,0,0,0,0,0,420.0,0,0,d,c,No_Promo2
50,2013-10-13,0,0,0,0,0,6260.0,0,0,d,a,No_Promo2
49,2013-10-13,0,0,0,0,0,16160.0,0,0,d,c,No_Promo2
1086,2013-10-13,0,0,0,1,0,180.0,0,0,a,a,"Feb,May,Aug,Nov"
1115,2013-10-13,0,0,0,1,0,5350.0,0,0,d,c,"Mar,Jun,Sept,Dec"
85,2013-10-14,5194,1,0,0,0,1870.0,0,0,b,a,No_Promo2
71,2013-10-14,6007,1,0,1,0,16160.0,0,0,a,a,"Mar,Jun,Sept,Dec"
102,2013-10-14,6036,1,0,1,0,150.0,0,0,a,a,"Mar,Jun,Sept,Dec"
105,2013-10-14,3590,1,0,1,0,6190.0,0,0,a,c,"Mar,Jun,Sept,Dec"
10,2013-10-14,4809,1,0,0,1,3160.0,0,0,a,a,No_Promo2
57,2013-10-14,10298,1,0,0,0,420.0,0,0,d,c,No_Promo2
50,2013-10-14,2824,1,0,0,1,6260.0,0,0,d,a,No_Promo2
49,2013-10-14,5945,1,0,0,0,16160.0,0,0,d,c,No_Promo2
1086,2013-10-14,7639,1,0,1,1,180.0,0,0,a,a,"Feb,May,Aug,Nov"
1115,2013-10-14,4909,1,0,1,1,5350.0,0,0,d,c,"Mar,Jun,Sept,Dec"
85,2013-10-15,4895,1,0,0,0,1870.0,0,0,b,a,No_Promo2
71,2013-10-15,6118,1,0,1,0,16160.0,0,0,a,a,"Mar,Jun,Sept,Dec"
102,2013-10-15,4031,1,0,1,0,150.0,0,0,a,a,"Mar,Jun,Sept,Dec"
105,2013-10-15,2880,1,0,1,0,6190.0,0,0,a,c,"Mar,Jun,Sept,Dec"
10,2013-10-15,4252,1,0,0,1,3160.0,0,0,a,a,No_Promo2
57,2013-10-15,8559,1,0,0,0,420.0,0,0,d,c,No_Promo2
50,2013-10-15,2803,1,0,0,1,6260.0,0,0,d,a,No_Promo2
49,2013-10-15,5241,1,0,0,0,16160.0,0,0,d,c,No_Promo2
1086,2013-10-15,6531,1,0,1,1,180.0,0,0,a,a,"Feb,May,Aug,Nov"
1115,2013-10-15,4197,1,0,1,1,5350.0,0,0,d,c,"Mar,Jun,Sept,Dec"
85,2013-10-16,5261,1,0,0,0,1870.0,0,0,b,a,No_Promo2
71,2013-10-16,5827,1,0,1,0,16160.0,0,0,a,a,"Mar,Jun,Sept,Dec"
102,2013-10-16,4286,1,0,1,0,150.0,0,0,a,a,"Mar,Jun,Sept,Dec"
105,2013-10-16,3386,1,0,1,0,6190.0,0,0,a,c,"Mar,Jun,Sept,Dec"
10,2013-10-16,3481,1,0,0,1,3160.0,0,0,a,a,No_Promo2
57,2013-10-16,9012,1,0,0,0,420.0,0,0,d,c,No_Promo2
50,2013-10-16,2855,1,0,0,1,6260.0,0,0,d,a,No_Promo2
49,2013-10-16,5342,1,0,0,0,16160.0,0,0,d,c,No_Promo2
1115,2013-10-16,3651,1,0,1,1,5350.0,0,0,d,c,"Mar,Jun,Sept,Dec"
1086,2013-10-16,7659,1,0,1,1,180.0,0,0,a,a,"Feb,May,Aug,Nov"
85,2013-10-17,5178,1,0,0,0,1870.0,0,0,b,a,No_Promo2
71,2013-10-17,6514,1,0,1,0,16160.0,0,0,a,a,"Mar,Jun,Sept,Dec"
102,2013-10-17,4663,1,0,1,0,150.0,0,0,a,a,"Mar,Jun,Sept,Dec"
105,2013-10-17,2823,1,0,1,0,6190.0,0,0,a,c,"Mar,Jun,Sept,Dec"
10,2013-10-17,4148,1,0,0,1,3160.0,0,0,a,a,No_Promo2
57,2013-10-17,8351,1,0,0,0,420.0,0,0,d,c,No_Promo2
50,2013-10-17,2956,1,0,0,1,6260.0,0,0,d,a,No_Promo2
49,2013-10-17,4937,1,0,0,0,16160.0,0,0,d,c,No_Promo2
1086,2013-10-17,6885,1,0,1,1,180.0,0,0,a,a,"Feb,May,Aug,Nov"
1115,2013-10-17,3829,1,0,1,1,5350.0,0,0,d,c,"Mar,Jun,Sept,Dec"
85,2013-10-18,5117,1,0,0,0,1870.0,0,0,b,a,No_Promo2
71,2013-10-18,7135,1,0,1,0,16160.0,0,0,a,a,"Mar,Jun,Sept,Dec"
102,2013-10-18,4237,1,0,1,0,150.0,0,0,a,a,"Mar,Jun,Sept,Dec"
105,2013-10-18,3340,1,0,1,0,6190.0,0,0,a,c,"Mar,Jun,Sept,Dec"
10,2013-10-18,4294,1,0,0,1,3160.0,0,0,a,a,No_Promo2
57,2013-10-18,8988,1,0,0,0,420.0,0,0,d,c,No_Promo2
50,2013-10-18,2554,1,0,0,1,6260.0,0,0,d,a,No_Promo2
49,2013-10-18,5927,1,0,0,0,16160.0,0,0,d,c,No_Promo2
1086,2013-10-18,6408,1,0,1,1,180.0,0,0,a,a,"Feb,May,Aug,Nov"
1115,2013-10-18,4204,1,0,1,1,5350.0,0,0,d,c,"Mar,Jun,Sept,Dec"
85,2013-10-19,4906,1,0,0,0,1870.0,0,0,b,a,No_Promo2
71,2013-10-19,6461,1,0,1,0,16160.0,0,0,a,a,"Mar,Jun,Sept,Dec"
102,2013-10-19,4873,1,0,1,0,150.0,0,0,a,a,"Mar,Jun,Sept,Dec"
105,2013-10-19,2547,1,0,1,0,6190.0,0,0,a,c,"Mar,Jun,Sept,Dec"
10,2013-10-19,4313,1,0,0,0,3160.0,0,0,a,a,No_Promo2
57,2013-10-19,7912,1,0,0,0,420.0,0,0,d,c,No_Promo2
50,2013-10-19,3577,1,0,0,0,6260.0,0,0,d,a,No_Promo2
49,2013-10-19,6180,1,0,0,0,16160.0,0,0,d,c,No_Promo2
1115,2013-10-19,5323,1,0,1,1,5350.0,0,0,d,c,"Mar,Jun,Sept,Dec"
1086,2013-10-19,4898,1,0,1,1,180.0,0,0,a,a,"Feb,May,Aug,Nov"
85,2013-10-20,7310,1,0,0,0,1870.0,0,0,b,a,No_Promo2
71,2013-10-20,0,0,0,1,0,16160.0,0,0,a,a,"Mar,Jun,Sept,Dec"
102,2013-10-20,0,0,0,1,0,150.0,0,0,a,a,"Mar,Jun,Sept,Dec"
105,2013-10-20,0,0,0,1,0,6190.0,0,0,a,c,"Mar,Jun,Sept,Dec"
10,2013-10-20,0,0,0,0,0,3160.0,0,0,a,a,No_Promo2
57,2013-10-20,0,0,0,0,0,420.0,0,0,d,c,No_Promo2
50,2013-10-20,0,0,0,0,0,6260.0,0,0,d,a,No_Promo2
49,2013-10-20,0,0,0,0,0,16160.0,0,0,d,c,No_Promo2
1115,2013-10-20,0,0,0,1,1,5350.0,0,0,d,c,"Mar,Jun,Sept,Dec"
1086,2013-10-20,0,0,0,1,1,180.0,0,0,a,a,"Feb,May,Aug,Nov"
85,2013-10-21,7494,1,1,0,0,1870.0,0,0,b,a,No_Promo2
71,2013-10-21,11669,1,1,1,1,16160.0,0,0,a,a,"Mar,Jun,Sept,Dec"
102,2013-10-21,10066,1,1,1,1,150.0,0,0,a,a,"Mar,Jun,Sept,Dec"
105,2013-10-21,5455,1,1,1,0,6190.0,0,0,a,c,"Mar,Jun,Sept,Dec"
10,2013-10-21,7099,1,1,0,0,3160.0,0,0,a,a,No_Promo2
57,2013-10-21,16687,1,1,0,1,420.0,0,0,d,c,No_Promo2
50,2013-10-21,5482,1,1,0,0,6260.0,0,0,d,a,No_Promo2
49,2013-10-21,8059,1,1,0,0,16160.0,0,0,d,c,No_Promo2
1115,2013-10-21,7252,1,1,1,1,5350.0,0,0,d,c,"Mar,Jun,Sept,Dec"
1086,2013-10-21,14088,1,1,1,1,180.0,0,0,a,a,"Feb,May,Aug,Nov"
85,2013-10-22,6159,1,1,0,0,1870.0,0,0,b,a,No_Promo2
71,2013-10-22,9358,1,1,1,1,16160.0,0,0,a,a,"Mar,Jun,Sept,Dec"
102,2013-10-22,8454,1,1,1,1,150.0,0,0,a,a,"Mar,Jun,Sept,Dec"
105,2013-10-22,4201,1,1,1,0,6190.0,0,0,a,c,"Mar,Jun,Sept,Dec"
10,2013-10-22,6067,1,1,0,0,3160.0,0,0,a,a,No_Promo2
57,2013-10-22,12302,1,1,0,1,420.0,0,0,d,c,No_Promo2
50,2013-10-22,3790,1,1,0,0,6260.0,0,0,d,a,No_Promo2
49,2013-10-22,6887,1,1,0,0,16160.0,0,0,d,c,No_Promo2
1086,2013-10-22,10600,1,1,1,1,180.0,0,0,a,a,"Feb,May,Aug,Nov"
1115,2013-10-22,5493,1,1,1,1,5350.0,0,0,d,c,"Mar,Jun,Sept,Dec"
85,2013-10-23,6317,1,1,0,0,1870.0,0,0,b,a,No_Promo2
71,2013-10-23,8189,1,1,1,1,16160.0,0,0,a,a,"Mar,Jun,Sept,Dec"
102,2013-10-23,6190,1,1,1,1,150.0,0,0,a,a,"Mar,Jun,Sept,Dec"
105,2013-10-23,4511,1,1,1,0,6190.0,0,0,a,c,"Mar,Jun,Sept,Dec"
10,2013-10-23,5570,1,1,0,0,3160.0,0,0,a,a,No_Promo2
57,2013-10-23,11416,1,1,0,1,420.0,0,0,d,c,No_Promo2
50,2013-10-23,4228,1,1,0,0,6260.0,0,0,d,a,No_Promo2
49,2013-10-23,6642,1,1,0,0,16160.0,0,0,d,c,No_Promo2
1115,2013-10-23,4737,1,1,1,1,5350.0,0,0,d,c,"Mar,Jun,Sept,Dec"
1086,2013-10-23,10357,1,1,1,1,180.0,0,0,a,a,"Feb,May,Aug,Nov"
85,2013-10-24,5822,1,1,0,0,1870.0,0,0,b,a,No_Promo2
71,2013-10-24,8488,1,1,1,1,16160.0,0,0,a,a,"Mar,Jun,Sept,Dec"
102,2013-10-24,6463,1,1,1,1,150.0,0,0,a,a,"Mar,Jun,Sept,Dec"
105,2013-10-24,4322,1,1,1,0,6190.0,0,0,a,c,"Mar,Jun,Sept,Dec"
10,2013-10-24,5789,1,1,0,0,3160.0,0,0,a,a,No_Promo2
57,2013-10-24,11416,1,1,0,1,420.0,0,0,d,c,No_Promo2
50,2013-10-24,4563,1,1,0,0,6260.0,0,0,d,a,No_Promo2
49,2013-10-24,5882,1,1,0,0,16160.0,0,0,d,c,No_Promo2
1115,2013-10-24,5763,1,1,1,1,5350.0,0,0,d,c,"Mar,Jun,Sept,Dec"
1086,2013-10-24,9602,1,1,1,1,180.0,0,0,a,a,"Feb,May,Aug,Nov"
85,2013-10-25,6328,1,1,0,0,1870.0,0,0,b,a,No_Promo2
71,2013-10-25,9798,1,1,1,1,16160.0,0,0,a,a,"Mar,Jun,Sept,Dec"
102,2013-10-25,6062,1,1,1,1,150.0,0,0,a,a,"Mar,Jun,Sept,Dec"
105,2013-10-25,3959,1,1,1,0,6190.0,0,0,a,c,"Mar,Jun,Sept,Dec"
10,2013-10-25,5592,1,1,0,0,3160.0,0,0,a,a,No_Promo2
57,2013-10-25,10732,1,1,0,1,420.0,0,0,d,c,No_Promo2
50,2013-10-25,4150,1,1,0,0,6260.0,0,0,d,a,No_Promo2
49,2013-10-25,7099,1,1,0,0,16160.0,0,0,d,c,No_Promo2
1115,2013-10-25,5917,1,1,1,1,5350.0,0,0,d,c,"Mar,Jun,Sept,Dec"
1086,2013-10-25,9355,1,1,1,1,180.0,0,0,a,a,"Feb,May,Aug,Nov"
85,2013-10-26,4680,1,0,0,0,1870.0,0,0,b,a,No_Promo2
71,2013-10-26,5695,1,0,1,0,16160.0,0,0,a,a,"Mar,Jun,Sept,Dec"
102,2013-10-26,4751,1,0,1,0,150.0,0,0,a,a,"Mar,Jun,Sept,Dec"
105,2013-10-26,2451,1,0,1,0,6190.0,0,0,a,c,"Mar,Jun,Sept,Dec"
10,2013-10-26,4450,1,0,0,0,3160.0,0,0,a,a,No_Promo2
57,2013-10-26,7110,1,0,0,0,420.0,0,0,d,c,No_Promo2
50,2013-10-26,4382,1,0,0,0,6260.0,0,0,d,a,No_Promo2
49,2013-10-26,5817,1,0,0,0,16160.0,0,0,d,c,No_Promo2
1115,2013-10-26,5465,1,0,1,0,5350.0,0,0,d,c,"Mar,Jun,Sept,Dec"
1086,2013-10-26,5128,1,0,1,0,180.0,0,0,a,a,"Feb,May,Aug,Nov"
85,2013-10-27,11363,1,0,0,0,1870.0,0,0,b,a,No_Promo2
71,2013-10-27,0,0,0,1,0,16160.0,0,0,a,a,"Mar,Jun,Sept,Dec"
102,2013-10-27,0,0,0,1,0,150.0,0,0,a,a,"Mar,Jun,Sept,Dec"
105,2013-10-27,0,0,0,1,0,6190.0,0,0,a,c,"Mar,Jun,Sept,Dec"
10,2013-10-27,0,0,0,0,0,3160.0,0,0,a,a,No_Promo2
57,2013-10-27,0,0,0,0,0,420.0,0,0,d,c,No_Promo2
50,2013-10-27,0,0,0,0,0,6260.0,0,0,d,a,No_Promo2
49,2013-10-27,0,0,0,0,0,16160.0,0,0,d,c,No_Promo2
1115,2013-10-27,0,0,0,1,0,5350.0,0,0,d,c,"Mar,Jun,Sept,Dec"
1086,2013-10-27,0,0,0,1,0,180.0,0,0,a,a,"Feb,May,Aug,Nov"
85,2013-10-28,5697,1,0,0,0,1870.0,0,0,b,a,No_Promo2
71,2013-10-28,6770,1,0,1,1,16160.0,0,0,a,a,"Mar,Jun,Sept,Dec"
102,2013-10-28,4132,1,0,1,1,150.0,0,0,a,a,"Mar,Jun,Sept,Dec"
105,2013-10-28,2934,1,0,1,1,6190.0,0,0,a,c,"Mar,Jun,Sept,Dec"
10,2013-10-28,4790,1,0,0,0,3160.0,0,0,a,a,No_Promo2
57,2013-10-28,8121,1,0,0,1,420.0,0,0,d,c,No_Promo2
50,2013-10-28,2665,1,0,0,0,6260.0,0,0,d,a,No_Promo2
49,2013-10-28,5145,1,0,0,1,16160.0,0,0,d,c,No_Promo2
1115,2013-10-28,3784,1,0,1,0,5350.0,0,0,d,c,"Mar,Jun,Sept,Dec"
1086,2013-10-28,6593,1,0,1,0,180.0,0,0,a,a,"Feb,May,Aug,Nov"
71,2013-10-29,6687,1,0,1,1,16160.0,0,0,a,a,"Mar,Jun,Sept,Dec"
85,2013-10-29,4843,1,0,0,0,1870.0,0,0,b,a,No_Promo2
102,2013-10-29,4290,1,0,1,1,150.0,0,0,a,a,"Mar,Jun,Sept,Dec"
105,2013-10-29,3531,1,0,1,1,6190.0,0,0,a,c,"Mar,Jun,Sept,Dec"
10,2013-10-29,4612,1,0,0,0,3160.0,0,0,a,a,No_Promo2
57,2013-10-29,9049,1,0,0,1,420.0,0,0,d,c,No_Promo2
50,2013-10-29,2913,1,0,0,0,6260.0,0,0,d,a,No_Promo2
49,2013-10-29,5823,1,0,0,1,16160.0,0,0,d,c,No_Promo2
1115,2013-10-29,4085,1,0,1,0,5350.0,0,0,d,c,"Mar,Jun,Sept,Dec"
1086,2013-10-29,11157,1,0,1,0,180.0,0,0,a,a,"Feb,May,Aug,Nov"
85,2013-10-30,5698,1,0,0,0,1870.0,0,0,b,a,No_Promo2
71,2013-10-30,6995,1,0,1,1,16160.0,0,0,a,a,"Mar,Jun,Sept,Dec"
102,2013-10-30,6076,1,0,1,1,150.0,0,0,a,a,"Mar,Jun,Sept,Dec"
105,2013-10-30,3627,1,0,1,1,6190.0,0,0,a,c,"Mar,Jun,Sept,Dec"
10,2013-10-30,4877,1,0,0,0,3160.0,0,0,a,a,No_Promo2
57,2013-10-30,11483,1,0,0,1,420.0,0,0,d,c,No_Promo2
50,2013-10-30,2940,1,0,0,0,6260.0,0,0,d,a,No_Promo2
49,2013-10-30,5326,1,0,0,1,16160.0,0,0,d,c,No_Promo2
1086,2013-10-30,8793,1,0,1,0,180.0,0,0,a,a,"Feb,May,Aug,Nov"
1115,2013-10-30,4741,1,0,1,0,5350.0,0,0,d,c,"Mar,Jun,Sept,Dec"
85,2013-10-31,5860,1,0,0,0,1870.0,0,0,b,a,No_Promo2
71,2013-10-31,9516,1,0,1,1,16160.0,0,0,a,a,"Mar,Jun,Sept,Dec"
102,2013-10-31,7617,1,0,1,1,150.0,0,0,a,a,"Mar,Jun,Sept,Dec"
105,2013-10-31,4652,1,0,1,0,6190.0,0,0,a,c,"Mar,Jun,Sept,Dec"
10,2013-10-31,5093,1,0,0,0,3160.0,0,0,a,a,No_Promo2
57,2013-10-31,0,0,0,0,1,420.0,0,a,d,c,No_Promo2
50,2013-10-31,4270,1,0,0,0,6260.0,0,0,d,a,No_Promo2
49,2013-10-31,6739,1,0,0,0,16160.0,0,0,d,c,No_Promo2
1115,2013-10-31,4164,1,0,1,0,5350.0,0,0,d,c,"Mar,Jun,Sept,Dec"
1086,2013-10-31,8590,1,0,1,0,180.0,0,0,a,a,"Feb,May,Aug,Nov"
102,2013-11-01,0,0,0,1,1,150.0,0,a,a,a,"Mar,Jun,Sept,Dec"
85,2013-11-01,6032,1,0,0,0,1870.0,0,0,b,a,No_Promo2
71,2013-11-01,0,0,0,1,1,16160.0,0,a,a,a,"Mar,Jun,Sept,Dec"
105,2013-11-01,0,0,0,1,0,6190.0,0,a,a,c,"Mar,Jun,Sept,Dec"
10,2013-11-01,5410,1,0,0,0,3160.0,0,0,a,a,No_Promo2
57,2013-11-01,12731,1,0,0,1,420.0,0,0,d,c,No_Promo2
49,2013-11-01,0,0,0,0,0,16160.0,0,a,d,c,No_Promo2
50,2013-11-01,0,0,0,0,0,6260.0,0,a,d,a,No_Promo2
1086,2013-11-01,8950,1,0,1,0,180.0,0,0,a,a,"Feb,May,Aug,Nov"
1115,2013-11-01,4746,1,0,1,0,5350.0,0,0,d,c,"Mar,Jun,Sept,Dec"
71,2013-11-02,7713,1,0,1,0,16160.0,0,0,a,a,"Mar,Jun,Sept,Dec"
85,2013-11-02,5588,1,0,0,0,1870.0,0,0,b,a,No_Promo2
102,2013-11-02,7284,1,0,1,0,150.0,0,0,a,a,"Mar,Jun,Sept,Dec"
105,2013-11-02,3343,1,0,1,0,6190.0,0,0,a,c,"Mar,Jun,Sept,Dec"
10,2013-11-02,5015,1,0,0,0,3160.0,0,0,a,a,No_Promo2
57,2013-11-02,8517,1,0,0,0,420.0,0,0,d,c,No_Promo2
50,2013-11-02,5775,1,0,0,0,6260.0,0,0,d,a,No_Promo2
49,2013-11-02,7757,1,0,0,0,16160.0,0,0,d,c,No_Promo2
1086,2013-11-02,6666,1,0,1,0,180.0,0,0,a,a,"Feb,May,Aug,Nov"
1115,2013-11-02,6616,1,0,1,0,5350.0,0,0,d,c,"Mar,Jun,Sept,Dec"
85,2013-11-03,8226,1,0,0,0,1870.0,0,0,b,a,No_Promo2
71,2013-11-03,0,0,0,1,0,16160.0,0,0,a,a,"Mar,Jun,Sept,Dec"
102,2013-11-03,0,0,0,1,0,150.0,0,0,a,a,"Mar,Jun,Sept,Dec"
105,2013-11-03,0,0,0,1,0,6190.0,0,0,a,c,"Mar,Jun,Sept,Dec"
10,2013-11-03,0,0,0,0,0,3160.0,0,0,a,a,No_Promo2
57,2013-11-03,0,0,0,0,0,420.0,0,0,d,c,No_Promo2
50,2013-11-03,0,0,0,0,0,6260.0,0,0,d,a,No_Promo2
49,2013-11-03,0,0,0,0,0,16160.0,0,0,d,c,No_Promo2
1086,2013-11-03,0,0,0,1,0,180.0,0,0,a,a,"Feb,May,Aug,Nov"
1115,2013-11-03,0,0,0,1,0,5350.0,0,0,d,c,"Mar,Jun,Sept,Dec"
71,2013-11-04,13004,1,1,1,0,16160.0,0,0,a,a,"Mar,Jun,Sept,Dec"
85,2013-11-04,8776,1,1,0,0,1870.0,0,0,b,a,No_Promo2
102,2013-11-04,9064,1,1,1,0,150.0,0,0,a,a,"Mar,Jun,Sept,Dec"
105,2013-11-04,6845,1,1,1,0,6190.0,0,0,a,c,"Mar,Jun,Sept,Dec"
10,2013-11-04,6389,1,1,0,0,3160.0,0,0,a,a,No_Promo2
57,2013-11-04,19199,1,1,0,0,420.0,0,0,d,c,No_Promo2
50,2013-11-04,6807,1,1,0,0,6260.0,0,0,d,a,No_Promo2
49,2013-11-04,10062,1,1,0,0,16160.0,0,0,d,c,No_Promo2
1115,2013-11-04,7272,1,1,1,0,5350.0,0,0,d,c,"Mar,Jun,Sept,Dec"
1086,2013-11-04,15719,1,1,1,0,180.0,0,0,a,a,"Feb,May,Aug,Nov"
85,2013-11-05,7795,1,1,0,0,1870.0,0,0,b,a,No_Promo2
71,2013-11-05,11963,1,1,1,0,16160.0,0,0,a,a,"Mar,Jun,Sept,Dec"
102,2013-11-05,8757,1,1,1,0,150.0,0,0,a,a,"Mar,Jun,Sept,Dec"
105,2013-11-05,5042,1,1,1,0,6190.0,0,0,a,c,"Mar,Jun,Sept,Dec"
10,2013-11-05,6824,1,1,0,0,3160.0,0,0,a,a,No_Promo2
57,2013-11-05,13368,1,1,0,0,420.0,0,0,d,c,No_Promo2
50,2013-11-05,4706,1,1,0,0,6260.0,0,0,d,a,No_Promo2
49,2013-11-05,7580,1,1,0,0,16160.0,0,0,d,c,No_Promo2
1086,2013-11-05,11623,1,1,1,0,180.0,0,0,a,a,"Feb,May,Aug,Nov"
1115,2013-11-05,6108,1,1,1,0,5350.0,0,0,d,c,"Mar,Jun,Sept,Dec"
85,2013-11-06,7105,1,1,0,0,1870.0,0,0,b,a,No_Promo2
71,2013-11-06,10032,1,1,1,0,16160.0,0,0,a,a,"Mar,Jun,Sept,Dec"
102,2013-11-06,7400,1,1,1,0,150.0,0,0,a,a,"Mar,Jun,Sept,Dec"
105,2013-11-06,4164,1,1,1,0,6190.0,0,0,a,c,"Mar,Jun,Sept,Dec"
10,2013-11-06,5708,1,1,0,0,3160.0,0,0,a,a,No_Promo2
57,2013-11-06,12554,1,1,0,0,420.0,0,0,d,c,No_Promo2
50,2013-11-06,4513,1,1,0,0,6260.0,0,0,d,a,No_Promo2
49,2013-11-06,7354,1,1,0,0,16160.0,0,0,d,c,No_Promo2
1086,2013-11-06,10750,1,1,1,0,180.0,0,0,a,a,"Feb,May,Aug,Nov"
1115,2013-11-06,5612,1,1,1,0,5350.0,0,0,d,c,"Mar,Jun,Sept,Dec"
85,2013-11-07,6578,1,1,0,0,1870.0,0,0,b,a,No_Promo2
71,2013-11-07,10220,1,1,1,0,16160.0,0,0,a,a,"Mar,Jun,Sept,Dec"
102,2013-11-07,5772,1,1,1,0,150.0,0,0,a,a,"Mar,Jun,Sept,Dec"
105,2013-11-07,4269,1,1,1,0,6190.0,0,0,a,c,"Mar,Jun,Sept,Dec"
10,2013-11-07,5652,1,1,0,0,3160.0,0,0,a,a,No_Promo2
57,2013-11-07,12022,1,1,0,0,420.0,0,0,d,c,No_Promo2
50,2013-11-07,4927,1,1,0,0,6260.0,0,0,d,a,No_Promo2
49,2013-11-07,6937,1,1,0,0,16160.0,0,0,d,c,No_Promo2
1115,2013-11-07,6467,1,1,1,0,5350.0,0,0,d,c,"Mar,Jun,Sept,Dec"
1086,2013-11-07,10408,1,1,1,0,180.0,0,0,a,a,"Feb,May,Aug,Nov"
85,2013-11-08,6459,1,1,0,0,1870.0,0,0,b,a,No_Promo2
71,2013-11-08,12034,1,1,1,0,16160.0,0,0,a,a,"Mar,Jun,Sept,Dec"
102,2013-11-08,7378,1,1,1,0,150.0,0,0,a,a,"Mar,Jun,Sept,Dec"
105,2013-11-08,4492,1,1,1,0,6190.0,0,0,a,c,"Mar,Jun,Sept,Dec"
10,2013-11-08,5925,1,1,0,0,3160.0,0,0,a,a,No_Promo2
57,2013-11-08,12201,1,1,0,0,420.0,0,0,d,c,No_Promo2
50,2013-11-08,4432,1,1,0,0,6260.0,0,0,d,a,No_Promo2
49,2013-11-08,8145,1,1,0,0,16160.0,0,0,d,c,No_Promo2
1115,2013-11-08,6617,1,1,1,0,5350.0,0,0,d,c,"Mar,Jun,Sept,Dec"
1086,2013-11-08,13949,1,1,1,0,180.0,0,0,a,a,"Feb,May,Aug,Nov"
85,2013-11-09,5046,1,0,0,0,1870.0,0,0,b,a,No_Promo2
71,2013-11-09,7497,1,0,1,0,16160.0,0,0,a,a,"Mar,Jun,Sept,Dec"
102,2013-11-09,6131,1,0,1,0,150.0,0,0,a,a,"Mar,Jun,Sept,Dec"
105,2013-11-09,3414,1,0,1,0,6190.0,0,0,a,c,"Mar,Jun,Sept,Dec"
10,2013-11-09,4557,1,0,0,0,3160.0,0,0,a,a,No_Promo2
57,2013-11-09,7797,1,0,0,0,420.0,0,0,d,c,No_Promo2
50,2013-11-09,4218,1,0,0,0,6260.0,0,0,d,a,No_Promo2
49,2013-11-09,6719,1,0,0,0,16160.0,0,0,d,c,No_Promo2
1115,2013-11-09,6513,1,0,1,0,5350.0,0,0,d,c,"Mar,Jun,Sept,Dec"
1086,2013-11-09,6774,1,0,1,0,180.0,0,0,a,a,"Feb,May,Aug,Nov"
85,2013-11-10,11525,1,0,0,0,1870.0,0,0,b,a,No_Promo2
71,2013-11-10,0,0,0,1,0,16160.0,0,0,a,a,"Mar,Jun,Sept,Dec"
102,2013-11-10,0,0,0,1,0,150.0,0,0,a,a,"Mar,Jun,Sept,Dec"
105,2013-11-10,0,0,0,1,0,6190.0,0,0,a,c,"Mar,Jun,Sept,Dec"
10,2013-11-10,0,0,0,0,0,3160.0,0,0,a,a,No_Promo2
57,2013-11-10,0,0,0,0,0,420.0,0,0,d,c,No_Promo2
50,2013-11-10,0,0,0,0,0,6260.0,0,0,d,a,No_Promo2
49,2013-11-10,0,0,0,0,0,16160.0,0,0,d,c,No_Promo2
1115,2013-11-10,0,0,0,1,0,5350.0,0,0,d,c,"Mar,Jun,Sept,Dec"
1086,2013-11-10,0,0,0,1,0,180.0,0,0,a,a,"Feb,May,Aug,Nov"
85,2013-11-11,5639,1,0,0,0,1870.0,0,0,b,a,No_Promo2
71,2013-11-11,7808,1,0,1,0,16160.0,0,0,a,a,"Mar,Jun,Sept,Dec"
102,2013-11-11,5054,1,0,1,0,150.0,0,0,a,a,"Mar,Jun,Sept,Dec"
105,2013-11-11,3939,1,0,1,0,6190.0,0,0,a,c,"Mar,Jun,Sept,Dec"
10,2013-11-11,5022,1,0,0,0,3160.0,0,0,a,a,No_Promo2
57,2013-11-11,9377,1,0,0,0,420.0,0,0,d,c,No_Promo2
50,2013-11-11,3151,1,0,0,0,6260.0,0,0,d,a,No_Promo2
49,2013-11-11,5796,1,0,0,0,16160.0,0,0,d,c,No_Promo2
1115,2013-11-11,4008,1,0,1,0,5350.0,0,0,d,c,"Mar,Jun,Sept,Dec"
1086,2013-11-11,7061,1,0,1,0,180.0,0,0,a,a,"Feb,May,Aug,Nov"
71,2013-11-12,7191,1,0,1,0,16160.0,0,0,a,a,"Mar,Jun,Sept,Dec"
85,2013-11-12,5165,1,0,0,0,1870.0,0,0,b,a,No_Promo2
102,2013-11-12,4267,1,0,1,0,150.0,0,0,a,a,"Mar,Jun,Sept,Dec"
105,2013-11-12,3608,1,0,1,0,6190.0,0,0,a,c,"Mar,Jun,Sept,Dec"
10,2013-11-12,4209,1,0,0,0,3160.0,0,0,a,a,No_Promo2
57,2013-11-12,8571,1,0,0,0,420.0,0,0,d,c,No_Promo2
50,2013-11-12,3061,1,0,0,0,6260.0,0,0,d,a,No_Promo2
49,2013-11-12,5113,1,0,0,0,16160.0,0,0,d,c,No_Promo2
1115,2013-11-12,3560,1,0,1,0,5350.0,0,0,d,c,"Mar,Jun,Sept,Dec"
1086,2013-11-12,8275,1,0,1,0,180.0,0,0,a,a,"Feb,May,Aug,Nov"
85,2013-11-13,5327,1,0,0,0,1870.0,0,0,b,a,No_Promo2
71,2013-11-13,7141,1,0,1,0,16160.0,0,0,a,a,"Mar,Jun,Sept,Dec"
102,2013-11-13,5056,1,0,1,0,150.0,0,0,a,a,"Mar,Jun,Sept,Dec"
105,2013-11-13,3112,1,0,1,0,6190.0,0,0,a,c,"Mar,Jun,Sept,Dec"
10,2013-11-13,4601,1,0,0,0,3160.0,0,0,a,a,No_Promo2
57,2013-11-13,8523,1,0,0,0,420.0,0,0,d,c,No_Promo2
50,2013-11-13,2596,1,0,0,0,6260.0,0,0,d,a,No_Promo2
49,2013-11-13,5217,1,0,0,0,16160.0,0,0,d,c,No_Promo2
1086,2013-11-13,7169,1,0,1,0,180.0,0,0,a,a,"Feb,May,Aug,Nov"
1115,2013-11-13,4064,1,0,1,0,5350.0,0,0,d,c,"Mar,Jun,Sept,Dec"
85,2013-11-14,5330,1,0,0,0,1870.0,0,0,b,a,No_Promo2
71,2013-11-14,6891,1,0,1,0,16160.0,0,0,a,a,"Mar,Jun,Sept,Dec"
102,2013-11-14,4493,1,0,1,0,150.0,0,0,a,a,"Mar,Jun,Sept,Dec"
105,2013-11-14,3276,1,0,1,0,6190.0,0,0,a,c,"Mar,Jun,Sept,Dec"
10,2013-11-14,4569,1,0,0,0,3160.0,0,0,a,a,No_Promo2
57,2013-11-14,9525,1,0,0,0,420.0,0,0,d,c,No_Promo2
50,2013-11-14,3159,1,0,0,0,6260.0,0,0,d,a,No_Promo2
49,2013-11-14,4452,1,0,0,0,16160.0,0,0,d,c,No_Promo2
1115,2013-11-14,4316,1,0,1,0,5350.0,0,0,d,c,"Mar,Jun,Sept,Dec"
1086,2013-11-14,7435,1,0,1,0,180.0,0,0,a,a,"Feb,May,Aug,Nov"
85,2013-11-15,5804,1,0,0,0,1870.0,0,0,b,a,No_Promo2
71,2013-11-15,7190,1,0,1,0,16160.0,0,0,a,a,"Mar,Jun,Sept,Dec"
102,2013-11-15,4868,1,0,1,0,150.0,0,0,a,a,"Mar,Jun,Sept,Dec"
105,2013-11-15,4317,1,0,1,0,6190.0,0,0,a,c,"Mar,Jun,Sept,Dec"
10,2013-11-15,5010,1,0,0,0,3160.0,0,0,a,a,No_Promo2
57,2013-11-15,9460,1,0,0,0,420.0,0,0,d,c,No_Promo2
50,2013-11-15,3682,1,0,0,0,6260.0,0,0,d,a,No_Promo2
49,2013-11-15,6141,1,0,0,0,16160.0,0,0,d,c,No_Promo2
1115,2013-11-15,4745,1,0,1,0,5350.0,0,0,d,c,"Mar,Jun,Sept,Dec"
1086,2013-11-15,9310,1,0,1,0,180.0,0,0,a,a,"Feb,May,Aug,Nov"
85,2013-11-16,5985,1,0,0,0,1870.0,0,0,b,a,No_Promo2
71,2013-11-16,7115,1,0,1,0,16160.0,0,0,a,a,"Mar,Jun,Sept,Dec"
102,2013-11-16,6103,1,0,1,0,150.0,0,0,a,a,"Mar,Jun,Sept,Dec"
105,2013-11-16,2883,1,0,1,0,6190.0,0,0,a,c,"Mar,Jun,Sept,Dec"
10,2013-11-16,5092,1,0,0,0,3160.0,0,0,a,a,No_Promo2
57,2013-11-16,8362,1,0,0,0,420.0,0,0,d,c,No_Promo2
50,2013-11-16,4196,1,0,0,0,6260.0,0,0,d,a,No_Promo2
49,2013-11-16,6871,1,0,0,0,16160.0,0,0,d,c,No_Promo2
1115,2013-11-16,6446,1,0,1,0,5350.0,0,0,d,c,"Mar,Jun,Sept,Dec"
1086,2013-11-16,6183,1,0,1,0,180.0,0,0,a,a,"Feb,May,Aug,Nov"
85,2013-11-17,13629,1,0,0,0,1870.0,0,0,b,a,No_Promo2
71,2013-11-17,0,0,0,1,0,16160.0,0,0,a,a,"Mar,Jun,Sept,Dec"
102,2013-11-17,0,0,0,1,0,150.0,0,0,a,a,"Mar,Jun,Sept,Dec"
105,2013-11-17,0,0,0,1,0,6190.0,0,0,a,c,"Mar,Jun,Sept,Dec"
10,2013-11-17,0,0,0,0,0,3160.0,0,0,a,a,No_Promo2
57,2013-11-17,0,0,0,0,0,420.0,0,0,d,c,No_Promo2
50,2013-11-17,0,0,0,0,0,6260.0,0,0,d,a,No_Promo2
49,2013-11-17,0,0,0,0,0,16160.0,0,0,d,c,No_Promo2
1115,2013-11-17,0,0,0,1,0,5350.0,0,0,d,c,"Mar,Jun,Sept,Dec"
1086,2013-11-17,0,0,0,1,0,180.0,0,0,a,a,"Feb,May,Aug,Nov"
102,2013-11-18,9386,1,1,1,0,150.0,0,0,a,a,"Mar,Jun,Sept,Dec"
85,2013-11-18,8466,1,1,0,0,1870.0,0,0,b,a,No_Promo2
105,2013-11-18,6024,1,1,1,0,6190.0,0,0,a,c,"Mar,Jun,Sept,Dec"
71,2013-11-18,13791,1,1,1,0,16160.0,0,0,a,a,"Mar,Jun,Sept,Dec"
10,2013-11-18,7573,1,1,0,0,3160.0,0,0,a,a,No_Promo2
57,2013-11-18,19130,1,1,0,0,420.0,0,0,d,c,No_Promo2
49,2013-11-18,8934,1,1,0,0,16160.0,0,0,d,c,No_Promo2
50,2013-11-18,5579,1,1,0,0,6260.0,0,0,d,a,No_Promo2
1115,2013-11-18,8335,1,1,1,0,5350.0,0,0,d,c,"Mar,Jun,Sept,Dec"
1086,2013-11-18,14935,1,1,1,0,180.0,0,0,a,a,"Feb,May,Aug,Nov"
71,2013-11-19,11469,1,1,1,0,16160.0,0,0,a,a,"Mar,Jun,Sept,Dec"
85,2013-11-19,7868,1,1,0,0,1870.0,0,0,b,a,No_Promo2
102,2013-11-19,7899,1,1,1,0,150.0,0,0,a,a,"Mar,Jun,Sept,Dec"
105,2013-11-19,5519,1,1,1,0,6190.0,0,0,a,c,"Mar,Jun,Sept,Dec"
10,2013-11-19,6130,1,1,0,0,3160.0,0,0,a,a,No_Promo2
57,2013-11-19,16638,1,1,0,0,420.0,0,0,d,c,No_Promo2
50,2013-11-19,4619,1,1,0,0,6260.0,0,0,d,a,No_Promo2
49,2013-11-19,6812,1,1,0,0,16160.0,0,0,d,c,No_Promo2
1086,2013-11-19,11513,1,1,1,0,180.0,0,0,a,a,"Feb,May,Aug,Nov"
1115,2013-11-19,6666,1,1,1,0,5350.0,0,0,d,c,"Mar,Jun,Sept,Dec"
85,2013-11-20,7044,1,1,0,0,1870.0,0,0,b,a,No_Promo2
71,2013-11-20,9655,1,1,1,0,16160.0,0,0,a,a,"Mar,Jun,Sept,Dec"
102,2013-11-20,6992,1,1,1,0,150.0,0,0,a,a,"Mar,Jun,Sept,Dec"
105,2013-11-20,4375,1,1,1,0,6190.0,0,0,a,c,"Mar,Jun,Sept,Dec"
10,2013-11-20,5630,1,1,0,0,3160.0,0,0,a,a,No_Promo2
57,2013-11-20,0,0,1,0,0,420.0,0,a,d,c,No_Promo2
50,2013-11-20,3696,1,1,0,0,6260.0,0,0,d,a,No_Promo2
49,2013-11-20,7410,1,1,0,0,16160.0,0,0,d,c,No_Promo2
1086,2013-11-20,10169,1,1,1,0,180.0,0,0,a,a,"Feb,May,Aug,Nov"
1115,2013-11-20,6380,1,1,1,0,5350.0,0,0,d,c,"Mar,Jun,Sept,Dec"
71,2013-11-21,9152,1,1,1,0,16160.0,0,0,a,a,"Mar,Jun,Sept,Dec"
85,2013-11-21,6815,1,1,0,0,1870.0,0,0,b,a,No_Promo2
102,2013-11-21,7082,1,1,1,0,150.0,0,0,a,a,"Mar,Jun,Sept,Dec"
105,2013-11-21,4901,1,1,1,0,6190.0,0,0,a,c,"Mar,Jun,Sept,Dec"
10,2013-11-21,5514,1,1,0,0,3160.0,0,0,a,a,No_Promo2
57,2013-11-21,16430,1,1,0,0,420.0,0,0,d,c,No_Promo2
50,2013-11-21,3506,1,1,0,0,6260.0,0,0,d,a,No_Promo2
49,2013-11-21,6328,1,1,0,0,16160.0,0,0,d,c,No_Promo2
1115,2013-11-21,5963,1,1,1,0,5350.0,0,0,d,c,"Mar,Jun,Sept,Dec"
1086,2013-11-21,9447,1,1,1,0,180.0,0,0,a,a,"Feb,May,Aug,Nov"
85,2013-11-22,7078,1,1,0,0,1870.0,0,0,b,a,No_Promo2
71,2013-11-22,10300,1,1,1,0,16160.0,0,0,a,a,"Mar,Jun,Sept,Dec"
102,2013-11-22,7076,1,1,1,0,150.0,0,0,a,a,"Mar,Jun,Sept,Dec"
105,2013-11-22,4803,1,1,1,0,6190.0,0,0,a,c,"Mar,Jun,Sept,Dec"
10,2013-11-22,5675,1,1,0,0,3160.0,0,0,a,a,No_Promo2
57,2013-11-22,12530,1,1,0,0,420.0,0,0,d,c,No_Promo2
50,2013-11-22,4254,1,1,0,0,6260.0,0,0,d,a,No_Promo2
49,2013-11-22,6962,1,1,0,0,16160.0,0,0,d,c,No_Promo2
1115,2013-11-22,6802,1,1,1,0,5350.0,0,0,d,c,"Mar,Jun,Sept,Dec"
1086,2013-11-22,9348,1,1,1,0,180.0,0,0,a,a,"Feb,May,Aug,Nov"
85,2013-11-23,5316,1,0,0,0,1870.0,0,0,b,a,No_Promo2
71,2013-11-23,6778,1,0,1,0,16160.0,0,0,a,a,"Mar,Jun,Sept,Dec"
102,2013-11-23,5824,1,0,1,0,150.0,0,0,a,a,"Mar,Jun,Sept,Dec"
105,2013-11-23,3181,1,0,1,0,6190.0,0,0,a,c,"Mar,Jun,Sept,Dec"
10,2013-11-23,4489,1,0,0,0,3160.0,0,0,a,a,No_Promo2
57,2013-11-23,8991,1,0,0,0,420.0,0,0,d,c,No_Promo2
50,2013-11-23,3731,1,0,0,0,6260.0,0,0,d,a,No_Promo2
49,2013-11-23,7145,1,0,0,0,16160.0,0,0,d,c,No_Promo2
1086,2013-11-23,6417,1,0,1,0,180.0,0,0,a,a,"Feb,May,Aug,Nov"
1115,2013-11-23,6895,1,0,1,0,5350.0,0,0,d,c,"Mar,Jun,Sept,Dec"
85,2013-11-24,13413,1,0,0,0,1870.0,0,0,b,a,No_Promo2
71,2013-11-24,0,0,0,1,0,16160.0,0,0,a,a,"Mar,Jun,Sept,Dec"
102,2013-11-24,0,0,0,1,0,150.0,0,0,a,a,"Mar,Jun,Sept,Dec"
105,2013-11-24,0,0,0,1,0,6190.0,0,0,a,c,"Mar,Jun,Sept,Dec"
10,2013-11-24,0,0,0,0,0,3160.0,0,0,a,a,No_Promo2
57,2013-11-24,0,0,0,0,0,420.0,0,0,d,c,No_Promo2
50,2013-11-24,0,0,0,0,0,6260.0,0,0,d,a,No_Promo2
49,2013-11-24,0,0,0,0,0,16160.0,0,0,d,c,No_Promo2
1086,2013-11-24,0,0,0,1,0,180.0,0,0,a,a,"Feb,May,Aug,Nov"
1115,2013-11-24,0,0,0,1,0,5350.0,0,0,d,c,"Mar,Jun,Sept,Dec"
71,2013-11-25,7636,1,0,1,0,16160.0,0,0,a,a,"Mar,Jun,Sept,Dec"
85,2013-11-25,6360,1,0,0,0,1870.0,0,0,b,a,No_Promo2
102,2013-11-25,5387,1,0,1,0,150.0,0,0,a,a,"Mar,Jun,Sept,Dec"
105,2013-11-25,4484,1,0,1,0,6190.0,0,0,a,c,"Mar,Jun,Sept,Dec"
10,2013-11-25,5735,1,0,0,0,3160.0,0,0,a,a,No_Promo2
57,2013-11-25,11687,1,0,0,0,420.0,0,0,d,c,No_Promo2
50,2013-11-25,3156,1,0,0,0,6260.0,0,0,d,a,No_Promo2
49,2013-11-25,7214,1,0,0,0,16160.0,0,0,d,c,No_Promo2
1115,2013-11-25,5872,1,0,1,0,5350.0,0,0,d,c,"Mar,Jun,Sept,Dec"
1086,2013-11-25,6194,1,0,1,0,180.0,0,0,a,a,"Feb,May,Aug,Nov"
71,2013-11-26,6681,1,0,1,0,16160.0,0,0,a,a,"Mar,Jun,Sept,Dec"
85,2013-11-26,5558,1,0,0,0,1870.0,0,0,b,a,No_Promo2
102,2013-11-26,4903,1,0,1,0,150.0,0,0,a,a,"Mar,Jun,Sept,Dec"
105,2013-11-26,3743,1,0,1,0,6190.0,0,0,a,c,"Mar,Jun,Sept,Dec"
10,2013-11-26,5033,1,0,0,0,3160.0,0,0,a,a,No_Promo2
57,2013-11-26,9417,1,0,0,0,420.0,0,0,d,c,No_Promo2
50,2013-11-26,3348,1,0,0,0,6260.0,0,0,d,a,No_Promo2
49,2013-11-26,6325,1,0,0,0,16160.0,0,0,d,c,No_Promo2
1115,2013-11-26,5054,1,0,1,0,5350.0,0,0,d,c,"Mar,Jun,Sept,Dec"
1086,2013-11-26,6753,1,0,1,0,180.0,0,0,a,a,"Feb,May,Aug,Nov"
85,2013-11-27,6521,1,0,0,0,1870.0,0,0,b,a,No_Promo2
71,2013-11-27,7081,1,0,1,0,16160.0,0,0,a,a,"Mar,Jun,Sept,Dec"
102,2013-11-27,4494,1,0,1,0,150.0,0,0,a,a,"Mar,Jun,Sept,Dec"
105,2013-11-27,4543,1,0,1,0,6190.0,0,0,a,c,"Mar,Jun,Sept,Dec"
10,2013-11-27,5496,1,0,0,0,3160.0,0,0,a,a,No_Promo2
57,2013-11-27,10059,1,0,0,0,420.0,0,0,d,c,No_Promo2
50,2013-11-27,3295,1,0,0,0,6260.0,0,0,d,a,No_Promo2
49,2013-11-27,7095,1,0,0,0,16160.0,0,0,d,c,No_Promo2
1086,2013-11-27,6697,1,0,1,0,180.0,0,0,a,a,"Feb,May,Aug,Nov"
1115,2013-11-27,5964,1,0,1,0,5350.0,0,0,d,c,"Mar,Jun,Sept,Dec"
85,2013-11-28,6535,1,0,0,0,1870.0,0,0,b,a,No_Promo2
71,2013-11-28,8637,1,0,1,0,16160.0,0,0,a,a,"Mar,Jun,Sept,Dec"
102,2013-11-28,4765,1,0,1,0,150.0,0,0,a,a,"Mar,Jun,Sept,Dec"
105,2013-11-28,4340,1,0,1,0,6190.0,0,0,a,c,"Mar,Jun,Sept,Dec"
10,2013-11-28,5422,1,0,0,0,3160.0,0,0,a,a,No_Promo2
57,2013-11-28,10287,1,0,0,0,420.0,0,0,d,c,No_Promo2
50,2013-11-28,3331,1,0,0,0,6260.0,0,0,d,a,No_Promo2
49,2013-11-28,6744,1,0,0,0,16160.0,0,0,d,c,No_Promo2
1115,2013-11-28,7104,1,0,1,0,5350.0,0,0,d,c,"Mar,Jun,Sept,Dec"
1086,2013-11-28,6261,1,0,1,0,180.0,0,0,a,a,"Feb,May,Aug,Nov"
102,2013-11-29,7782,1,0,1,0,150.0,0,0,a,a,"Mar,Jun,Sept,Dec"
85,2013-11-29,6406,1,0,0,0,1870.0,0,0,b,a,No_Promo2
71,2013-11-29,11036,1,0,1,0,16160.0,0,0,a,a,"Mar,Jun,Sept,Dec"
105,2013-11-29,5535,1,0,1,0,6190.0,0,0,a,c,"Mar,Jun,Sept,Dec"
10,2013-11-29,5948,1,0,0,0,3160.0,0,0,a,a,No_Promo2
57,2013-11-29,13527,1,0,0,0,420.0,0,0,d,c,No_Promo2
49,2013-11-29,7737,1,0,0,0,16160.0,0,0,d,c,No_Promo2
50,2013-11-29,4464,1,0,0,0,6260.0,0,0,d,a,No_Promo2
1086,2013-11-29,6062,1,0,1,0,180.0,0,0,a,a,"Feb,May,Aug,Nov"
1115,2013-11-29,7764,1,0,1,0,5350.0,0,0,d,c,"Mar,Jun,Sept,Dec"
71,2013-11-30,10353,1,0,1,0,16160.0,0,0,a,a,"Mar,Jun,Sept,Dec"
85,2013-11-30,6838,1,0,0,0,1870.0,0,0,b,a,No_Promo2
102,2013-11-30,8194,1,0,1,0,150.0,0,0,a,a,"Mar,Jun,Sept,Dec"
105,2013-11-30,4469,1,0,1,0,6190.0,0,0,a,c,"Mar,Jun,Sept,Dec"
10,2013-11-30,6766,1,0,0,0,3160.0,0,0,a,a,No_Promo2
57,2013-11-30,10122,1,0,0,0,420.0,0,0,d,c,No_Promo2
50,2013-11-30,5122,1,0,0,0,6260.0,0,0,d,a,No_Promo2
49,2013-11-30,9309,1,0,0,0,16160.0,0,0,d,c,No_Promo2
1086,2013-11-30,5412,1,0,1,0,180.0,0,0,a,a,"Feb,May,Aug,Nov"
1115,2013-11-30,9504,1,0,1,0,5350.0,0,0,d,c,"Mar,Jun,Sept,Dec"
85,2013-12-01,13087,1,0,0,0,1870.0,0,0,b,a,No_Promo2
71,2013-12-01,0,0,0,1,0,16160.0,0,0,a,a,"Mar,Jun,Sept,Dec"
102,2013-12-01,0,0,0,1,0,150.0,0,0,a,a,"Mar,Jun,Sept,Dec"
105,2013-12-01,0,0,0,1,0,6190.0,0,0,a,c,"Mar,Jun,Sept,Dec"
10,2013-12-01,0,0,0,0,0,3160.0,0,0,a,a,No_Promo2
57,2013-12-01,0,0,0,0,0,420.0,0,0,d,c,No_Promo2
50,2013-12-01,0,0,0,0,0,6260.0,0,0,d,a,No_Promo2
49,2013-12-01,0,0,0,0,0,16160.0,0,0,d,c,No_Promo2
1086,2013-12-01,0,0,0,1,0,180.0,0,0,a,a,"Feb,May,Aug,Nov"
1115,2013-12-01,0,0,0,1,0,5350.0,0,0,d,c,"Mar,Jun,Sept,Dec"
85,2013-12-02,9272,1,1,0,0,1870.0,0,0,b,a,No_Promo2
71,2013-12-02,17431,1,1,1,0,16160.0,0,0,a,a,"Mar,Jun,Sept,Dec"
102,2013-12-02,12918,1,1,1,0,150.0,0,0,a,a,"Mar,Jun,Sept,Dec"
105,2013-12-02,7102,1,1,1,0,6190.0,0,0,a,c,"Mar,Jun,Sept,Dec"
10,2013-12-02,8101,1,1,0,0,3160.0,0,0,a,a,No_Promo2
57,2013-12-02,23370,1,1,0,0,420.0,0,0,d,c,No_Promo2
50,2013-12-02,6831,1,1,0,0,6260.0,0,0,d,a,No_Promo2
49,2013-12-02,11387,1,1,0,0,16160.0,0,0,d,c,No_Promo2
1115,2013-12-02,10081,1,1,1,0,5350.0,0,0,d,c,"Mar,Jun,Sept,Dec"
1086,2013-12-02,14154,1,1,1,0,180.0,0,0,a,a,"Feb,May,Aug,Nov"
85,2013-12-03,8591,1,1,0,0,1870.0,0,0,b,a,No_Promo2
71,2013-12-03,12920,1,1,1,0,16160.0,0,0,a,a,"Mar,Jun,Sept,Dec"
102,2013-12-03,10734,1,1,1,0,150.0,0,0,a,a,"Mar,Jun,Sept,Dec"
105,2013-12-03,5698,1,1,1,0,6190.0,0,0,a,c,"Mar,Jun,Sept,Dec"
10,2013-12-03,7223,1,1,0,0,3160.0,0,0,a,a,No_Promo2
57,2013-12-03,18722,1,1,0,0,420.0,0,0,d,c,No_Promo2
50,2013-12-03,5517,1,1,0,0,6260.0,0,0,d,a,No_Promo2
49,2013-12-03,10289,1,1,0,0,16160.0,0,0,d,c,No_Promo2
1086,2013-12-03,11402,1,1,1,0,180.0,0,0,a,a,"Feb,May,Aug,Nov"
1115,2013-12-03,7504,1,1,1,0,5350.0,0,0,d,c,"Mar,Jun,Sept,Dec"
85,2013-12-04,7979,1,1,0,0,1870.0,0,0,b,a,No_Promo2
71,2013-12-04,11418,1,1,1,0,16160.0,0,0,a,a,"Mar,Jun,Sept,Dec"
102,2013-12-04,9557,1,1,1,0,150.0,0,0,a,a,"Mar,Jun,Sept,Dec"
105,2013-12-04,6080,1,1,1,0,6190.0,0,0,a,c,"Mar,Jun,Sept,Dec"
10,2013-12-04,5291,1,1,0,0,3160.0,0,0,a,a,No_Promo2
57,2013-12-04,17129,1,1,0,0,420.0,0,0,d,c,No_Promo2
50,2013-12-04,5628,1,1,0,0,6260.0,0,0,d,a,No_Promo2
49,2013-12-04,10228,1,1,0,0,16160.0,0,0,d,c,No_Promo2
1115,2013-12-04,8256,1,1,1,0,5350.0,0,0,d,c,"Mar,Jun,Sept,Dec"
1086,2013-12-04,10093,1,1,1,0,180.0,0,0,a,a,"Feb,May,Aug,Nov"
85,2013-12-05,9177,1,1,0,0,1870.0,0,0,b,a,No_Promo2
71,2013-12-05,11141,1,1,1,0,16160.0,0,0,a,a,"Mar,Jun,Sept,Dec"
102,2013-12-05,7921,1,1,1,0,150.0,0,0,a,a,"Mar,Jun,Sept,Dec"
105,2013-12-05,6118,1,1,1,0,6190.0,0,0,a,c,"Mar,Jun,Sept,Dec"
10,2013-12-05,6293,1,1,0,0,3160.0,0,0,a,a,No_Promo2
57,2013-12-05,18424,1,1,0,0,420.0,0,0,d,c,No_Promo2
50,2013-12-05,6371,1,1,0,0,6260.0,0,0,d,a,No_Promo2
49,2013-12-05,11456,1,1,0,0,16160.0,0,0,d,c,No_Promo2
1115,2013-12-05,8845,1,1,1,0,5350.0,0,0,d,c,"Mar,Jun,Sept,Dec"
1086,2013-12-05,10298,1,1,1,0,180.0,0,0,a,a,"Feb,May,Aug,Nov"
85,2013-12-06,6823,1,1,0,0,1870.0,0,0,b,a,No_Promo2
71,2013-12-06,10361,1,1,1,0,16160.0,0,0,a,a,"Mar,Jun,Sept,Dec"
102,2013-12-06,8010,1,1,1,0,150.0,0,0,a,a,"Mar,Jun,Sept,Dec"
105,2013-12-06,4578,1,1,1,0,6190.0,0,0,a,c,"Mar,Jun,Sept,Dec"
10,2013-12-06,5937,1,1,0,0,3160.0,0,0,a,a,No_Promo2
57,2013-12-06,12748,1,1,0,0,420.0,0,0,d,c,No_Promo2
50,2013-12-06,5222,1,1,0,0,6260.0,0,0,d,a,No_Promo2
49,2013-12-06,9118,1,1,0,0,16160.0,0,0,d,c,No_Promo2
1115,2013-12-06,7465,1,1,1,0,5350.0,0,0,d,c,"Mar,Jun,Sept,Dec"
1086,2013-12-06,7486,1,1,1,0,180.0,0,0,a,a,"Feb,May,Aug,Nov"
85,2013-12-07,6015,1,0,0,0,1870.0,0,0,b,a,No_Promo2
71,2013-12-07,8759,1,0,1,0,16160.0,0,0,a,a,"Mar,Jun,Sept,Dec"
102,2013-12-07,6985,1,0,1,0,150.0,0,0,a,a,"Mar,Jun,Sept,Dec"
105,2013-12-07,3292,1,0,1,0,6190.0,0,0,a,c,"Mar,Jun,Sept,Dec"
10,2013-12-07,4966,1,0,0,0,3160.0,0,0,a,a,No_Promo2
57,2013-12-07,8445,1,0,0,0,420.0,0,0,d,c,No_Promo2
50,2013-12-07,3558,1,0,0,0,6260.0,0,0,d,a,No_Promo2
49,2013-12-07,6478,1,0,0,0,16160.0,0,0,d,c,No_Promo2
1115,2013-12-07,6528,1,0,1,0,5350.0,0,0,d,c,"Mar,Jun,Sept,Dec"
1086,2013-12-07,5514,1,0,1,0,180.0,0,0,a,a,"Feb,May,Aug,Nov"
85,2013-12-08,7815,1,0,0,0,1870.0,0,0,b,a,No_Promo2
71,2013-12-08,0,0,0,1,0,16160.0,0,0,a,a,"Mar,Jun,Sept,Dec"
102,2013-12-08,0,0,0,1,0,150.0,0,0,a,a,"Mar,Jun,Sept,Dec"
105,2013-12-08,0,0,0,1,0,6190.0,0,0,a,c,"Mar,Jun,Sept,Dec"
10,2013-12-08,0,0,0,0,0,3160.0,0,0,a,a,No_Promo2
57,2013-12-08,0,0,0,0,0,420.0,0,0,d,c,No_Promo2
50,2013-12-08,0,0,0,0,0,6260.0,0,0,d,a,No_Promo2
49,2013-12-08,0,0,0,0,0,16160.0,0,0,d,c,No_Promo2
1115,2013-12-08,0,0,0,1,0,5350.0,0,0,d,c,"Mar,Jun,Sept,Dec"
1086,2013-12-08,0,0,0,1,0,180.0,0,0,a,a,"Feb,May,Aug,Nov"
102,2013-12-09,6456,1,0,1,0,150.0,0,0,a,a,"Mar,Jun,Sept,Dec"
85,2013-12-09,5781,1,0,0,0,1870.0,0,0,b,a,No_Promo2
105,2013-12-09,4751,1,0,1,0,6190.0,0,0,a,c,"Mar,Jun,Sept,Dec"
71,2013-12-09,8486,1,0,1,0,16160.0,0,0,a,a,"Mar,Jun,Sept,Dec"
10,2013-12-09,5036,1,0,0,0,3160.0,0,0,a,a,No_Promo2
57,2013-12-09,10668,1,0,0,0,420.0,0,0,d,c,No_Promo2
49,2013-12-09,6063,1,0,0,0,16160.0,0,0,d,c,No_Promo2
50,2013-12-09,3437,1,0,0,0,6260.0,0,0,d,a,No_Promo2
1115,2013-12-09,5104,1,0,1,0,5350.0,0,0,d,c,"Mar,Jun,Sept,Dec"
1086,2013-12-09,7142,1,0,1,0,180.0,0,0,a,a,"Feb,May,Aug,Nov"
71,2013-12-10,9088,1,0,1,0,16160.0,0,0,a,a,"Mar,Jun,Sept,Dec"
85,2013-12-10,5777,1,0,0,0,1870.0,0,0,b,a,No_Promo2
102,2013-12-10,6246,1,0,1,0,150.0,0,0,a,a,"Mar,Jun,Sept,Dec"
105,2013-12-10,4127,1,0,1,0,6190.0,0,0,a,c,"Mar,Jun,Sept,Dec"
10,2013-12-10,5908,1,0,0,0,3160.0,0,0,a,a,No_Promo2
57,2013-12-10,12154,1,0,0,0,420.0,0,0,d,c,No_Promo2
50,2013-12-10,2707,1,0,0,0,6260.0,0,0,d,a,No_Promo2
49,2013-12-10,5747,1,0,0,0,16160.0,0,0,d,c,No_Promo2
1115,2013-12-10,4945,1,0,1,0,5350.0,0,0,d,c,"Mar,Jun,Sept,Dec"
1086,2013-12-10,6889,1,0,1,0,180.0,0,0,a,a,"Feb,May,Aug,Nov"
85,2013-12-11,6010,1,0,0,0,1870.0,0,0,b,a,No_Promo2
71,2013-12-11,9138,1,0,1,0,16160.0,0,0,a,a,"Mar,Jun,Sept,Dec"
102,2013-12-11,6468,1,0,1,0,150.0,0,0,a,a,"Mar,Jun,Sept,Dec"
105,2013-12-11,4211,1,0,1,0,6190.0,0,0,a,c,"Mar,Jun,Sept,Dec"
10,2013-12-11,5002,1,0,0,0,3160.0,0,0,a,a,No_Promo2
57,2013-12-11,11379,1,0,0,0,420.0,0,0,d,c,No_Promo2
50,2013-12-11,3035,1,0,0,0,6260.0,0,0,d,a,No_Promo2
49,2013-12-11,6607,1,0,0,0,16160.0,0,0,d,c,No_Promo2
1086,2013-12-11,7069,1,0,1,0,180.0,0,0,a,a,"Feb,May,Aug,Nov"
1115,2013-12-11,5012,1,0,1,0,5350.0,0,0,d,c,"Mar,Jun,Sept,Dec"
85,2013-12-12,5560,1,0,0,0,1870.0,0,0,b,a,No_Promo2
71,2013-12-12,8587,1,0,1,0,16160.0,0,0,a,a,"Mar,Jun,Sept,Dec"
102,2013-12-12,6367,1,0,1,0,150.0,0,0,a,a,"Mar,Jun,Sept,Dec"
105,2013-12-12,4010,1,0,1,0,6190.0,0,0,a,c,"Mar,Jun,Sept,Dec"
10,2013-12-12,5663,1,0,0,0,3160.0,0,0,a,a,No_Promo2
57,2013-12-12,11946,1,0,0,0,420.0,0,0,d,c,No_Promo2
50,2013-12-12,4173,1,0,0,0,6260.0,0,0,d,a,No_Promo2
49,2013-12-12,6663,1,0,0,0,16160.0,0,0,d,c,No_Promo2
1115,2013-12-12,5029,1,0,1,0,5350.0,0,0,d,c,"Mar,Jun,Sept,Dec"
1086,2013-12-12,7753,1,0,1,0,180.0,0,0,a,a,"Feb,May,Aug,Nov"
71,2013-12-13,9288,1,0,1,0,16160.0,0,0,a,a,"Mar,Jun,Sept,Dec"
85,2013-12-13,5714,1,0,0,0,1870.0,0,0,b,a,No_Promo2
102,2013-12-13,6248,1,0,1,0,150.0,0,0,a,a,"Mar,Jun,Sept,Dec"
105,2013-12-13,4274,1,0,1,0,6190.0,0,0,a,c,"Mar,Jun,Sept,Dec"
10,2013-12-13,6023,1,0,0,0,3160.0,0,0,a,a,No_Promo2
57,2013-12-13,12221,1,0,0,0,420.0,0,0,d,c,No_Promo2
50,2013-12-13,3941,1,0,0,0,6260.0,0,0,d,a,No_Promo2
49,2013-12-13,7212,1,0,0,0,16160.0,0,0,d,c,No_Promo2
1086,2013-12-13,7566,1,0,1,0,180.0,0,0,a,a,"Feb,May,Aug,Nov"
1115,2013-12-13,6276,1,0,1,0,5350.0,0,0,d,c,"Mar,Jun,Sept,Dec"
85,2013-12-14,6264,1,0,0,0,1870.0,0,0,b,a,No_Promo2
71,2013-12-14,8667,1,0,1,0,16160.0,0,0,a,a,"Mar,Jun,Sept,Dec"
102,2013-12-14,6909,1,0,1,0,150.0,0,0,a,a,"Mar,Jun,Sept,Dec"
105,2013-12-14,3323,1,0,1,0,6190.0,0,0,a,c,"Mar,Jun,Sept,Dec"
10,2013-12-14,5689,1,0,0,0,3160.0,0,0,a,a,No_Promo2
57,2013-12-14,10419,1,0,0,0,420.0,0,0,d,c,No_Promo2
50,2013-12-14,5435,1,0,0,0,6260.0,0,0,d,a,No_Promo2
49,2013-12-14,8180,1,0,0,0,16160.0,0,0,d,c,No_Promo2
1115,2013-12-14,7948,1,0,1,0,5350.0,0,0,d,c,"Mar,Jun,Sept,Dec"
1086,2013-12-14,6342,1,0,1,0,180.0,0,0,a,a,"Feb,May,Aug,Nov"
85,2013-12-15,13491,1,0,0,0,1870.0,0,0,b,a,No_Promo2
71,2013-12-15,0,0,0,1,0,16160.0,0,0,a,a,"Mar,Jun,Sept,Dec"
102,2013-12-15,0,0,0,1,0,150.0,0,0,a,a,"Mar,Jun,Sept,Dec"
105,2013-12-15,0,0,0,1,0,6190.0,0,0,a,c,"Mar,Jun,Sept,Dec"
10,2013-12-15,0,0,0,0,0,3160.0,0,0,a,a,No_Promo2
57,2013-12-15,0,0,0,0,0,420.0,0,0,d,c,No_Promo2
50,2013-12-15,0,0,0,0,0,6260.0,0,0,d,a,No_Promo2
49,2013-12-15,0,0,0,0,0,16160.0,0,0,d,c,No_Promo2
1115,2013-12-15,0,0,0,1,0,5350.0,0,0,d,c,"Mar,Jun,Sept,Dec"
1086,2013-12-15,0,0,0,1,0,180.0,0,0,a,a,"Feb,May,Aug,Nov"
71,2013-12-16,20126,1,1,1,0,16160.0,0,0,a,a,"Mar,Jun,Sept,Dec"
85,2013-12-16,11113,1,1,0,0,1870.0,0,0,b,a,No_Promo2
102,2013-12-16,16644,1,1,1,0,150.0,0,0,a,a,"Mar,Jun,Sept,Dec"
105,2013-12-16,8792,1,1,1,0,6190.0,0,0,a,c,"Mar,Jun,Sept,Dec"
10,2013-12-16,9123,1,1,0,0,3160.0,0,0,a,a,No_Promo2
57,2013-12-16,29138,1,1,0,0,420.0,0,0,d,c,No_Promo2
50,2013-12-16,9178,1,1,0,0,6260.0,0,0,d,a,No_Promo2
49,2013-12-16,14453,1,1,0,0,16160.0,0,0,d,c,No_Promo2
1115,2013-12-16,11433,1,1,1,0,5350.0,0,0,d,c,"Mar,Jun,Sept,Dec"
1086,2013-12-16,20489,1,1,1,0,180.0,0,0,a,a,"Feb,May,Aug,Nov"
85,2013-12-17,9498,1,1,0,0,1870.0,0,0,b,a,No_Promo2
71,2013-12-17,16880,1,1,1,0,16160.0,0,0,a,a,"Mar,Jun,Sept,Dec"
102,2013-12-17,12593,1,1,1,0,150.0,0,0,a,a,"Mar,Jun,Sept,Dec"
105,2013-12-17,6708,1,1,1,0,6190.0,0,0,a,c,"Mar,Jun,Sept,Dec"
10,2013-12-17,8109,1,1,0,0,3160.0,0,0,a,a,No_Promo2
57,2013-12-17,22914,1,1,0,0,420.0,0,0,d,c,No_Promo2
50,2013-12-17,6560,1,1,0,0,6260.0,0,0,d,a,No_Promo2
49,2013-12-17,11600,1,1,0,0,16160.0,0,0,d,c,No_Promo2
1115,2013-12-17,9409,1,1,1,0,5350.0,0,0,d,c,"Mar,Jun,Sept,Dec"
1086,2013-12-17,17633,1,1,1,0,180.0,0,0,a,a,"Feb,May,Aug,Nov"
85,2013-12-18,8347,1,1,0,0,1870.0,0,0,b,a,No_Promo2
71,2013-12-18,15820,1,1,1,0,16160.0,0,0,a,a,"Mar,Jun,Sept,Dec"
102,2013-12-18,12498,1,1,1,0,150.0,0,0,a,a,"Mar,Jun,Sept,Dec"
105,2013-12-18,7318,1,1,1,0,6190.0,0,0,a,c,"Mar,Jun,Sept,Dec"
10,2013-12-18,7893,1,1,0,0,3160.0,0,0,a,a,No_Promo2
57,2013-12-18,18905,1,1,0,0,420.0,0,0,d,c,No_Promo2
50,2013-12-18,7222,1,1,0,0,6260.0,0,0,d,a,No_Promo2
49,2013-12-18,12271,1,1,0,0,16160.0,0,0,d,c,No_Promo2
1086,2013-12-18,14373,1,1,1,0,180.0,0,0,a,a,"Feb,May,Aug,Nov"
1115,2013-12-18,9232,1,1,1,0,5350.0,0,0,d,c,"Mar,Jun,Sept,Dec"
85,2013-12-19,8730,1,1,0,0,1870.0,0,0,b,a,No_Promo2
71,2013-12-19,14506,1,1,1,0,16160.0,0,0,a,a,"Mar,Jun,Sept,Dec"
102,2013-12-19,10423,1,1,1,0,150.0,0,0,a,a,"Mar,Jun,Sept,Dec"
105,2013-12-19,6503,1,1,1,0,6190.0,0,0,a,c,"Mar,Jun,Sept,Dec"
10,2013-12-19,7536,1,1,0,0,3160.0,0,0,a,a,No_Promo2
57,2013-12-19,19928,1,1,0,0,420.0,0,0,d,c,No_Promo2
50,2013-12-19,5956,1,1,0,0,6260.0,0,0,d,a,No_Promo2
49,2013-12-19,11121,1,1,0,0,16160.0,0,0,d,c,No_Promo2
1115,2013-12-19,9603,1,1,1,0,5350.0,0,0,d,c,"Mar,Jun,Sept,Dec"
1086,2013-12-19,13375,1,1,1,0,180.0,0,0,a,a,"Feb,May,Aug,Nov"
85,2013-12-20,8917,1,1,0,0,1870.0,0,0,b,a,No_Promo2
71,2013-12-20,15577,1,1,1,0,16160.0,0,0,a,a,"Mar,Jun,Sept,Dec"
102,2013-12-20,10902,1,1,1,0,150.0,0,0,a,a,"Mar,Jun,Sept,Dec"
105,2013-12-20,6821,1,1,1,0,6190.0,0,0,a,c,"Mar,Jun,Sept,Dec"
10,2013-12-20,8268,1,1,0,0,3160.0,0,0,a,a,No_Promo2
57,2013-12-20,20144,1,1,0,0,420.0,0,0,d,c,No_Promo2
50,2013-12-20,7334,1,1,0,0,6260.0,0,0,d,a,No_Promo2
49,2013-12-20,11904,1,1,0,0,16160.0,0,0,d,c,No_Promo2
1115,2013-12-20,10614,1,1,1,0,5350.0,0,0,d,c,"Mar,Jun,Sept,Dec"
1086,2013-12-20,14584,1,1,1,0,180.0,0,0,a,a,"Feb,May,Aug,Nov"
85,2013-12-21,7667,1,0,0,0,1870.0,0,0,b,a,No_Promo2
71,2013-12-21,11951,1,0,1,0,16160.0,0,0,a,a,"Mar,Jun,Sept,Dec"
102,2013-12-21,9485,1,0,1,0,150.0,0,0,a,a,"Mar,Jun,Sept,Dec"
105,2013-12-21,4803,1,0,1,0,6190.0,0,0,a,c,"Mar,Jun,Sept,Dec"
10,2013-12-21,7007,1,0,0,0,3160.0,0,0,a,a,No_Promo2
57,2013-12-21,13485,1,0,0,0,420.0,0,0,d,c,No_Promo2
50,2013-12-21,6646,1,0,0,0,6260.0,0,0,d,a,No_Promo2
49,2013-12-21,11424,1,0,0,0,16160.0,0,0,d,c,No_Promo2
1115,2013-12-21,9594,1,0,1,0,5350.0,0,0,d,c,"Mar,Jun,Sept,Dec"
1086,2013-12-21,9898,1,0,1,0,180.0,0,0,a,a,"Feb,May,Aug,Nov"
85,2013-12-22,8094,1,0,0,0,1870.0,0,0,b,a,No_Promo2
71,2013-12-22,0,0,0,1,0,16160.0,0,0,a,a,"Mar,Jun,Sept,Dec"
102,2013-12-22,0,0,0,1,0,150.0,0,0,a,a,"Mar,Jun,Sept,Dec"
105,2013-12-22,0,0,0,1,0,6190.0,0,0,a,c,"Mar,Jun,Sept,Dec"
10,2013-12-22,0,0,0,0,0,3160.0,0,0,a,a,No_Promo2
57,2013-12-22,0,0,0,0,0,420.0,0,0,d,c,No_Promo2
50,2013-12-22,0,0,0,0,0,6260.0,0,0,d,a,No_Promo2
49,2013-12-22,0,0,0,0,0,16160.0,0,0,d,c,No_Promo2
1115,2013-12-22,0,0,0,1,0,5350.0,0,0,d,c,"Mar,Jun,Sept,Dec"
1086,2013-12-22,0,0,0,1,0,180.0,0,0,a,a,"Feb,May,Aug,Nov"
85,2013-12-23,8274,1,0,0,1,1870.0,0,0,b,a,No_Promo2
71,2013-12-23,17558,1,0,1,1,16160.0,0,0,a,a,"Mar,Jun,Sept,Dec"
102,2013-12-23,12304,1,0,1,1,150.0,0,0,a,a,"Mar,Jun,Sept,Dec"
105,2013-12-23,8749,1,0,1,1,6190.0,0,0,a,c,"Mar,Jun,Sept,Dec"
10,2013-12-23,9534,1,0,0,1,3160.0,0,0,a,a,No_Promo2
57,2013-12-23,24615,1,0,0,1,420.0,0,0,d,c,No_Promo2
50,2013-12-23,8542,1,0,0,1,6260.0,0,0,d,a,No_Promo2
49,2013-12-23,17705,1,0,0,1,16160.0,0,0,d,c,No_Promo2
1115,2013-12-23,11768,1,0,1,1,5350.0,0,0,d,c,"Mar,Jun,Sept,Dec"
1086,2013-12-23,16766,1,0,1,1,180.0,0,0,a,a,"Feb,May,Aug,Nov"
85,2013-12-24,3215,1,0,0,1,1870.0,0,0,b,a,No_Promo2
71,2013-12-24,6785,1,0,1,1,16160.0,0,0,a,a,"Mar,Jun,Sept,Dec"
102,2013-12-24,3293,1,0,1,1,150.0,0,0,a,a,"Mar,Jun,Sept,Dec"
105,2013-12-24,3456,1,0,1,1,6190.0,0,0,a,c,"Mar,Jun,Sept,Dec"
10,2013-12-24,3915,1,0,0,1,3160.0,0,0,a,a,No_Promo2
57,2013-12-24,7372,1,0,0,1,420.0,0,0,d,c,No_Promo2
50,2013-12-24,2897,1,0,0,1,6260.0,0,0,d,a,No_Promo2
49,2013-12-24,6422,1,0,0,1,16160.0,0,0,d,c,No_Promo2
1115,2013-12-24,4307,1,0,1,1,5350.0,0,0,d,c,"Mar,Jun,Sept,Dec"
1086,2013-12-24,5105,1,0,1,1,180.0,0,0,a,a,"Feb,May,Aug,Nov"
71,2013-12-25,0,0,0,1,1,16160.0,0,c,a,a,"Mar,Jun,Sept,Dec"
85,2013-12-25,6138,1,0,0,1,1870.0,0,c,b,a,No_Promo2
102,2013-12-25,0,0,0,1,1,150.0,0,c,a,a,"Mar,Jun,Sept,Dec"
105,2013-12-25,0,0,0,1,1,6190.0,0,c,a,c,"Mar,Jun,Sept,Dec"
10,2013-12-25,0,0,0,0,1,3160.0,0,c,a,a,No_Promo2
57,2013-12-25,0,0,0,0,1,420.0,0,c,d,c,No_Promo2
50,2013-12-25,0,0,0,0,1,6260.0,0,c,d,a,No_Promo2
49,2013-12-25,0,0,0,0,1,16160.0,0,c,d,c,No_Promo2
1115,2013-12-25,0,0,0,1,1,5350.0,0,c,d,c,"Mar,Jun,Sept,Dec"
1086,2013-12-25,0,0,0,1,1,180.0,0,c,a,a,"Feb,May,Aug,Nov"
85,2013-12-26,8513,1,0,0,1,1870.0,0,c,b,a,No_Promo2
71,2013-12-26,0,0,0,1,1,16160.0,0,c,a,a,"Mar,Jun,Sept,Dec"
102,2013-12-26,0,0,0,1,1,150.0,0,c,a,a,"Mar,Jun,Sept,Dec"
105,2013-12-26,0,0,0,1,1,6190.0,0,c,a,c,"Mar,Jun,Sept,Dec"
10,2013-12-26,0,0,0,0,1,3160.0,0,c,a,a,No_Promo2
57,2013-12-26,0,0,0,0,1,420.0,0,c,d,c,No_Promo2
50,2013-12-26,0,0,0,0,1,6260.0,0,c,d,a,No_Promo2
49,2013-12-26,0,0,0,0,1,16160.0,0,c,d,c,No_Promo2
1086,2013-12-26,0,0,0,1,1,180.0,0,c,a,a,"Feb,May,Aug,Nov"
1115,2013-12-26,0,0,0,1,1,5350.0,0,c,d,c,"Mar,Jun,Sept,Dec"
85,2013-12-27,6064,1,0,0,1,1870.0,0,0,b,a,No_Promo2
71,2013-12-27,8807,1,0,1,1,16160.0,0,0,a,a,"Mar,Jun,Sept,Dec"
102,2013-12-27,7062,1,0,1,1,150.0,0,0,a,a,"Mar,Jun,Sept,Dec"
105,2013-12-27,4817,1,0,1,1,6190.0,0,0,a,c,"Mar,Jun,Sept,Dec"
10,2013-12-27,5094,1,0,0,1,3160.0,0,0,a,a,No_Promo2
57,2013-12-27,12842,1,0,0,1,420.0,0,0,d,c,No_Promo2
50,2013-12-27,4871,1,0,0,1,6260.0,0,0,d,a,No_Promo2
49,2013-12-27,7063,1,0,0,1,16160.0,0,0,d,c,No_Promo2
1115,2013-12-27,6835,1,0,1,1,5350.0,0,0,d,c,"Mar,Jun,Sept,Dec"
1086,2013-12-27,7205,1,0,1,1,180.0,0,0,a,a,"Feb,May,Aug,Nov"
102,2013-12-28,6497,1,0,1,0,150.0,0,0,a,a,"Mar,Jun,Sept,Dec"
85,2013-12-28,6061,1,0,0,0,1870.0,0,0,b,a,No_Promo2
71,2013-12-28,6633,1,0,1,0,16160.0,0,0,a,a,"Mar,Jun,Sept,Dec"
105,2013-12-28,2532,1,0,1,0,6190.0,0,0,a,c,"Mar,Jun,Sept,Dec"
10,2013-12-28,4762,1,0,0,1,3160.0,0,0,a,a,No_Promo2
57,2013-12-28,9224,1,0,0,0,420.0,0,0,d,c,No_Promo2
49,2013-12-28,7320,1,0,0,0,16160.0,0,0,d,c,No_Promo2
50,2013-12-28,4170,1,0,0,0,6260.0,0,0,d,a,No_Promo2
1086,2013-12-28,5034,1,0,1,1,180.0,0,0,a,a,"Feb,May,Aug,Nov"
1115,2013-12-28,7006,1,0,1,1,5350.0,0,0,d,c,"Mar,Jun,Sept,Dec"
71,2013-12-29,0,0,0,1,0,16160.0,0,0,a,a,"Mar,Jun,Sept,Dec"
85,2013-12-29,12800,1,0,0,0,1870.0,0,0,b,a,No_Promo2
102,2013-12-29,0,0,0,1,0,150.0,0,0,a,a,"Mar,Jun,Sept,Dec"
105,2013-12-29,0,0,0,1,0,6190.0,0,0,a,c,"Mar,Jun,Sept,Dec"
10,2013-12-29,0,0,0,0,1,3160.0,0,0,a,a,No_Promo2
57,2013-12-29,0,0,0,0,0,420.0,0,0,d,c,No_Promo2
50,2013-12-29,0,0,0,0,0,6260.0,0,0,d,a,No_Promo2
49,2013-12-29,0,0,0,0,0,16160.0,0,0,d,c,No_Promo2
1086,2013-12-29,0,0,0,1,1,180.0,0,0,a,a,"Feb,May,Aug,Nov"
1115,2013-12-29,0,0,0,1,1,5350.0,0,0,d,c,"Mar,Jun,Sept,Dec"
85,2013-12-30,8031,1,0,0,1,1870.0,0,0,b,a,No_Promo2
71,2013-12-30,11584,1,0,1,1,16160.0,0,0,a,a,"Mar,Jun,Sept,Dec"
102,2013-12-30,11271,1,0,1,1,150.0,0,0,a,a,"Mar,Jun,Sept,Dec"
105,2013-12-30,5704,1,0,1,1,6190.0,0,0,a,c,"Mar,Jun,Sept,Dec"
10,2013-12-30,7525,1,0,0,1,3160.0,0,0,a,a,No_Promo2
57,2013-12-30,14013,1,0,0,1,420.0,0,0,d,c,No_Promo2
50,2013-12-30,5068,1,0,0,1,6260.0,0,0,d,a,No_Promo2
49,2013-12-30,7664,1,0,0,1,16160.0,0,0,d,c,No_Promo2
1086,2013-12-30,9055,1,0,1,1,180.0,0,0,a,a,"Feb,May,Aug,Nov"
1115,2013-12-30,7965,1,0,1,1,5350.0,0,0,d,c,"Mar,Jun,Sept,Dec"
71,2013-12-31,5037,1,0,1,1,16160.0,0,0,a,a,"Mar,Jun,Sept,Dec"
85,2013-12-31,5324,1,0,0,1,1870.0,0,0,b,a,No_Promo2
102,2013-12-31,3516,1,0,1,1,150.0,0,0,a,a,"Mar,Jun,Sept,Dec"
105,2013-12-31,2803,1,0,1,1,6190.0,0,0,a,c,"Mar,Jun,Sept,Dec"
10,2013-12-31,4062,1,0,0,1,3160.0,0,0,a,a,No_Promo2
57,2013-12-31,5563,1,0,0,1,420.0,0,0,d,c,No_Promo2
50,2013-12-31,2127,1,0,0,1,6260.0,0,0,d,a,No_Promo2
49,2013-12-31,4559,1,0,0,1,16160.0,0,0,d,c,No_Promo2
1115,2013-12-31,3535,1,0,1,1,5350.0,0,0,d,c,"Mar,Jun,Sept,Dec"
1086,2013-12-31,3086,1,0,1,1,180.0,0,0,a,a,"Feb,May,Aug,Nov"
85,2014-01-01,4184,1,0,0,1,1870.0,0,a,b,a,No_Promo2
71,2014-01-01,0,0,0,1,1,16160.0,0,a,a,a,"Mar,Jun,Sept,Dec"
102,2014-01-01,0,0,0,1,1,150.0,0,a,a,a,"Mar,Jun,Sept,Dec"
105,2014-01-01,0,0,0,1,1,6190.0,0,a,a,c,"Mar,Jun,Sept,Dec"
10,2014-01-01,0,0,0,0,1,3160.0,0,a,a,a,No_Promo2
57,2014-01-01,0,0,0,0,1,420.0,0,a,d,c,No_Promo2
50,2014-01-01,0,0,0,0,1,6260.0,0,a,d,a,No_Promo2
49,2014-01-01,0,0,0,0,1,16160.0,0,a,d,c,No_Promo2
1086,2014-01-01,0,0,0,1,1,180.0,0,a,a,a,"Feb,May,Aug,Nov"
1115,2014-01-01,0,0,0,1,1,5350.0,0,a,d,c,"Mar,Jun,Sept,Dec"
85,2014-01-02,6218,1,0,0,1,1870.0,0,0,b,a,No_Promo2
71,2014-01-02,7145,1,0,1,1,16160.0,0,0,a,a,"Mar,Jun,Sept,Dec"
102,2014-01-02,5760,1,0,1,1,150.0,0,0,a,a,"Mar,Jun,Sept,Dec"
105,2014-01-02,4427,1,0,1,1,6190.0,0,0,a,c,"Mar,Jun,Sept,Dec"
10,2014-01-02,4533,1,0,0,1,3160.0,0,0,a,a,No_Promo2
57,2014-01-02,10821,1,0,0,1,420.0,0,0,d,c,No_Promo2
50,2014-01-02,3679,1,0,0,1,6260.0,0,0,d,a,No_Promo2
49,2014-01-02,5463,1,0,0,1,16160.0,0,0,d,c,No_Promo2
1086,2014-01-02,6286,1,0,1,1,180.0,0,0,a,a,"Feb,May,Aug,Nov"
1115,2014-01-02,5657,1,0,1,1,5350.0,0,0,d,c,"Mar,Jun,Sept,Dec"
85,2014-01-03,5851,1,0,0,1,1870.0,0,0,b,a,No_Promo2
71,2014-01-03,8066,1,0,1,1,16160.0,0,0,a,a,"Mar,Jun,Sept,Dec"
102,2014-01-03,5694,1,0,1,1,150.0,0,0,a,a,"Mar,Jun,Sept,Dec"
105,2014-01-03,3885,1,0,1,1,6190.0,0,0,a,c,"Mar,Jun,Sept,Dec"
10,2014-01-03,5012,1,0,0,1,3160.0,0,0,a,a,No_Promo2
57,2014-01-03,10430,1,0,0,1,420.0,0,0,d,c,No_Promo2
50,2014-01-03,3246,1,0,0,1,6260.0,0,0,d,a,No_Promo2
49,2014-01-03,5744,1,0,0,1,16160.0,0,0,d,c,No_Promo2
1115,2014-01-03,5050,1,0,1,1,5350.0,0,0,d,c,"Mar,Jun,Sept,Dec"
1086,2014-01-03,5825,1,0,1,1,180.0,0,0,a,a,"Feb,May,Aug,Nov"
85,2014-01-04,6098,1,0,0,0,1870.0,0,0,b,a,No_Promo2
71,2014-01-04,6462,1,0,1,0,16160.0,0,0,a,a,"Mar,Jun,Sept,Dec"
102,2014-01-04,5877,1,0,1,0,150.0,0,0,a,a,"Mar,Jun,Sept,Dec"
105,2014-01-04,2796,1,0,1,0,6190.0,0,0,a,c,"Mar,Jun,Sept,Dec"
10,2014-01-04,4928,1,0,0,0,3160.0,0,0,a,a,No_Promo2
57,2014-01-04,7825,1,0,0,0,420.0,0,0,d,c,No_Promo2
50,2014-01-04,3475,1,0,0,0,6260.0,0,0,d,a,No_Promo2
49,2014-01-04,6753,1,0,0,0,16160.0,0,0,d,c,No_Promo2
1115,2014-01-04,5586,1,0,1,1,5350.0,0,0,d,c,"Mar,Jun,Sept,Dec"
1086,2014-01-04,4413,1,0,1,1,180.0,0,0,a,a,"Feb,May,Aug,Nov"
85,2014-01-05,10465,1,0,0,0,1870.0,0,0,b,a,No_Promo2
71,2014-01-05,0,0,0,1,0,16160.0,0,0,a,a,"Mar,Jun,Sept,Dec"
102,2014-01-05,0,0,0,1,0,150.0,0,0,a,a,"Mar,Jun,Sept,Dec"
105,2014-01-05,0,0,0,1,0,6190.0,0,0,a,c,"Mar,Jun,Sept,Dec"
10,2014-01-05,0,0,0,0,0,3160.0,0,0,a,a,No_Promo2
57,2014-01-05,0,0,0,0,0,420.0,0,0,d,c,No_Promo2
50,2014-01-05,0,0,0,0,0,6260.0,0,0,d,a,No_Promo2
49,2014-01-05,0,0,0,0,0,16160.0,0,0,d,c,No_Promo2
1115,2014-01-05,0,0,0,1,1,5350.0,0,0,d,c,"Mar,Jun,Sept,Dec"
1086,2014-01-05,0,0,0,1,1,180.0,0,0,a,a,"Feb,May,Aug,Nov"
85,2014-01-06,8393,1,1,0,0,1870.0,0,0,b,a,No_Promo2
71,2014-01-06,15996,1,1,1,1,16160.0,0,0,a,a,"Mar,Jun,Sept,Dec"
102,2014-01-06,11692,1,1,1,1,150.0,0,0,a,a,"Mar,Jun,Sept,Dec"
105,2014-01-06,0,0,1,1,0,6190.0,0,a,a,c,"Mar,Jun,Sept,Dec"
10,2014-01-06,8325,1,1,0,0,3160.0,0,0,a,a,No_Promo2
57,2014-01-06,22296,1,1,0,0,420.0,0,0,d,c,No_Promo2
50,2014-01-06,5967,1,1,0,1,6260.0,0,0,d,a,No_Promo2
49,2014-01-06,0,0,1,0,0,16160.0,0,a,d,c,No_Promo2
1115,2014-01-06,8536,1,1,1,1,5350.0,0,0,d,c,"Mar,Jun,Sept,Dec"
1086,2014-01-06,14362,1,1,1,1,180.0,0,0,a,a,"Feb,May,Aug,Nov"
85,2014-01-07,7818,1,1,0,0,1870.0,0,0,b,a,No_Promo2
71,2014-01-07,12234,1,1,1,1,16160.0,0,0,a,a,"Mar,Jun,Sept,Dec"
102,2014-01-07,9513,1,1,1,1,150.0,0,0,a,a,"Mar,Jun,Sept,Dec"
105,2014-01-07,7871,1,1,1,0,6190.0,0,0,a,c,"Mar,Jun,Sept,Dec"
10,2014-01-07,6470,1,1,0,0,3160.0,0,0,a,a,No_Promo2
57,2014-01-07,15050,1,1,0,0,420.0,0,0,d,c,No_Promo2
50,2014-01-07,5059,1,1,0,1,6260.0,0,0,d,a,No_Promo2
49,2014-01-07,11915,1,1,0,0,16160.0,0,0,d,c,No_Promo2
1115,2014-01-07,6242,1,1,1,1,5350.0,0,0,d,c,"Mar,Jun,Sept,Dec"
1086,2014-01-07,11495,1,1,1,1,180.0,0,0,a,a,"Feb,May,Aug,Nov"
71,2014-01-08,10779,1,1,1,0,16160.0,0,0,a,a,"Mar,Jun,Sept,Dec"
85,2014-01-08,7448,1,1,0,0,1870.0,0,0,b,a,No_Promo2
102,2014-01-08,7827,1,1,1,0,150.0,0,0,a,a,"Mar,Jun,Sept,Dec"
105,2014-01-08,6215,1,1,1,0,6190.0,0,0,a,c,"Mar,Jun,Sept,Dec"
10,2014-01-08,5650,1,1,0,0,3160.0,0,0,a,a,No_Promo2
57,2014-01-08,11572,1,1,0,0,420.0,0,0,d,c,No_Promo2
50,2014-01-08,4328,1,1,0,0,6260.0,0,0,d,a,No_Promo2
49,2014-01-08,8554,1,1,0,0,16160.0,0,0,d,c,No_Promo2
1115,2014-01-08,5672,1,1,1,1,5350.0,0,0,d,c,"Mar,Jun,Sept,Dec"
1086,2014-01-08,9369,1,1,1,1,180.0,0,0,a,a,"Feb,May,Aug,Nov"
85,2014-01-09,6162,1,1,0,0,1870.0,0,0,b,a,No_Promo2
71,2014-01-09,9733,1,1,1,0,16160.0,0,0,a,a,"Mar,Jun,Sept,Dec"
102,2014-01-09,6498,1,1,1,0,150.0,0,0,a,a,"Mar,Jun,Sept,Dec"
105,2014-01-09,5402,1,1,1,0,6190.0,0,0,a,c,"Mar,Jun,Sept,Dec"
10,2014-01-09,5109,1,1,0,0,3160.0,0,0,a,a,No_Promo2
57,2014-01-09,11959,1,1,0,0,420.0,0,0,d,c,No_Promo2
50,2014-01-09,4347,1,1,0,0,6260.0,0,0,d,a,No_Promo2
49,2014-01-09,7834,1,1,0,0,16160.0,0,0,d,c,No_Promo2
1086,2014-01-09,9027,1,1,1,1,180.0,0,0,a,a,"Feb,May,Aug,Nov"
1115,2014-01-09,5915,1,1,1,1,5350.0,0,0,d,c,"Mar,Jun,Sept,Dec"
85,2014-01-10,7242,1,1,0,0,1870.0,0,0,b,a,No_Promo2
71,2014-01-10,11668,1,1,1,0,16160.0,0,0,a,a,"Mar,Jun,Sept,Dec"
102,2014-01-10,7274,1,1,1,0,150.0,0,0,a,a,"Mar,Jun,Sept,Dec"
105,2014-01-10,4964,1,1,1,0,6190.0,0,0,a,c,"Mar,Jun,Sept,Dec"
10,2014-01-10,5939,1,1,0,0,3160.0,0,0,a,a,No_Promo2
57,2014-01-10,13121,1,1,0,0,420.0,0,0,d,c,No_Promo2
50,2014-01-10,4560,1,1,0,0,6260.0,0,0,d,a,No_Promo2
49,2014-01-10,7305,1,1,0,0,16160.0,0,0,d,c,No_Promo2
1115,2014-01-10,6816,1,1,1,1,5350.0,0,0,d,c,"Mar,Jun,Sept,Dec"
1086,2014-01-10,8340,1,1,1,1,180.0,0,0,a,a,"Feb,May,Aug,Nov"
85,2014-01-11,5028,1,0,0,0,1870.0,0,0,b,a,No_Promo2
71,2014-01-11,6674,1,0,1,0,16160.0,0,0,a,a,"Mar,Jun,Sept,Dec"
102,2014-01-11,5044,1,0,1,0,150.0,0,0,a,a,"Mar,Jun,Sept,Dec"
105,2014-01-11,3004,1,0,1,0,6190.0,0,0,a,c,"Mar,Jun,Sept,Dec"
10,2014-01-11,4504,1,0,0,0,3160.0,0,0,a,a,No_Promo2
57,2014-01-11,7865,1,0,0,0,420.0,0,0,d,c,No_Promo2
50,2014-01-11,4207,1,0,0,0,6260.0,0,0,d,a,No_Promo2
49,2014-01-11,7509,1,0,0,0,16160.0,0,0,d,c,No_Promo2
1115,2014-01-11,6444,1,0,1,0,5350.0,0,0,d,c,"Mar,Jun,Sept,Dec"
1086,2014-01-11,4225,1,0,1,0,180.0,0,0,a,a,"Feb,May,Aug,Nov"
85,2014-01-12,11480,1,0,0,0,1870.0,0,0,b,a,No_Promo2
71,2014-01-12,0,0,0,1,0,16160.0,0,0,a,a,"Mar,Jun,Sept,Dec"
102,2014-01-12,0,0,0,1,0,150.0,0,0,a,a,"Mar,Jun,Sept,Dec"
105,2014-01-12,0,0,0,1,0,6190.0,0,0,a,c,"Mar,Jun,Sept,Dec"
10,2014-01-12,0,0,0,0,0,3160.0,0,0,a,a,No_Promo2
57,2014-01-12,0,0,0,0,0,420.0,0,0,d,c,No_Promo2
50,2014-01-12,0,0,0,0,0,6260.0,0,0,d,a,No_Promo2
49,2014-01-12,0,0,0,0,0,16160.0,0,0,d,c,No_Promo2
1115,2014-01-12,0,0,0,1,0,5350.0,0,0,d,c,"Mar,Jun,Sept,Dec"
1086,2014-01-12,0,0,0,1,0,180.0,0,0,a,a,"Feb,May,Aug,Nov"
85,2014-01-13,5799,1,0,0,0,1870.0,0,0,b,a,No_Promo2
71,2014-01-13,7148,1,0,1,0,16160.0,0,0,a,a,"Mar,Jun,Sept,Dec"
102,2014-01-13,4828,1,0,1,0,150.0,0,0,a,a,"Mar,Jun,Sept,Dec"
105,2014-01-13,4083,1,0,1,0,6190.0,0,0,a,c,"Mar,Jun,Sept,Dec"
10,2014-01-13,5164,1,0,0,0,3160.0,0,0,a,a,No_Promo2
57,2014-01-13,9041,1,0,0,0,420.0,0,0,d,c,No_Promo2
50,2014-01-13,2462,1,0,0,0,6260.0,0,0,d,a,No_Promo2
49,2014-01-13,4751,1,0,0,0,16160.0,0,0,d,c,No_Promo2
1115,2014-01-13,3744,1,0,1,0,5350.0,0,0,d,c,"Mar,Jun,Sept,Dec"
1086,2014-01-13,5031,1,0,1,0,180.0,0,0,a,a,"Feb,May,Aug,Nov"
102,2014-01-14,4765,1,0,1,0,150.0,0,0,a,a,"Mar,Jun,Sept,Dec"
85,2014-01-14,5545,1,0,0,0,1870.0,0,0,b,a,No_Promo2
105,2014-01-14,3400,1,0,1,0,6190.0,0,0,a,c,"Mar,Jun,Sept,Dec"
71,2014-01-14,6914,1,0,1,0,16160.0,0,0,a,a,"Mar,Jun,Sept,Dec"
10,2014-01-14,4612,1,0,0,0,3160.0,0,0,a,a,No_Promo2
57,2014-01-14,8429,1,0,0,0,420.0,0,0,d,c,No_Promo2
49,2014-01-14,5299,1,0,0,0,16160.0,0,0,d,c,No_Promo2
50,2014-01-14,2773,1,0,0,0,6260.0,0,0,d,a,No_Promo2
1115,2014-01-14,4167,1,0,1,0,5350.0,0,0,d,c,"Mar,Jun,Sept,Dec"
1086,2014-01-14,4925,1,0,1,0,180.0,0,0,a,a,"Feb,May,Aug,Nov"
71,2014-01-15,7119,1,0,1,0,16160.0,0,0,a,a,"Mar,Jun,Sept,Dec"
85,2014-01-15,4770,1,0,0,0,1870.0,0,0,b,a,No_Promo2
102,2014-01-15,3784,1,0,1,0,150.0,0,0,a,a,"Mar,Jun,Sept,Dec"
105,2014-01-15,3397,1,0,1,0,6190.0,0,0,a,c,"Mar,Jun,Sept,Dec"
10,2014-01-15,3959,1,0,0,0,3160.0,0,0,a,a,No_Promo2
57,2014-01-15,8666,1,0,0,0,420.0,0,0,d,c,No_Promo2
50,2014-01-15,2481,1,0,0,0,6260.0,0,0,d,a,No_Promo2
49,2014-01-15,5236,1,0,0,0,16160.0,0,0,d,c,No_Promo2
1086,2014-01-15,4868,1,0,1,0,180.0,0,0,a,a,"Feb,May,Aug,Nov"
1115,2014-01-15,4577,1,0,1,0,5350.0,0,0,d,c,"Mar,Jun,Sept,Dec"
85,2014-01-16,4378,1,0,0,0,1870.0,0,0,b,a,No_Promo2
71,2014-01-16,6446,1,0,1,0,16160.0,0,0,a,a,"Mar,Jun,Sept,Dec"
102,2014-01-16,4140,1,0,1,0,150.0,0,0,a,a,"Mar,Jun,Sept,Dec"
105,2014-01-16,3568,1,0,1,0,6190.0,0,0,a,c,"Mar,Jun,Sept,Dec"
10,2014-01-16,4279,1,0,0,0,3160.0,0,0,a,a,No_Promo2
57,2014-01-16,8296,1,0,0,0,420.0,0,0,d,c,No_Promo2
50,2014-01-16,2813,1,0,0,0,6260.0,0,0,d,a,No_Promo2
49,2014-01-16,5228,1,0,0,0,16160.0,0,0,d,c,No_Promo2
1086,2014-01-16,4527,1,0,1,0,180.0,0,0,a,a,"Feb,May,Aug,Nov"
1115,2014-01-16,3797,1,0,1,0,5350.0,0,0,d,c,"Mar,Jun,Sept,Dec"
71,2014-01-17,6827,1,0,1,0,16160.0,0,0,a,a,"Mar,Jun,Sept,Dec"
85,2014-01-17,5700,1,0,0,0,1870.0,0,0,b,a,No_Promo2
102,2014-01-17,4787,1,0,1,0,150.0,0,0,a,a,"Mar,Jun,Sept,Dec"
105,2014-01-17,3641,1,0,1,0,6190.0,0,0,a,c,"Mar,Jun,Sept,Dec"
10,2014-01-17,4634,1,0,0,0,3160.0,0,0,a,a,No_Promo2
57,2014-01-17,10584,1,0,0,0,420.0,0,0,d,c,No_Promo2
50,2014-01-17,3270,1,0,0,0,6260.0,0,0,d,a,No_Promo2
49,2014-01-17,5805,1,0,0,0,16160.0,0,0,d,c,No_Promo2
1115,2014-01-17,4740,1,0,1,0,5350.0,0,0,d,c,"Mar,Jun,Sept,Dec"
1086,2014-01-17,5112,1,0,1,0,180.0,0,0,a,a,"Feb,May,Aug,Nov"
85,2014-01-18,5541,1,0,0,0,1870.0,0,0,b,a,No_Promo2
71,2014-01-18,6903,1,0,1,0,16160.0,0,0,a,a,"Mar,Jun,Sept,Dec"
102,2014-01-18,5177,1,0,1,0,150.0,0,0,a,a,"Mar,Jun,Sept,Dec"
105,2014-01-18,3200,1,0,1,0,6190.0,0,0,a,c,"Mar,Jun,Sept,Dec"
10,2014-01-18,4788,1,0,0,0,3160.0,0,0,a,a,No_Promo2
57,2014-01-18,7860,1,0,0,0,420.0,0,0,d,c,No_Promo2
50,2014-01-18,4381,1,0,0,0,6260.0,0,0,d,a,No_Promo2
49,2014-01-18,6951,1,0,0,0,16160.0,0,0,d,c,No_Promo2
1115,2014-01-18,6080,1,0,1,0,5350.0,0,0,d,c,"Mar,Jun,Sept,Dec"
1086,2014-01-18,4301,1,0,1,0,180.0,0,0,a,a,"Feb,May,Aug,Nov"
85,2014-01-19,11008,1,0,0,0,1870.0,0,0,b,a,No_Promo2
71,2014-01-19,0,0,0,1,0,16160.0,0,0,a,a,"Mar,Jun,Sept,Dec"
102,2014-01-19,0,0,0,1,0,150.0,0,0,a,a,"Mar,Jun,Sept,Dec"
105,2014-01-19,0,0,0,1,0,6190.0,0,0,a,c,"Mar,Jun,Sept,Dec"
10,2014-01-19,0,0,0,0,0,3160.0,0,0,a,a,No_Promo2
57,2014-01-19,0,0,0,0,0,420.0,0,0,d,c,No_Promo2
50,2014-01-19,0,0,0,0,0,6260.0,0,0,d,a,No_Promo2
49,2014-01-19,0,0,0,0,0,16160.0,0,0,d,c,No_Promo2
1086,2014-01-19,0,0,0,1,0,180.0,0,0,a,a,"Feb,May,Aug,Nov"
1115,2014-01-19,0,0,0,1,0,5350.0,0,0,d,c,"Mar,Jun,Sept,Dec"
85,2014-01-20,7413,1,1,0,0,1870.0,0,0,b,a,No_Promo2
71,2014-01-20,16007,1,1,1,0,16160.0,0,0,a,a,"Mar,Jun,Sept,Dec"
102,2014-01-20,11325,1,1,1,0,150.0,0,0,a,a,"Mar,Jun,Sept,Dec"
105,2014-01-20,7612,1,1,1,0,6190.0,0,0,a,c,"Mar,Jun,Sept,Dec"
10,2014-01-20,7962,1,1,0,0,3160.0,0,0,a,a,No_Promo2
57,2014-01-20,18602,1,1,0,0,420.0,0,0,d,c,No_Promo2
50,2014-01-20,6585,1,1,0,0,6260.0,0,0,d,a,No_Promo2
49,2014-01-20,10451,1,1,0,0,16160.0,0,0,d,c,No_Promo2
1086,2014-01-20,12412,1,1,1,0,180.0,0,0,a,a,"Feb,May,Aug,Nov"
1115,2014-01-20,8924,1,1,1,0,5350.0,0,0,d,c,"Mar,Jun,Sept,Dec"
71,2014-01-21,11247,1,1,1,0,16160.0,0,0,a,a,"Mar,Jun,Sept,Dec"
85,2014-01-21,6791,1,1,0,0,1870.0,0,0,b,a,No_Promo2
102,2014-01-21,8807,1,1,1,0,150.0,0,0,a,a,"Mar,Jun,Sept,Dec"
105,2014-01-21,4847,1,1,1,0,6190.0,0,0,a,c,"Mar,Jun,Sept,Dec"
10,2014-01-21,6444,1,1,0,0,3160.0,0,0,a,a,No_Promo2
57,2014-01-21,12226,1,1,0,0,420.0,0,0,d,c,No_Promo2
50,2014-01-21,5108,1,1,0,0,6260.0,0,0,d,a,No_Promo2
49,2014-01-21,7284,1,1,0,0,16160.0,0,0,d,c,No_Promo2
1115,2014-01-21,6809,1,1,1,0,5350.0,0,0,d,c,"Mar,Jun,Sept,Dec"
1086,2014-01-21,9458,1,1,1,0,180.0,0,0,a,a,"Feb,May,Aug,Nov"
71,2014-01-22,9350,1,1,1,0,16160.0,0,0,a,a,"Mar,Jun,Sept,Dec"
85,2014-01-22,6641,1,1,0,0,1870.0,0,0,b,a,No_Promo2
102,2014-01-22,8000,1,1,1,0,150.0,0,0,a,a,"Mar,Jun,Sept,Dec"
105,2014-01-22,4967,1,1,1,0,6190.0,0,0,a,c,"Mar,Jun,Sept,Dec"
10,2014-01-22,5560,1,1,0,0,3160.0,0,0,a,a,No_Promo2
57,2014-01-22,10872,1,1,0,0,420.0,0,0,d,c,No_Promo2
50,2014-01-22,4758,1,1,0,0,6260.0,0,0,d,a,No_Promo2
49,2014-01-22,7415,1,1,0,0,16160.0,0,0,d,c,No_Promo2
1115,2014-01-22,6223,1,1,1,0,5350.0,0,0,d,c,"Mar,Jun,Sept,Dec"
1086,2014-01-22,7601,1,1,1,0,180.0,0,0,a,a,"Feb,May,Aug,Nov"
85,2014-01-23,6546,1,1,0,0,1870.0,0,0,b,a,No_Promo2
71,2014-01-23,9194,1,1,1,0,16160.0,0,0,a,a,"Mar,Jun,Sept,Dec"
102,2014-01-23,6681,1,1,1,0,150.0,0,0,a,a,"Mar,Jun,Sept,Dec"
105,2014-01-23,4603,1,1,1,0,6190.0,0,0,a,c,"Mar,Jun,Sept,Dec"
10,2014-01-23,5593,1,1,0,0,3160.0,0,0,a,a,No_Promo2
57,2014-01-23,12198,1,1,0,0,420.0,0,0,d,c,No_Promo2
50,2014-01-23,4626,1,1,0,0,6260.0,0,0,d,a,No_Promo2
49,2014-01-23,5994,1,1,0,0,16160.0,0,0,d,c,No_Promo2
1086,2014-01-23,8578,1,1,1,0,180.0,0,0,a,a,"Feb,May,Aug,Nov"
1115,2014-01-23,6514,1,1,1,0,5350.0,0,0,d,c,"Mar,Jun,Sept,Dec"
85,2014-01-24,7044,1,1,0,0,1870.0,0,0,b,a,No_Promo2
71,2014-01-24,8735,1,1,1,0,16160.0,0,0,a,a,"Mar,Jun,Sept,Dec"
102,2014-01-24,6409,1,1,1,0,150.0,0,0,a,a,"Mar,Jun,Sept,Dec"
105,2014-01-24,4828,1,1,1,0,6190.0,0,0,a,c,"Mar,Jun,Sept,Dec"
10,2014-01-24,5474,1,1,0,0,3160.0,0,0,a,a,No_Promo2
57,2014-01-24,10666,1,1,0,0,420.0,0,0,d,c,No_Promo2
50,2014-01-24,4870,1,1,0,0,6260.0,0,0,d,a,No_Promo2
49,2014-01-24,7327,1,1,0,0,16160.0,0,0,d,c,No_Promo2
1115,2014-01-24,6388,1,1,1,0,5350.0,0,0,d,c,"Mar,Jun,Sept,Dec"
1086,2014-01-24,8016,1,1,1,0,180.0,0,0,a,a,"Feb,May,Aug,Nov"
102,2014-01-25,5000,1,0,1,0,150.0,0,0,a,a,"Mar,Jun,Sept,Dec"
85,2014-01-25,4976,1,0,0,0,1870.0,0,0,b,a,No_Promo2
71,2014-01-25,6019,1,0,1,0,16160.0,0,0,a,a,"Mar,Jun,Sept,Dec"
105,2014-01-25,2419,1,0,1,0,6190.0,0,0,a,c,"Mar,Jun,Sept,Dec"
10,2014-01-25,4702,1,0,0,0,3160.0,0,0,a,a,No_Promo2
57,2014-01-25,7141,1,0,0,0,420.0,0,0,d,c,No_Promo2
49,2014-01-25,6555,1,0,0,0,16160.0,0,0,d,c,No_Promo2
50,2014-01-25,3955,1,0,0,0,6260.0,0,0,d,a,No_Promo2
1086,2014-01-25,4565,1,0,1,0,180.0,0,0,a,a,"Feb,May,Aug,Nov"
1115,2014-01-25,6245,1,0,1,0,5350.0,0,0,d,c,"Mar,Jun,Sept,Dec"
71,2014-01-26,0,0,0,1,0,16160.0,0,0,a,a,"Mar,Jun,Sept,Dec"
85,2014-01-26,7483,1,0,0,0,1870.0,0,0,b,a,No_Promo2
102,2014-01-26,0,0,0,1,0,150.0,0,0,a,a,"Mar,Jun,Sept,Dec"
105,2014-01-26,0,0,0,1,0,6190.0,0,0,a,c,"Mar,Jun,Sept,Dec"
10,2014-01-26,0,0,0,0,0,3160.0,0,0,a,a,No_Promo2
57,2014-01-26,0,0,0,0,0,420.0,0,0,d,c,No_Promo2
50,2014-01-26,0,0,0,0,0,6260.0,0,0,d,a,No_Promo2
49,2014-01-26,0,0,0,0,0,16160.0,0,0,d,c,No_Promo2
1086,2014-01-26,0,0,0,1,0,180.0,0,0,a,a,"Feb,May,Aug,Nov"
1115,2014-01-26,0,0,0,1,0,5350.0,0,0,d,c,"Mar,Jun,Sept,Dec"
85,2014-01-27,5161,1,0,0,0,1870.0,0,0,b,a,No_Promo2
71,2014-01-27,5978,1,0,1,0,16160.0,0,0,a,a,"Mar,Jun,Sept,Dec"
102,2014-01-27,4291,1,0,1,0,150.0,0,0,a,a,"Mar,Jun,Sept,Dec"
105,2014-01-27,3995,1,0,1,0,6190.0,0,0,a,c,"Mar,Jun,Sept,Dec"
10,2014-01-27,4543,1,0,0,0,3160.0,0,0,a,a,No_Promo2
57,2014-01-27,7884,1,0,0,0,420.0,0,0,d,c,No_Promo2
50,2014-01-27,2710,1,0,0,0,6260.0,0,0,d,a,No_Promo2
49,2014-01-27,4797,1,0,0,0,16160.0,0,0,d,c,No_Promo2
1086,2014-01-27,4839,1,0,1,0,180.0,0,0,a,a,"Feb,May,Aug,Nov"
1115,2014-01-27,4043,1,0,1,0,5350.0,0,0,d,c,"Mar,Jun,Sept,Dec"
85,2014-01-28,5490,1,0,0,0,1870.0,0,0,b,a,No_Promo2
71,2014-01-28,6149,1,0,1,0,16160.0,0,0,a,a,"Mar,Jun,Sept,Dec"
102,2014-01-28,4777,1,0,1,0,150.0,0,0,a,a,"Mar,Jun,Sept,Dec"
105,2014-01-28,2764,1,0,1,0,6190.0,0,0,a,c,"Mar,Jun,Sept,Dec"
10,2014-01-28,4415,1,0,0,0,3160.0,0,0,a,a,No_Promo2
57,2014-01-28,9212,1,0,0,0,420.0,0,0,d,c,No_Promo2
50,2014-01-28,2476,1,0,0,0,6260.0,0,0,d,a,No_Promo2
49,2014-01-28,4592,1,0,0,0,16160.0,0,0,d,c,No_Promo2
1115,2014-01-28,4018,1,0,1,0,5350.0,0,0,d,c,"Mar,Jun,Sept,Dec"
1086,2014-01-28,5065,1,0,1,0,180.0,0,0,a,a,"Feb,May,Aug,Nov"
85,2014-01-29,5333,1,0,0,0,1870.0,0,0,b,a,No_Promo2
71,2014-01-29,5852,1,0,1,0,16160.0,0,0,a,a,"Mar,Jun,Sept,Dec"
102,2014-01-29,4277,1,0,1,0,150.0,0,0,a,a,"Mar,Jun,Sept,Dec"
105,2014-01-29,3711,1,0,1,0,6190.0,0,0,a,c,"Mar,Jun,Sept,Dec"
10,2014-01-29,4330,1,0,0,0,3160.0,0,0,a,a,No_Promo2
57,2014-01-29,7810,1,0,0,0,420.0,0,0,d,c,No_Promo2
50,2014-01-29,2777,1,0,0,0,6260.0,0,0,d,a,No_Promo2
49,2014-01-29,5410,1,0,0,0,16160.0,0,0,d,c,No_Promo2
1086,2014-01-29,5602,1,0,1,0,180.0,0,0,a,a,"Feb,May,Aug,Nov"
1115,2014-01-29,3858,1,0,1,0,5350.0,0,0,d,c,"Mar,Jun,Sept,Dec"
85,2014-01-30,4734,1,0,0,0,1870.0,0,0,b,a,No_Promo2
71,2014-01-30,7401,1,0,1,0,16160.0,0,0,a,a,"Mar,Jun,Sept,Dec"
102,2014-01-30,4769,1,0,1,0,150.0,0,0,a,a,"Mar,Jun,Sept,Dec"
105,2014-01-30,3563,1,0,1,0,6190.0,0,0,a,c,"Mar,Jun,Sept,Dec"
10,2014-01-30,4752,1,0,0,1,3160.0,0,0,a,a,No_Promo2
57,2014-01-30,9484,1,0,0,0,420.0,0,0,d,c,No_Promo2
50,2014-01-30,3438,1,0,0,0,6260.0,0,0,d,a,No_Promo2
49,2014-01-30,5103,1,0,0,0,16160.0,0,0,d,c,No_Promo2
1115,2014-01-30,4739,1,0,1,0,5350.0,0,0,d,c,"Mar,Jun,Sept,Dec"
1086,2014-01-30,6458,1,0,1,0,180.0,0,0,a,a,"Feb,May,Aug,Nov"
85,2014-01-31,7343,1,0,0,0,1870.0,0,0,b,a,No_Promo2
71,2014-01-31,8980,1,0,1,0,16160.0,0,0,a,a,"Mar,Jun,Sept,Dec"
102,2014-01-31,8337,1,0,1,0,150.0,0,0,a,a,"Mar,Jun,Sept,Dec"
105,2014-01-31,4265,1,0,1,0,6190.0,0,0,a,c,"Mar,Jun,Sept,Dec"
10,2014-01-31,5807,1,0,0,1,3160.0,0,0,a,a,No_Promo2
57,2014-01-31,11208,1,0,0,0,420.0,0,0,d,c,No_Promo2
50,2014-01-31,3544,1,0,0,0,6260.0,0,0,d,a,No_Promo2
49,2014-01-31,6533,1,0,0,0,16160.0,0,0,d,c,No_Promo2
1115,2014-01-31,5829,1,0,1,0,5350.0,0,0,d,c,"Mar,Jun,Sept,Dec"
1086,2014-01-31,7614,1,0,1,0,180.0,0,0,a,a,"Feb,May,Aug,Nov"
85,2014-02-01,5911,1,0,0,0,1870.0,0,0,b,a,No_Promo2
71,2014-02-01,6853,1,0,1,0,16160.0,0,0,a,a,"Mar,Jun,Sept,Dec"
102,2014-02-01,5530,1,0,1,0,150.0,0,0,a,a,"Mar,Jun,Sept,Dec"
105,2014-02-01,3382,1,0,1,0,6190.0,0,0,a,c,"Mar,Jun,Sept,Dec"
10,2014-02-01,4453,1,0,0,0,3160.0,0,0,a,a,No_Promo2
57,2014-02-01,10311,1,0,0,0,420.0,0,0,d,c,No_Promo2
50,2014-02-01,4163,1,0,0,0,6260.0,0,0,d,a,No_Promo2
49,2014-02-01,7565,1,0,0,0,16160.0,0,0,d,c,No_Promo2
1115,2014-02-01,7490,1,0,1,0,5350.0,0,0,d,c,"Mar,Jun,Sept,Dec"
1086,2014-02-01,4670,1,0,1,0,180.0,0,0,a,a,"Feb,May,Aug,Nov"
85,2014-02-02,12576,1,0,0,0,1870.0,0,0,b,a,No_Promo2
71,2014-02-02,0,0,0,1,0,16160.0,0,0,a,a,"Mar,Jun,Sept,Dec"
102,2014-02-02,0,0,0,1,0,150.0,0,0,a,a,"Mar,Jun,Sept,Dec"
105,2014-02-02,0,0,0,1,0,6190.0,0,0,a,c,"Mar,Jun,Sept,Dec"
10,2014-02-02,0,0,0,0,0,3160.0,0,0,a,a,No_Promo2
57,2014-02-02,0,0,0,0,0,420.0,0,0,d,c,No_Promo2
50,2014-02-02,0,0,0,0,0,6260.0,0,0,d,a,No_Promo2
49,2014-02-02,0,0,0,0,0,16160.0,0,0,d,c,No_Promo2
1115,2014-02-02,0,0,0,1,0,5350.0,0,0,d,c,"Mar,Jun,Sept,Dec"
1086,2014-02-02,0,0,0,1,0,180.0,0,0,a,a,"Feb,May,Aug,Nov"
85,2014-02-03,8903,1,1,0,1,1870.0,0,0,b,a,No_Promo2
71,2014-02-03,14978,1,1,1,0,16160.0,0,0,a,a,"Mar,Jun,Sept,Dec"
102,2014-02-03,13765,1,1,1,0,150.0,0,0,a,a,"Mar,Jun,Sept,Dec"
105,2014-02-03,7519,1,1,1,0,6190.0,0,0,a,c,"Mar,Jun,Sept,Dec"
10,2014-02-03,8758,1,1,0,0,3160.0,0,0,a,a,No_Promo2
57,2014-02-03,21778,1,1,0,0,420.0,0,0,d,c,No_Promo2
50,2014-02-03,6327,1,1,0,0,6260.0,0,0,d,a,No_Promo2
49,2014-02-03,10070,1,1,0,0,16160.0,0,0,d,c,No_Promo2
1115,2014-02-03,8646,1,1,1,0,5350.0,0,0,d,c,"Mar,Jun,Sept,Dec"
1086,2014-02-03,13444,1,1,1,0,180.0,0,0,a,a,"Feb,May,Aug,Nov"
102,2014-02-04,10004,1,1,1,0,150.0,0,0,a,a,"Mar,Jun,Sept,Dec"
85,2014-02-04,7235,1,1,0,1,1870.0,0,0,b,a,No_Promo2
105,2014-02-04,5907,1,1,1,0,6190.0,0,0,a,c,"Mar,Jun,Sept,Dec"
71,2014-02-04,11659,1,1,1,0,16160.0,0,0,a,a,"Mar,Jun,Sept,Dec"
10,2014-02-04,6471,1,1,0,0,3160.0,0,0,a,a,No_Promo2
57,2014-02-04,15207,1,1,0,0,420.0,0,0,d,c,No_Promo2
49,2014-02-04,7949,1,1,0,0,16160.0,0,0,d,c,No_Promo2
50,2014-02-04,5863,1,1,0,0,6260.0,0,0,d,a,No_Promo2
1115,2014-02-04,6703,1,1,1,0,5350.0,0,0,d,c,"Mar,Jun,Sept,Dec"
1086,2014-02-04,11533,1,1,1,0,180.0,0,0,a,a,"Feb,May,Aug,Nov"
71,2014-02-05,10738,1,1,1,0,16160.0,0,0,a,a,"Mar,Jun,Sept,Dec"
85,2014-02-05,7107,1,1,0,1,1870.0,0,0,b,a,No_Promo2
102,2014-02-05,7803,1,1,1,0,150.0,0,0,a,a,"Mar,Jun,Sept,Dec"
105,2014-02-05,4926,1,1,1,0,6190.0,0,0,a,c,"Mar,Jun,Sept,Dec"
10,2014-02-05,5062,1,1,0,0,3160.0,0,0,a,a,No_Promo2
57,2014-02-05,12888,1,1,0,0,420.0,0,0,d,c,No_Promo2
50,2014-02-05,4572,1,1,0,0,6260.0,0,0,d,a,No_Promo2
49,2014-02-05,7869,1,1,0,0,16160.0,0,0,d,c,No_Promo2
1115,2014-02-05,6148,1,1,1,0,5350.0,0,0,d,c,"Mar,Jun,Sept,Dec"
1086,2014-02-05,9880,1,1,1,0,180.0,0,0,a,a,"Feb,May,Aug,Nov"
85,2014-02-06,6754,1,1,0,1,1870.0,0,0,b,a,No_Promo2
71,2014-02-06,10205,1,1,1,0,16160.0,0,0,a,a,"Mar,Jun,Sept,Dec"
102,2014-02-06,7482,1,1,1,0,150.0,0,0,a,a,"Mar,Jun,Sept,Dec"
105,2014-02-06,5080,1,1,1,0,6190.0,0,0,a,c,"Mar,Jun,Sept,Dec"
10,2014-02-06,6034,1,1,0,0,3160.0,0,0,a,a,No_Promo2
57,2014-02-06,13324,1,1,0,0,420.0,0,0,d,c,No_Promo2
50,2014-02-06,4611,1,1,0,0,6260.0,0,0,d,a,No_Promo2
49,2014-02-06,6979,1,1,0,0,16160.0,0,0,d,c,No_Promo2
1086,2014-02-06,9146,1,1,1,0,180.0,0,0,a,a,"Feb,May,Aug,Nov"
1115,2014-02-06,6461,1,1,1,0,5350.0,0,0,d,c,"Mar,Jun,Sept,Dec"
85,2014-02-07,6338,1,1,0,1,1870.0,0,0,b,a,No_Promo2
71,2014-02-07,10543,1,1,1,0,16160.0,0,0,a,a,"Mar,Jun,Sept,Dec"
102,2014-02-07,5655,1,1,1,0,150.0,0,0,a,a,"Mar,Jun,Sept,Dec"
105,2014-02-07,5365,1,1,1,0,6190.0,0,0,a,c,"Mar,Jun,Sept,Dec"
10,2014-02-07,4686,1,1,0,0,3160.0,0,0,a,a,No_Promo2
57,2014-02-07,12907,1,1,0,0,420.0,0,0,d,c,No_Promo2
50,2014-02-07,4554,1,1,0,0,6260.0,0,0,d,a,No_Promo2
49,2014-02-07,8489,1,1,0,0,16160.0,0,0,d,c,No_Promo2
1115,2014-02-07,6621,1,1,1,0,5350.0,0,0,d,c,"Mar,Jun,Sept,Dec"
1086,2014-02-07,8099,1,1,1,0,180.0,0,0,a,a,"Feb,May,Aug,Nov"
85,2014-02-08,4890,1,0,0,0,1870.0,0,0,b,a,No_Promo2
71,2014-02-08,6904,1,0,1,0,16160.0,0,0,a,a,"Mar,Jun,Sept,Dec"
102,2014-02-08,5462,1,0,1,0,150.0,0,0,a,a,"Mar,Jun,Sept,Dec"
105,2014-02-08,2973,1,0,1,0,6190.0,0,0,a,c,"Mar,Jun,Sept,Dec"
10,2014-02-08,4802,1,0,0,0,3160.0,0,0,a,a,No_Promo2
57,2014-02-08,8497,1,0,0,0,420.0,0,0,d,c,No_Promo2
50,2014-02-08,4331,1,0,0,0,6260.0,0,0,d,a,No_Promo2
49,2014-02-08,7583,1,0,0,0,16160.0,0,0,d,c,No_Promo2
1115,2014-02-08,6575,1,0,1,0,5350.0,0,0,d,c,"Mar,Jun,Sept,Dec"
1086,2014-02-08,4642,1,0,1,0,180.0,0,0,a,a,"Feb,May,Aug,Nov"
85,2014-02-09,11567,1,0,0,0,1870.0,0,0,b,a,No_Promo2
71,2014-02-09,0,0,0,1,0,16160.0,0,0,a,a,"Mar,Jun,Sept,Dec"
102,2014-02-09,0,0,0,1,0,150.0,0,0,a,a,"Mar,Jun,Sept,Dec"
105,2014-02-09,0,0,0,1,0,6190.0,0,0,a,c,"Mar,Jun,Sept,Dec"
10,2014-02-09,0,0,0,0,0,3160.0,0,0,a,a,No_Promo2
57,2014-02-09,0,0,0,0,0,420.0,0,0,d,c,No_Promo2
50,2014-02-09,0,0,0,0,0,6260.0,0,0,d,a,No_Promo2
49,2014-02-09,0,0,0,0,0,16160.0,0,0,d,c,No_Promo2
1115,2014-02-09,0,0,0,1,0,5350.0,0,0,d,c,"Mar,Jun,Sept,Dec"
1086,2014-02-09,0,0,0,1,0,180.0,0,0,a,a,"Feb,May,Aug,Nov"
85,2014-02-10,5110,1,0,0,0,1870.0,0,0,b,a,No_Promo2
71,2014-02-10,7636,1,0,1,0,16160.0,0,0,a,a,"Mar,Jun,Sept,Dec"
102,2014-02-10,5623,1,0,1,0,150.0,0,0,a,a,"Mar,Jun,Sept,Dec"
105,2014-02-10,3703,1,0,1,0,6190.0,0,0,a,c,"Mar,Jun,Sept,Dec"
10,2014-02-10,4809,1,0,0,0,3160.0,0,0,a,a,No_Promo2
57,2014-02-10,9284,1,0,0,0,420.0,0,0,d,c,No_Promo2
50,2014-02-10,3128,1,0,0,0,6260.0,0,0,d,a,No_Promo2
49,2014-02-10,5243,1,0,0,0,16160.0,0,0,d,c,No_Promo2
1115,2014-02-10,4283,1,0,1,0,5350.0,0,0,d,c,"Mar,Jun,Sept,Dec"
1086,2014-02-10,5699,1,0,1,0,180.0,0,0,a,a,"Feb,May,Aug,Nov"
71,2014-02-11,7073,1,0,1,0,16160.0,0,0,a,a,"Mar,Jun,Sept,Dec"
85,2014-02-11,4857,1,0,0,0,1870.0,0,0,b,a,No_Promo2
102,2014-02-11,5099,1,0,1,0,150.0,0,0,a,a,"Mar,Jun,Sept,Dec"
105,2014-02-11,3709,1,0,1,0,6190.0,0,0,a,c,"Mar,Jun,Sept,Dec"
10,2014-02-11,5372,1,0,0,0,3160.0,0,0,a,a,No_Promo2
57,2014-02-11,8932,1,0,0,0,420.0,0,0,d,c,No_Promo2
50,2014-02-11,2939,1,0,0,0,6260.0,0,0,d,a,No_Promo2
49,2014-02-11,5373,1,0,0,0,16160.0,0,0,d,c,No_Promo2
1086,2014-02-11,5273,1,0,1,0,180.0,0,0,a,a,"Feb,May,Aug,Nov"
1115,2014-02-11,3937,1,0,1,0,5350.0,0,0,d,c,"Mar,Jun,Sept,Dec"
71,2014-02-12,7046,1,0,1,0,16160.0,0,0,a,a,"Mar,Jun,Sept,Dec"
85,2014-02-12,5040,1,0,0,0,1870.0,0,0,b,a,No_Promo2
102,2014-02-12,5343,1,0,1,0,150.0,0,0,a,a,"Mar,Jun,Sept,Dec"
105,2014-02-12,3590,1,0,1,0,6190.0,0,0,a,c,"Mar,Jun,Sept,Dec"
10,2014-02-12,4723,1,0,0,0,3160.0,0,0,a,a,No_Promo2
57,2014-02-12,9166,1,0,0,0,420.0,0,0,d,c,No_Promo2
50,2014-02-12,2808,1,0,0,0,6260.0,0,0,d,a,No_Promo2
49,2014-02-12,4732,1,0,0,0,16160.0,0,0,d,c,No_Promo2
1115,2014-02-12,3982,1,0,1,0,5350.0,0,0,d,c,"Mar,Jun,Sept,Dec"
1086,2014-02-12,5291,1,0,1,0,180.0,0,0,a,a,"Feb,May,Aug,Nov"
85,2014-02-13,5108,1,0,0,0,1870.0,0,0,b,a,No_Promo2
71,2014-02-13,6693,1,0,1,0,16160.0,0,0,a,a,"Mar,Jun,Sept,Dec"
102,2014-02-13,4639,1,0,1,0,150.0,0,0,a,a,"Mar,Jun,Sept,Dec"
105,2014-02-13,3788,1,0,1,0,6190.0,0,0,a,c,"Mar,Jun,Sept,Dec"
10,2014-02-13,4406,1,0,0,0,3160.0,0,0,a,a,No_Promo2
57,2014-02-13,10184,1,0,0,0,420.0,0,0,d,c,No_Promo2
50,2014-02-13,2996,1,0,0,0,6260.0,0,0,d,a,No_Promo2
49,2014-02-13,5822,1,0,0,0,16160.0,0,0,d,c,No_Promo2
1115,2014-02-13,4591,1,0,1,0,5350.0,0,0,d,c,"Mar,Jun,Sept,Dec"
1086,2014-02-13,5470,1,0,1,0,180.0,0,0,a,a,"Feb,May,Aug,Nov"
102,2014-02-14,5103,1,0,1,0,150.0,0,0,a,a,"Mar,Jun,Sept,Dec"
85,2014-02-14,5582,1,0,0,0,1870.0,0,0,b,a,No_Promo2
105,2014-02-14,4357,1,0,1,0,6190.0,0,0,a,c,"Mar,Jun,Sept,Dec"
71,2014-02-14,8512,1,0,1,0,16160.0,0,0,a,a,"Mar,Jun,Sept,Dec"
10,2014-02-14,4992,1,0,0,0,3160.0,0,0,a,a,No_Promo2
57,2014-02-14,10696,1,0,0,0,420.0,0,0,d,c,No_Promo2
49,2014-02-14,7078,1,0,0,0,16160.0,0,0,d,c,No_Promo2
50,2014-02-14,3879,1,0,0,0,6260.0,0,0,d,a,No_Promo2
1115,2014-02-14,5966,1,0,1,0,5350.0,0,0,d,c,"Mar,Jun,Sept,Dec"
1086,2014-02-14,6098,1,0,1,0,180.0,0,0,a,a,"Feb,May,Aug,Nov"
85,2014-02-15,4661,1,0,0,0,1870.0,0,0,b,a,No_Promo2
71,2014-02-15,7149,1,0,1,0,16160.0,0,0,a,a,"Mar,Jun,Sept,Dec"
102,2014-02-15,5845,1,0,1,0,150.0,0,0,a,a,"Mar,Jun,Sept,Dec"
105,2014-02-15,3085,1,0,1,0,6190.0,0,0,a,c,"Mar,Jun,Sept,Dec"
10,2014-02-15,4397,1,0,0,0,3160.0,0,0,a,a,No_Promo2
57,2014-02-15,8819,1,0,0,0,420.0,0,0,d,c,No_Promo2
50,2014-02-15,4258,1,0,0,0,6260.0,0,0,d,a,No_Promo2
49,2014-02-15,6660,1,0,0,0,16160.0,0,0,d,c,No_Promo2
1115,2014-02-15,6462,1,0,1,0,5350.0,0,0,d,c,"Mar,Jun,Sept,Dec"
1086,2014-02-15,4904,1,0,1,0,180.0,0,0,a,a,"Feb,May,Aug,Nov"
85,2014-02-16,11904,1,0,0,0,1870.0,0,0,b,a,No_Promo2
71,2014-02-16,0,0,0,1,0,16160.0,0,0,a,a,"Mar,Jun,Sept,Dec"
102,2014-02-16,0,0,0,1,0,150.0,0,0,a,a,"Mar,Jun,Sept,Dec"
105,2014-02-16,0,0,0,1,0,6190.0,0,0,a,c,"Mar,Jun,Sept,Dec"
10,2014-02-16,0,0,0,0,0,3160.0,0,0,a,a,No_Promo2
57,2014-02-16,0,0,0,0,0,420.0,0,0,d,c,No_Promo2
50,2014-02-16,0,0,0,0,0,6260.0,0,0,d,a,No_Promo2
49,2014-02-16,0,0,0,0,0,16160.0,0,0,d,c,No_Promo2
1115,2014-02-16,0,0,0,1,0,5350.0,0,0,d,c,"Mar,Jun,Sept,Dec"
1086,2014-02-16,0,0,0,1,0,180.0,0,0,a,a,"Feb,May,Aug,Nov"
85,2014-02-17,7236,1,1,0,0,1870.0,0,0,b,a,No_Promo2
71,2014-02-17,14323,1,1,1,0,16160.0,0,0,a,a,"Mar,Jun,Sept,Dec"
102,2014-02-17,10071,1,1,1,0,150.0,0,0,a,a,"Mar,Jun,Sept,Dec"
105,2014-02-17,6990,1,1,1,0,6190.0,0,0,a,c,"Mar,Jun,Sept,Dec"
10,2014-02-17,8294,1,1,0,0,3160.0,0,0,a,a,No_Promo2
57,2014-02-17,17757,1,1,0,1,420.0,0,0,d,c,No_Promo2
50,2014-02-17,5936,1,1,0,0,6260.0,0,0,d,a,No_Promo2
49,2014-02-17,8706,1,1,0,0,16160.0,0,0,d,c,No_Promo2
1115,2014-02-17,7952,1,1,1,0,5350.0,0,0,d,c,"Mar,Jun,Sept,Dec"
1086,2014-02-17,12434,1,1,1,0,180.0,0,0,a,a,"Feb,May,Aug,Nov"
71,2014-02-18,11066,1,1,1,0,16160.0,0,0,a,a,"Mar,Jun,Sept,Dec"
85,2014-02-18,6892,1,1,0,0,1870.0,0,0,b,a,No_Promo2
102,2014-02-18,8374,1,1,1,0,150.0,0,0,a,a,"Mar,Jun,Sept,Dec"
105,2014-02-18,5201,1,1,1,0,6190.0,0,0,a,c,"Mar,Jun,Sept,Dec"
10,2014-02-18,6128,1,1,0,0,3160.0,0,0,a,a,No_Promo2
57,2014-02-18,13098,1,1,0,1,420.0,0,0,d,c,No_Promo2
50,2014-02-18,3857,1,1,0,0,6260.0,0,0,d,a,No_Promo2
49,2014-02-18,7049,1,1,0,0,16160.0,0,0,d,c,No_Promo2
1086,2014-02-18,9510,1,1,1,0,180.0,0,0,a,a,"Feb,May,Aug,Nov"
1115,2014-02-18,6839,1,1,1,0,5350.0,0,0,d,c,"Mar,Jun,Sept,Dec"
71,2014-02-19,8585,1,1,1,0,16160.0,0,0,a,a,"Mar,Jun,Sept,Dec"
85,2014-02-19,6238,1,1,0,0,1870.0,0,0,b,a,No_Promo2
102,2014-02-19,7764,1,1,1,0,150.0,0,0,a,a,"Mar,Jun,Sept,Dec"
105,2014-02-19,4347,1,1,1,0,6190.0,0,0,a,c,"Mar,Jun,Sept,Dec"
10,2014-02-19,5561,1,1,0,0,3160.0,0,0,a,a,No_Promo2
57,2014-02-19,10951,1,1,0,1,420.0,0,0,d,c,No_Promo2
50,2014-02-19,4282,1,1,0,0,6260.0,0,0,d,a,No_Promo2
49,2014-02-19,7135,1,1,0,0,16160.0,0,0,d,c,No_Promo2
1115,2014-02-19,6977,1,1,1,0,5350.0,0,0,d,c,"Mar,Jun,Sept,Dec"
1086,2014-02-19,8434,1,1,1,0,180.0,0,0,a,a,"Feb,May,Aug,Nov"
85,2014-02-20,6228,1,1,0,0,1870.0,0,0,b,a,No_Promo2
71,2014-02-20,8370,1,1,1,0,16160.0,0,0,a,a,"Mar,Jun,Sept,Dec"
102,2014-02-20,6463,1,1,1,0,150.0,0,0,a,a,"Mar,Jun,Sept,Dec"
105,2014-02-20,5215,1,1,1,0,6190.0,0,0,a,c,"Mar,Jun,Sept,Dec"
10,2014-02-20,5060,1,1,0,0,3160.0,0,0,a,a,No_Promo2
57,2014-02-20,11339,1,1,0,1,420.0,0,0,d,c,No_Promo2
50,2014-02-20,3915,1,1,0,0,6260.0,0,0,d,a,No_Promo2
49,2014-02-20,6535,1,1,0,0,16160.0,0,0,d,c,No_Promo2
1086,2014-02-20,8386,1,1,1,0,180.0,0,0,a,a,"Feb,May,Aug,Nov"
1115,2014-02-20,6257,1,1,1,0,5350.0,0,0,d,c,"Mar,Jun,Sept,Dec"
85,2014-02-21,6377,1,1,0,0,1870.0,0,0,b,a,No_Promo2
71,2014-02-21,6313,1,1,1,0,16160.0,0,0,a,a,"Mar,Jun,Sept,Dec"
102,2014-02-21,6572,1,1,1,0,150.0,0,0,a,a,"Mar,Jun,Sept,Dec"
105,2014-02-21,5046,1,1,1,0,6190.0,0,0,a,c,"Mar,Jun,Sept,Dec"
10,2014-02-21,5756,1,1,0,0,3160.0,0,0,a,a,No_Promo2
57,2014-02-21,11089,1,1,0,1,420.0,0,0,d,c,No_Promo2
50,2014-02-21,4669,1,1,0,0,6260.0,0,0,d,a,No_Promo2
49,2014-02-21,7755,1,1,0,0,16160.0,0,0,d,c,No_Promo2
1115,2014-02-21,7226,1,1,1,0,5350.0,0,0,d,c,"Mar,Jun,Sept,Dec"
1086,2014-02-21,7981,1,1,1,0,180.0,0,0,a,a,"Feb,May,Aug,Nov"
102,2014-02-22,4590,1,0,1,0,150.0,0,0,a,a,"Mar,Jun,Sept,Dec"
85,2014-02-22,4946,1,0,0,0,1870.0,0,0,b,a,No_Promo2
71,2014-02-22,4665,1,0,1,0,16160.0,0,0,a,a,"Mar,Jun,Sept,Dec"
105,2014-02-22,3007,1,0,1,0,6190.0,0,0,a,c,"Mar,Jun,Sept,Dec"
10,2014-02-22,4129,1,0,0,0,3160.0,0,0,a,a,No_Promo2
57,2014-02-22,8036,1,0,0,0,420.0,0,0,d,c,No_Promo2
49,2014-02-22,6423,1,0,0,0,16160.0,0,0,d,c,No_Promo2
50,2014-02-22,3924,1,0,0,0,6260.0,0,0,d,a,No_Promo2
1086,2014-02-22,4461,1,0,1,0,180.0,0,0,a,a,"Feb,May,Aug,Nov"
1115,2014-02-22,6575,1,0,1,0,5350.0,0,0,d,c,"Mar,Jun,Sept,Dec"
71,2014-02-23,0,0,0,1,0,16160.0,0,0,a,a,"Mar,Jun,Sept,Dec"
85,2014-02-23,10835,1,0,0,0,1870.0,0,0,b,a,No_Promo2
102,2014-02-23,0,0,0,1,0,150.0,0,0,a,a,"Mar,Jun,Sept,Dec"
105,2014-02-23,0,0,0,1,0,6190.0,0,0,a,c,"Mar,Jun,Sept,Dec"
10,2014-02-23,0,0,0,0,0,3160.0,0,0,a,a,No_Promo2
57,2014-02-23,0,0,0,0,0,420.0,0,0,d,c,No_Promo2
50,2014-02-23,0,0,0,0,0,6260.0,0,0,d,a,No_Promo2
49,2014-02-23,0,0,0,0,0,16160.0,0,0,d,c,No_Promo2
1086,2014-02-23,0,0,0,1,0,180.0,0,0,a,a,"Feb,May,Aug,Nov"
1115,2014-02-23,0,0,0,1,0,5350.0,0,0,d,c,"Mar,Jun,Sept,Dec"
85,2014-02-24,5092,1,0,0,0,1870.0,0,0,b,a,No_Promo2
71,2014-02-24,5855,1,0,1,0,16160.0,0,0,a,a,"Mar,Jun,Sept,Dec"
102,2014-02-24,4693,1,0,1,0,150.0,0,0,a,a,"Mar,Jun,Sept,Dec"
105,2014-02-24,4396,1,0,1,0,6190.0,0,0,a,c,"Mar,Jun,Sept,Dec"
10,2014-02-24,5319,1,0,0,0,3160.0,0,0,a,a,No_Promo2
57,2014-02-24,8702,1,0,0,1,420.0,0,0,d,c,No_Promo2
50,2014-02-24,2716,1,0,0,0,6260.0,0,0,d,a,No_Promo2
49,2014-02-24,5039,1,0,0,0,16160.0,0,0,d,c,No_Promo2
1086,2014-02-24,5403,1,0,1,0,180.0,0,0,a,a,"Feb,May,Aug,Nov"
1115,2014-02-24,4916,1,0,1,0,5350.0,0,0,d,c,"Mar,Jun,Sept,Dec"
85,2014-02-25,4940,1,0,0,0,1870.0,0,0,b,a,No_Promo2
71,2014-02-25,6655,1,0,1,0,16160.0,0,0,a,a,"Mar,Jun,Sept,Dec"
102,2014-02-25,4115,1,0,1,0,150.0,0,0,a,a,"Mar,Jun,Sept,Dec"
105,2014-02-25,3812,1,0,1,0,6190.0,0,0,a,c,"Mar,Jun,Sept,Dec"
10,2014-02-25,5035,1,0,0,0,3160.0,0,0,a,a,No_Promo2
57,2014-02-25,7854,1,0,0,1,420.0,0,0,d,c,No_Promo2
50,2014-02-25,2456,1,0,0,0,6260.0,0,0,d,a,No_Promo2
49,2014-02-25,4877,1,0,0,0,16160.0,0,0,d,c,No_Promo2
1115,2014-02-25,3699,1,0,1,0,5350.0,0,0,d,c,"Mar,Jun,Sept,Dec"
1086,2014-02-25,4824,1,0,1,0,180.0,0,0,a,a,"Feb,May,Aug,Nov"
85,2014-02-26,4691,1,0,0,0,1870.0,0,0,b,a,No_Promo2
71,2014-02-26,6651,1,0,1,0,16160.0,0,0,a,a,"Mar,Jun,Sept,Dec"
102,2014-02-26,4397,1,0,1,0,150.0,0,0,a,a,"Mar,Jun,Sept,Dec"
105,2014-02-26,3909,1,0,1,0,6190.0,0,0,a,c,"Mar,Jun,Sept,Dec"
10,2014-02-26,4253,1,0,0,0,3160.0,0,0,a,a,No_Promo2
57,2014-02-26,7942,1,0,0,1,420.0,0,0,d,c,No_Promo2
50,2014-02-26,3070,1,0,0,0,6260.0,0,0,d,a,No_Promo2
49,2014-02-26,5977,1,0,0,0,16160.0,0,0,d,c,No_Promo2
1086,2014-02-26,4711,1,0,1,0,180.0,0,0,a,a,"Feb,May,Aug,Nov"
1115,2014-02-26,4259,1,0,1,0,5350.0,0,0,d,c,"Mar,Jun,Sept,Dec"
85,2014-02-27,4955,1,0,0,0,1870.0,0,0,b,a,No_Promo2
71,2014-02-27,6905,1,0,1,0,16160.0,0,0,a,a,"Mar,Jun,Sept,Dec"
102,2014-02-27,4333,1,0,1,0,150.0,0,0,a,a,"Mar,Jun,Sept,Dec"
105,2014-02-27,4447,1,0,1,0,6190.0,0,0,a,c,"Mar,Jun,Sept,Dec"
10,2014-02-27,4773,1,0,0,0,3160.0,0,0,a,a,No_Promo2
57,2014-02-27,8935,1,0,0,1,420.0,0,0,d,c,No_Promo2
50,2014-02-27,3209,1,0,0,0,6260.0,0,0,d,a,No_Promo2
49,2014-02-27,5534,1,0,0,0,16160.0,0,0,d,c,No_Promo2
1115,2014-02-27,5355,1,0,1,0,5350.0,0,0,d,c,"Mar,Jun,Sept,Dec"
1086,2014-02-27,5585,1,0,1,0,180.0,0,0,a,a,"Feb,May,Aug,Nov"
85,2014-02-28,6029,1,0,0,0,1870.0,0,0,b,a,No_Promo2
71,2014-02-28,10500,1,0,1,0,16160.0,0,0,a,a,"Mar,Jun,Sept,Dec"
102,2014-02-28,8927,1,0,1,0,150.0,0,0,a,a,"Mar,Jun,Sept,Dec"
105,2014-02-28,5540,1,0,1,0,6190.0,0,0,a,c,"Mar,Jun,Sept,Dec"
10,2014-02-28,5721,1,0,0,0,3160.0,0,0,a,a,No_Promo2
57,2014-02-28,10969,1,0,0,1,420.0,0,0,d,c,No_Promo2
50,2014-02-28,3884,1,0,0,0,6260.0,0,0,d,a,No_Promo2
49,2014-02-28,7111,1,0,0,0,16160.0,0,0,d,c,No_Promo2
1115,2014-02-28,6821,1,0,1,0,5350.0,0,0,d,c,"Mar,Jun,Sept,Dec"
1086,2014-02-28,6248,1,0,1,0,180.0,0,0,a,a,"Feb,May,Aug,Nov"
85,2014-03-01,5941,1,0,0,0,1870.0,0,0,b,a,No_Promo2
71,2014-03-01,7838,1,0,1,0,16160.0,0,0,a,a,"Mar,Jun,Sept,Dec"
102,2014-03-01,8649,1,0,1,0,150.0,0,0,a,a,"Mar,Jun,Sept,Dec"
105,2014-03-01,3588,1,0,1,0,6190.0,0,0,a,c,"Mar,Jun,Sept,Dec"
10,2014-03-01,5235,1,0,0,0,3160.0,0,0,a,a,No_Promo2
57,2014-03-01,8504,1,0,0,0,420.0,0,0,d,c,No_Promo2
50,2014-03-01,4187,1,0,0,0,6260.0,0,0,d,a,No_Promo2
49,2014-03-01,7772,1,0,0,0,16160.0,0,0,d,c,No_Promo2
1115,2014-03-01,7139,1,0,1,0,5350.0,0,0,d,c,"Mar,Jun,Sept,Dec"
1086,2014-03-01,5210,1,0,1,0,180.0,0,0,a,a,"Feb,May,Aug,Nov"
85,2014-03-02,12216,1,0,0,0,1870.0,0,0,b,a,No_Promo2
71,2014-03-02,0,0,0,1,0,16160.0,0,0,a,a,"Mar,Jun,Sept,Dec"
102,2014-03-02,0,0,0,1,0,150.0,0,0,a,a,"Mar,Jun,Sept,Dec"
105,2014-03-02,0,0,0,1,0,6190.0,0,0,a,c,"Mar,Jun,Sept,Dec"
10,2014-03-02,0,0,0,0,0,3160.0,0,0,a,a,No_Promo2
57,2014-03-02,0,0,0,0,0,420.0,0,0,d,c,No_Promo2
50,2014-03-02,0,0,0,0,0,6260.0,0,0,d,a,No_Promo2
49,2014-03-02,0,0,0,0,0,16160.0,0,0,d,c,No_Promo2
1115,2014-03-02,0,0,0,1,0,5350.0,0,0,d,c,"Mar,Jun,Sept,Dec"
1086,2014-03-02,0,0,0,1,0,180.0,0,0,a,a,"Feb,May,Aug,Nov"
85,2014-03-03,8475,1,1,0,0,1870.0,0,0,b,a,No_Promo2
71,2014-03-03,15443,1,1,1,0,16160.0,0,0,a,a,"Mar,Jun,Sept,Dec"
102,2014-03-03,11657,1,1,1,0,150.0,0,0,a,a,"Mar,Jun,Sept,Dec"
105,2014-03-03,6625,1,1,1,0,6190.0,0,0,a,c,"Mar,Jun,Sept,Dec"
10,2014-03-03,7761,1,1,0,0,3160.0,0,0,a,a,No_Promo2
57,2014-03-03,19723,1,1,0,0,420.0,0,0,d,c,No_Promo2
50,2014-03-03,5848,1,1,0,0,6260.0,0,0,d,a,No_Promo2
49,2014-03-03,10055,1,1,0,0,16160.0,0,0,d,c,No_Promo2
1115,2014-03-03,9191,1,1,1,0,5350.0,0,0,d,c,"Mar,Jun,Sept,Dec"
1086,2014-03-03,13624,1,1,1,0,180.0,0,0,a,a,"Feb,May,Aug,Nov"
102,2014-03-04,11891,1,1,1,0,150.0,0,0,a,a,"Mar,Jun,Sept,Dec"
85,2014-03-04,7721,1,1,0,0,1870.0,0,0,b,a,No_Promo2
105,2014-03-04,4828,1,1,1,0,6190.0,0,0,a,c,"Mar,Jun,Sept,Dec"
71,2014-03-04,12458,1,1,1,0,16160.0,0,0,a,a,"Mar,Jun,Sept,Dec"
10,2014-03-04,6000,1,1,0,0,3160.0,0,0,a,a,No_Promo2
57,2014-03-04,14575,1,1,0,0,420.0,0,0,d,c,No_Promo2
49,2014-03-04,7674,1,1,0,0,16160.0,0,0,d,c,No_Promo2
50,2014-03-04,5442,1,1,0,0,6260.0,0,0,d,a,No_Promo2
1115,2014-03-04,7091,1,1,1,0,5350.0,0,0,d,c,"Mar,Jun,Sept,Dec"
1086,2014-03-04,10359,1,1,1,0,180.0,0,0,a,a,"Feb,May,Aug,Nov"
71,2014-03-05,10659,1,1,1,0,16160.0,0,0,a,a,"Mar,Jun,Sept,Dec"
85,2014-03-05,6867,1,1,0,0,1870.0,0,0,b,a,No_Promo2
102,2014-03-05,9770,1,1,1,0,150.0,0,0,a,a,"Mar,Jun,Sept,Dec"
105,2014-03-05,4817,1,1,1,0,6190.0,0,0,a,c,"Mar,Jun,Sept,Dec"
10,2014-03-05,5975,1,1,0,0,3160.0,0,0,a,a,No_Promo2
57,2014-03-05,14091,1,1,0,0,420.0,0,0,d,c,No_Promo2
50,2014-03-05,4251,1,1,0,0,6260.0,0,0,d,a,No_Promo2
49,2014-03-05,7666,1,1,0,0,16160.0,0,0,d,c,No_Promo2
1115,2014-03-05,6523,1,1,1,0,5350.0,0,0,d,c,"Mar,Jun,Sept,Dec"
1086,2014-03-05,8457,1,1,1,0,180.0,0,0,a,a,"Feb,May,Aug,Nov"
85,2014-03-06,6276,1,1,0,0,1870.0,0,0,b,a,No_Promo2
71,2014-03-06,10226,1,1,1,0,16160.0,0,0,a,a,"Mar,Jun,Sept,Dec"
102,2014-03-06,9045,1,1,1,0,150.0,0,0,a,a,"Mar,Jun,Sept,Dec"
105,2014-03-06,4412,1,1,1,0,6190.0,0,0,a,c,"Mar,Jun,Sept,Dec"
10,2014-03-06,6129,1,1,0,0,3160.0,0,0,a,a,No_Promo2
57,2014-03-06,12351,1,1,0,0,420.0,0,0,d,c,No_Promo2
50,2014-03-06,4570,1,1,0,0,6260.0,0,0,d,a,No_Promo2
49,2014-03-06,6219,1,1,0,0,16160.0,0,0,d,c,No_Promo2
1086,2014-03-06,8972,1,1,1,0,180.0,0,0,a,a,"Feb,May,Aug,Nov"
1115,2014-03-06,6775,1,1,1,0,5350.0,0,0,d,c,"Mar,Jun,Sept,Dec"
85,2014-03-07,6443,1,1,0,0,1870.0,0,0,b,a,No_Promo2
71,2014-03-07,10269,1,1,1,0,16160.0,0,0,a,a,"Mar,Jun,Sept,Dec"
102,2014-03-07,8473,1,1,1,0,150.0,0,0,a,a,"Mar,Jun,Sept,Dec"
105,2014-03-07,5099,1,1,1,0,6190.0,0,0,a,c,"Mar,Jun,Sept,Dec"
10,2014-03-07,5572,1,1,0,0,3160.0,0,0,a,a,No_Promo2
57,2014-03-07,12595,1,1,0,0,420.0,0,0,d,c,No_Promo2
50,2014-03-07,4645,1,1,0,0,6260.0,0,0,d,a,No_Promo2
49,2014-03-07,7156,1,1,0,0,16160.0,0,0,d,c,No_Promo2
1115,2014-03-07,7456,1,1,1,0,5350.0,0,0,d,c,"Mar,Jun,Sept,Dec"
1086,2014-03-07,8226,1,1,1,0,180.0,0,0,a,a,"Feb,May,Aug,Nov"
85,2014-03-08,5173,1,0,0,0,1870.0,0,0,b,a,No_Promo2
71,2014-03-08,6298,1,0,1,0,16160.0,0,0,a,a,"Mar,Jun,Sept,Dec"
102,2014-03-08,6246,1,0,1,0,150.0,0,0,a,a,"Mar,Jun,Sept,Dec"
105,2014-03-08,2717,1,0,1,0,6190.0,0,0,a,c,"Mar,Jun,Sept,Dec"
10,2014-03-08,4759,1,0,0,0,3160.0,0,0,a,a,No_Promo2
57,2014-03-08,7901,1,0,0,0,420.0,0,0,d,c,No_Promo2
50,2014-03-08,3388,1,0,0,0,6260.0,0,0,d,a,No_Promo2
49,2014-03-08,6397,1,0,0,0,16160.0,0,0,d,c,No_Promo2
1115,2014-03-08,6587,1,0,1,0,5350.0,0,0,d,c,"Mar,Jun,Sept,Dec"
1086,2014-03-08,4455,1,0,1,0,180.0,0,0,a,a,"Feb,May,Aug,Nov"
85,2014-03-09,7303,1,0,0,0,1870.0,0,0,b,a,No_Promo2
71,2014-03-09,0,0,0,1,0,16160.0,0,0,a,a,"Mar,Jun,Sept,Dec"
102,2014-03-09,0,0,0,1,0,150.0,0,0,a,a,"Mar,Jun,Sept,Dec"
105,2014-03-09,0,0,0,1,0,6190.0,0,0,a,c,"Mar,Jun,Sept,Dec"
10,2014-03-09,0,0,0,0,0,3160.0,0,0,a,a,No_Promo2
57,2014-03-09,0,0,0,0,0,420.0,0,0,d,c,No_Promo2
50,2014-03-09,0,0,0,0,0,6260.0,0,0,d,a,No_Promo2
49,2014-03-09,0,0,0,0,0,16160.0,0,0,d,c,No_Promo2
1115,2014-03-09,0,0,0,1,0,5350.0,0,0,d,c,"Mar,Jun,Sept,Dec"
1086,2014-03-09,0,0,0,1,0,180.0,0,0,a,a,"Feb,May,Aug,Nov"
85,2014-03-10,5339,1,0,0,0,1870.0,0,0,b,a,No_Promo2
71,2014-03-10,6798,1,0,1,0,16160.0,0,0,a,a,"Mar,Jun,Sept,Dec"
102,2014-03-10,5739,1,0,1,0,150.0,0,0,a,a,"Mar,Jun,Sept,Dec"
105,2014-03-10,4087,1,0,1,0,6190.0,0,0,a,c,"Mar,Jun,Sept,Dec"
10,2014-03-10,5560,1,0,0,0,3160.0,0,0,a,a,No_Promo2
57,2014-03-10,8180,1,0,0,0,420.0,0,0,d,c,No_Promo2
50,2014-03-10,2829,1,0,0,0,6260.0,0,0,d,a,No_Promo2
49,2014-03-10,5672,1,0,0,0,16160.0,0,0,d,c,No_Promo2
1115,2014-03-10,4421,1,0,1,0,5350.0,0,0,d,c,"Mar,Jun,Sept,Dec"
1086,2014-03-10,5147,1,0,1,0,180.0,0,0,a,a,"Feb,May,Aug,Nov"
71,2014-03-11,7146,1,0,1,0,16160.0,0,0,a,a,"Mar,Jun,Sept,Dec"
85,2014-03-11,5148,1,0,0,0,1870.0,0,0,b,a,No_Promo2
102,2014-03-11,5543,1,0,1,0,150.0,0,0,a,a,"Mar,Jun,Sept,Dec"
105,2014-03-11,3803,1,0,1,0,6190.0,0,0,a,c,"Mar,Jun,Sept,Dec"
10,2014-03-11,4923,1,0,0,0,3160.0,0,0,a,a,No_Promo2
57,2014-03-11,8433,1,0,0,0,420.0,0,0,d,c,No_Promo2
50,2014-03-11,2808,1,0,0,0,6260.0,0,0,d,a,No_Promo2
49,2014-03-11,5293,1,0,0,0,16160.0,0,0,d,c,No_Promo2
1086,2014-03-11,5338,1,0,1,0,180.0,0,0,a,a,"Feb,May,Aug,Nov"
1115,2014-03-11,4201,1,0,1,0,5350.0,0,0,d,c,"Mar,Jun,Sept,Dec"
71,2014-03-12,6675,1,0,1,0,16160.0,0,0,a,a,"Mar,Jun,Sept,Dec"
85,2014-03-12,5125,1,0,0,0,1870.0,0,0,b,a,No_Promo2
102,2014-03-12,5628,1,0,1,0,150.0,0,0,a,a,"Mar,Jun,Sept,Dec"
105,2014-03-12,3675,1,0,1,0,6190.0,0,0,a,c,"Mar,Jun,Sept,Dec"
10,2014-03-12,4883,1,0,0,0,3160.0,0,0,a,a,No_Promo2
57,2014-03-12,8068,1,0,0,0,420.0,0,0,d,c,No_Promo2
50,2014-03-12,2709,1,0,0,0,6260.0,0,0,d,a,No_Promo2
49,2014-03-12,4919,1,0,0,0,16160.0,0,0,d,c,No_Promo2
1115,2014-03-12,4318,1,0,1,0,5350.0,0,0,d,c,"Mar,Jun,Sept,Dec"
1086,2014-03-12,4962,1,0,1,0,180.0,0,0,a,a,"Feb,May,Aug,Nov"
85,2014-03-13,4701,1,0,0,0,1870.0,0,0,b,a,No_Promo2
71,2014-03-13,7534,1,0,1,0,16160.0,0,0,a,a,"Mar,Jun,Sept,Dec"
102,2014-03-13,5151,1,0,1,0,150.0,0,0,a,a,"Mar,Jun,Sept,Dec"
105,2014-03-13,3343,1,0,1,0,6190.0,0,0,a,c,"Mar,Jun,Sept,Dec"
10,2014-03-13,4865,1,0,0,0,3160.0,0,0,a,a,No_Promo2
57,2014-03-13,8480,1,0,0,0,420.0,0,0,d,c,No_Promo2
50,2014-03-13,3011,1,0,0,0,6260.0,0,0,d,a,No_Promo2
49,2014-03-13,5197,1,0,0,0,16160.0,0,0,d,c,No_Promo2
1115,2014-03-13,4219,1,0,1,0,5350.0,0,0,d,c,"Mar,Jun,Sept,Dec"
1086,2014-03-13,4873,1,0,1,0,180.0,0,0,a,a,"Feb,May,Aug,Nov"
102,2014-03-14,5476,1,0,1,0,150.0,0,0,a,a,"Mar,Jun,Sept,Dec"
85,2014-03-14,5304,1,0,0,0,1870.0,0,0,b,a,No_Promo2
105,2014-03-14,3619,1,0,1,0,6190.0,0,0,a,c,"Mar,Jun,Sept,Dec"
71,2014-03-14,7244,1,0,1,0,16160.0,0,0,a,a,"Mar,Jun,Sept,Dec"
10,2014-03-14,5061,1,0,0,0,3160.0,0,0,a,a,No_Promo2
57,2014-03-14,9295,1,0,0,0,420.0,0,0,d,c,No_Promo2
49,2014-03-14,6300,1,0,0,0,16160.0,0,0,d,c,No_Promo2
50,2014-03-14,2633,1,0,0,0,6260.0,0,0,d,a,No_Promo2
1115,2014-03-14,4959,1,0,1,0,5350.0,0,0,d,c,"Mar,Jun,Sept,Dec"
1086,2014-03-14,5294,1,0,1,0,180.0,0,0,a,a,"Feb,May,Aug,Nov"
85,2014-03-15,5304,1,0,0,0,1870.0,0,0,b,a,No_Promo2
71,2014-03-15,6659,1,0,1,0,16160.0,0,0,a,a,"Mar,Jun,Sept,Dec"
102,2014-03-15,5926,1,0,1,0,150.0,0,0,a,a,"Mar,Jun,Sept,Dec"
105,2014-03-15,3075,1,0,1,0,6190.0,0,0,a,c,"Mar,Jun,Sept,Dec"
10,2014-03-15,4564,1,0,0,0,3160.0,0,0,a,a,No_Promo2
57,2014-03-15,8825,1,0,0,0,420.0,0,0,d,c,No_Promo2
50,2014-03-15,4325,1,0,0,0,6260.0,0,0,d,a,No_Promo2
49,2014-03-15,7945,1,0,0,0,16160.0,0,0,d,c,No_Promo2
1115,2014-03-15,6834,1,0,1,0,5350.0,0,0,d,c,"Mar,Jun,Sept,Dec"
1086,2014-03-15,4804,1,0,1,0,180.0,0,0,a,a,"Feb,May,Aug,Nov"
85,2014-03-16,11889,1,0,0,0,1870.0,0,0,b,a,No_Promo2
71,2014-03-16,0,0,0,1,0,16160.0,0,0,a,a,"Mar,Jun,Sept,Dec"
102,2014-03-16,0,0,0,1,0,150.0,0,0,a,a,"Mar,Jun,Sept,Dec"
105,2014-03-16,0,0,0,1,0,6190.0,0,0,a,c,"Mar,Jun,Sept,Dec"
10,2014-03-16,0,0,0,0,0,3160.0,0,0,a,a,No_Promo2
57,2014-03-16,0,0,0,0,0,420.0,0,0,d,c,No_Promo2
50,2014-03-16,0,0,0,0,0,6260.0,0,0,d,a,No_Promo2
49,2014-03-16,0,0,0,0,0,16160.0,0,0,d,c,No_Promo2
1115,2014-03-16,0,0,0,1,0,5350.0,0,0,d,c,"Mar,Jun,Sept,Dec"
1086,2014-03-16,0,0,0,1,0,180.0,0,0,a,a,"Feb,May,Aug,Nov"
85,2014-03-17,7727,1,1,0,0,1870.0,0,0,b,a,No_Promo2
71,2014-03-17,12804,1,1,1,0,16160.0,0,0,a,a,"Mar,Jun,Sept,Dec"
102,2014-03-17,10593,1,1,1,0,150.0,0,0,a,a,"Mar,Jun,Sept,Dec"
105,2014-03-17,6282,1,1,1,0,6190.0,0,0,a,c,"Mar,Jun,Sept,Dec"
10,2014-03-17,6613,1,1,0,0,3160.0,0,0,a,a,No_Promo2
57,2014-03-17,17899,1,1,0,0,420.0,0,0,d,c,No_Promo2
50,2014-03-17,5792,1,1,0,0,6260.0,0,0,d,a,No_Promo2
49,2014-03-17,8720,1,1,0,0,16160.0,0,0,d,c,No_Promo2
1115,2014-03-17,8559,1,1,1,0,5350.0,0,0,d,c,"Mar,Jun,Sept,Dec"
1086,2014-03-17,12561,1,1,1,0,180.0,0,0,a,a,"Feb,May,Aug,Nov"
102,2014-03-18,6699,1,1,1,0,150.0,0,0,a,a,"Mar,Jun,Sept,Dec"
85,2014-03-18,6976,1,1,0,0,1870.0,0,0,b,a,No_Promo2
105,2014-03-18,5362,1,1,1,0,6190.0,0,0,a,c,"Mar,Jun,Sept,Dec"
71,2014-03-18,10702,1,1,1,0,16160.0,0,0,a,a,"Mar,Jun,Sept,Dec"
10,2014-03-18,5791,1,1,0,0,3160.0,0,0,a,a,No_Promo2
57,2014-03-18,12403,1,1,0,0,420.0,0,0,d,c,No_Promo2
49,2014-03-18,7484,1,1,0,0,16160.0,0,0,d,c,No_Promo2
50,2014-03-18,4382,1,1,0,0,6260.0,0,0,d,a,No_Promo2
1115,2014-03-18,6925,1,1,1,0,5350.0,0,0,d,c,"Mar,Jun,Sept,Dec"
1086,2014-03-18,9681,1,1,1,0,180.0,0,0,a,a,"Feb,May,Aug,Nov"
71,2014-03-19,9669,1,1,1,0,16160.0,0,0,a,a,"Mar,Jun,Sept,Dec"
85,2014-03-19,6664,1,1,0,0,1870.0,0,0,b,a,No_Promo2
102,2014-03-19,8797,1,1,1,0,150.0,0,0,a,a,"Mar,Jun,Sept,Dec"
105,2014-03-19,5361,1,1,1,0,6190.0,0,0,a,c,"Mar,Jun,Sept,Dec"
10,2014-03-19,5882,1,1,0,0,3160.0,0,0,a,a,No_Promo2
57,2014-03-19,11345,1,1,0,0,420.0,0,0,d,c,No_Promo2
50,2014-03-19,4028,1,1,0,0,6260.0,0,0,d,a,No_Promo2
49,2014-03-19,6548,1,1,0,0,16160.0,0,0,d,c,No_Promo2
1115,2014-03-19,5697,1,1,1,0,5350.0,0,0,d,c,"Mar,Jun,Sept,Dec"
1086,2014-03-19,8233,1,1,1,0,180.0,0,0,a,a,"Feb,May,Aug,Nov"
85,2014-03-20,6091,1,1,0,0,1870.0,0,0,b,a,No_Promo2
71,2014-03-20,7560,1,1,1,0,16160.0,0,0,a,a,"Mar,Jun,Sept,Dec"
102,2014-03-20,7369,1,1,1,0,150.0,0,0,a,a,"Mar,Jun,Sept,Dec"
105,2014-03-20,4889,1,1,1,0,6190.0,0,0,a,c,"Mar,Jun,Sept,Dec"
10,2014-03-20,4452,1,1,0,0,3160.0,0,0,a,a,No_Promo2
57,2014-03-20,10219,1,1,0,0,420.0,0,0,d,c,No_Promo2
50,2014-03-20,3725,1,1,0,0,6260.0,0,0,d,a,No_Promo2
49,2014-03-20,6759,1,1,0,0,16160.0,0,0,d,c,No_Promo2
1086,2014-03-20,7566,1,1,1,0,180.0,0,0,a,a,"Feb,May,Aug,Nov"
1115,2014-03-20,5535,1,1,1,0,5350.0,0,0,d,c,"Mar,Jun,Sept,Dec"
85,2014-03-21,5995,1,1,0,0,1870.0,0,0,b,a,No_Promo2
71,2014-03-21,9124,1,1,1,0,16160.0,0,0,a,a,"Mar,Jun,Sept,Dec"
102,2014-03-21,6475,1,1,1,0,150.0,0,0,a,a,"Mar,Jun,Sept,Dec"
105,2014-03-21,5500,1,1,1,0,6190.0,0,0,a,c,"Mar,Jun,Sept,Dec"
10,2014-03-21,5045,1,1,0,0,3160.0,0,0,a,a,No_Promo2
57,2014-03-21,10929,1,1,0,0,420.0,0,0,d,c,No_Promo2
50,2014-03-21,4647,1,1,0,0,6260.0,0,0,d,a,No_Promo2
49,2014-03-21,7382,1,1,0,0,16160.0,0,0,d,c,No_Promo2
1115,2014-03-21,6871,1,1,1,0,5350.0,0,0,d,c,"Mar,Jun,Sept,Dec"
1086,2014-03-21,7174,1,1,1,0,180.0,0,0,a,a,"Feb,May,Aug,Nov"
85,2014-03-22,5296,1,0,0,0,1870.0,0,0,b,a,No_Promo2
71,2014-03-22,6190,1,0,1,0,16160.0,0,0,a,a,"Mar,Jun,Sept,Dec"
102,2014-03-22,5580,1,0,1,0,150.0,0,0,a,a,"Mar,Jun,Sept,Dec"
105,2014-03-22,2972,1,0,1,0,6190.0,0,0,a,c,"Mar,Jun,Sept,Dec"
10,2014-03-22,4695,1,0,0,0,3160.0,0,0,a,a,No_Promo2
57,2014-03-22,7300,1,0,0,0,420.0,0,0,d,c,No_Promo2
50,2014-03-22,3739,1,0,0,0,6260.0,0,0,d,a,No_Promo2
49,2014-03-22,7139,1,0,0,0,16160.0,0,0,d,c,No_Promo2
1115,2014-03-22,7759,1,0,1,0,5350.0,0,0,d,c,"Mar,Jun,Sept,Dec"
1086,2014-03-22,4591,1,0,1,0,180.0,0,0,a,a,"Feb,May,Aug,Nov"
85,2014-03-23,11254,1,0,0,0,1870.0,0,0,b,a,No_Promo2
71,2014-03-23,0,0,0,1,0,16160.0,0,0,a,a,"Mar,Jun,Sept,Dec"
102,2014-03-23,0,0,0,1,0,150.0,0,0,a,a,"Mar,Jun,Sept,Dec"
105,2014-03-23,0,0,0,1,0,6190.0,0,0,a,c,"Mar,Jun,Sept,Dec"
10,2014-03-23,0,0,0,0,0,3160.0,0,0,a,a,No_Promo2
57,2014-03-23,0,0,0,0,0,420.0,0,0,d,c,No_Promo2
50,2014-03-23,0,0,0,0,0,6260.0,0,0,d,a,No_Promo2
49,2014-03-23,0,0,0,0,0,16160.0,0,0,d,c,No_Promo2
1115,2014-03-23,0,0,0,1,0,5350.0,0,0,d,c,"Mar,Jun,Sept,Dec"
1086,2014-03-23,0,0,0,1,0,180.0,0,0,a,a,"Feb,May,Aug,Nov"
85,2014-03-24,5351,1,0,0,0,1870.0,0,0,b,a,No_Promo2
71,2014-03-24,6868,1,0,1,0,16160.0,0,0,a,a,"Mar,Jun,Sept,Dec"
102,2014-03-24,5511,1,0,1,0,150.0,0,0,a,a,"Mar,Jun,Sept,Dec"
105,2014-03-24,3793,1,0,1,0,6190.0,0,0,a,c,"Mar,Jun,Sept,Dec"
10,2014-03-24,4887,1,0,0,0,3160.0,0,0,a,a,No_Promo2
57,2014-03-24,10060,1,0,0,0,420.0,0,0,d,c,No_Promo2
50,2014-03-24,2555,1,0,0,0,6260.0,0,0,d,a,No_Promo2
49,2014-03-24,6472,1,0,0,0,16160.0,0,0,d,c,No_Promo2
1115,2014-03-24,5805,1,0,1,0,5350.0,0,0,d,c,"Mar,Jun,Sept,Dec"
1086,2014-03-24,5404,1,0,1,0,180.0,0,0,a,a,"Feb,May,Aug,Nov"
102,2014-03-25,4582,1,0,1,0,150.0,0,0,a,a,"Mar,Jun,Sept,Dec"
85,2014-03-25,4744,1,0,0,0,1870.0,0,0,b,a,No_Promo2
105,2014-03-25,3980,1,0,1,0,6190.0,0,0,a,c,"Mar,Jun,Sept,Dec"
71,2014-03-25,5759,1,0,1,0,16160.0,0,0,a,a,"Mar,Jun,Sept,Dec"
10,2014-03-25,4394,1,0,0,0,3160.0,0,0,a,a,No_Promo2
57,2014-03-25,8472,1,0,0,0,420.0,0,0,d,c,No_Promo2
49,2014-03-25,5512,1,0,0,0,16160.0,0,0,d,c,No_Promo2
50,2014-03-25,2158,1,0,0,0,6260.0,0,0,d,a,No_Promo2
1115,2014-03-25,4817,1,0,1,0,5350.0,0,0,d,c,"Mar,Jun,Sept,Dec"
1086,2014-03-25,5125,1,0,1,0,180.0,0,0,a,a,"Feb,May,Aug,Nov"
71,2014-03-26,6678,1,0,1,0,16160.0,0,0,a,a,"Mar,Jun,Sept,Dec"
85,2014-03-26,5180,1,0,0,0,1870.0,0,0,b,a,No_Promo2
102,2014-03-26,3811,1,0,1,0,150.0,0,0,a,a,"Mar,Jun,Sept,Dec"
105,2014-03-26,3732,1,0,1,0,6190.0,0,0,a,c,"Mar,Jun,Sept,Dec"
10,2014-03-26,4416,1,0,0,0,3160.0,0,0,a,a,No_Promo2
57,2014-03-26,9404,1,0,0,0,420.0,0,0,d,c,No_Promo2
50,2014-03-26,2711,1,0,0,0,6260.0,0,0,d,a,No_Promo2
49,2014-03-26,5857,1,0,0,0,16160.0,0,0,d,c,No_Promo2
1115,2014-03-26,4481,1,0,1,0,5350.0,0,0,d,c,"Mar,Jun,Sept,Dec"
1086,2014-03-26,4670,1,0,1,0,180.0,0,0,a,a,"Feb,May,Aug,Nov"
85,2014-03-27,5378,1,0,0,0,1870.0,0,0,b,a,No_Promo2
71,2014-03-27,6024,1,0,1,0,16160.0,0,0,a,a,"Mar,Jun,Sept,Dec"
102,2014-03-27,4221,1,0,1,0,150.0,0,0,a,a,"Mar,Jun,Sept,Dec"
105,2014-03-27,3827,1,0,1,0,6190.0,0,0,a,c,"Mar,Jun,Sept,Dec"
10,2014-03-27,4814,1,0,0,0,3160.0,0,0,a,a,No_Promo2
57,2014-03-27,8880,1,0,0,0,420.0,0,0,d,c,No_Promo2
50,2014-03-27,2676,1,0,0,0,6260.0,0,0,d,a,No_Promo2
49,2014-03-27,6378,1,0,0,0,16160.0,0,0,d,c,No_Promo2
1086,2014-03-27,5067,1,0,1,0,180.0,0,0,a,a,"Feb,May,Aug,Nov"
1115,2014-03-27,4850,1,0,1,0,5350.0,0,0,d,c,"Mar,Jun,Sept,Dec"
85,2014-03-28,5417,1,0,0,0,1870.0,0,0,b,a,No_Promo2
71,2014-03-28,7478,1,0,1,0,16160.0,0,0,a,a,"Mar,Jun,Sept,Dec"
102,2014-03-28,5373,1,0,1,0,150.0,0,0,a,a,"Mar,Jun,Sept,Dec"
105,2014-03-28,3747,1,0,1,0,6190.0,0,0,a,c,"Mar,Jun,Sept,Dec"
10,2014-03-28,4711,1,0,0,0,3160.0,0,0,a,a,No_Promo2
57,2014-03-28,9937,1,0,0,0,420.0,0,0,d,c,No_Promo2
50,2014-03-28,3594,1,0,0,0,6260.0,0,0,d,a,No_Promo2
49,2014-03-28,6698,1,0,0,0,16160.0,0,0,d,c,No_Promo2
1115,2014-03-28,5092,1,0,1,0,5350.0,0,0,d,c,"Mar,Jun,Sept,Dec"
1086,2014-03-28,6179,1,0,1,0,180.0,0,0,a,a,"Feb,May,Aug,Nov"
102,2014-03-29,5613,1,0,1,0,150.0,0,0,a,a,"Mar,Jun,Sept,Dec"
85,2014-03-29,5311,1,0,0,0,1870.0,0,0,b,a,No_Promo2
105,2014-03-29,2852,1,0,1,0,6190.0,0,0,a,c,"Mar,Jun,Sept,Dec"
71,2014-03-29,6067,1,0,1,0,16160.0,0,0,a,a,"Mar,Jun,Sept,Dec"
10,2014-03-29,4847,1,0,0,0,3160.0,0,0,a,a,No_Promo2
57,2014-03-29,8649,1,0,0,0,420.0,0,0,d,c,No_Promo2
49,2014-03-29,6969,1,0,0,0,16160.0,0,0,d,c,No_Promo2
50,2014-03-29,3911,1,0,0,0,6260.0,0,0,d,a,No_Promo2
1115,2014-03-29,6829,1,0,1,0,5350.0,0,0,d,c,"Mar,Jun,Sept,Dec"
1086,2014-03-29,4664,1,0,1,0,180.0,0,0,a,a,"Feb,May,Aug,Nov"
71,2014-03-30,0,0,0,1,0,16160.0,0,0,a,a,"Mar,Jun,Sept,Dec"
85,2014-03-30,10469,1,0,0,0,1870.0,0,0,b,a,No_Promo2
102,2014-03-30,0,0,0,1,0,150.0,0,0,a,a,"Mar,Jun,Sept,Dec"
105,2014-03-30,0,0,0,1,0,6190.0,0,0,a,c,"Mar,Jun,Sept,Dec"
10,2014-03-30,0,0,0,0,0,3160.0,0,0,a,a,No_Promo2
57,2014-03-30,0,0,0,0,0,420.0,0,0,d,c,No_Promo2
50,2014-03-30,0,0,0,0,0,6260.0,0,0,d,a,No_Promo2
49,2014-03-30,0,0,0,0,0,16160.0,0,0,d,c,No_Promo2
1115,2014-03-30,0,0,0,1,0,5350.0,0,0,d,c,"Mar,Jun,Sept,Dec"
1086,2014-03-30,0,0,0,1,0,180.0,0,0,a,a,"Feb,May,Aug,Nov"
102,2014-03-31,14683,1,1,1,0,150.0,0,0,a,a,"Mar,Jun,Sept,Dec"
85,2014-03-31,8989,1,1,0,0,1870.0,0,0,b,a,No_Promo2
71,2014-03-31,13838,1,1,1,0,16160.0,0,0,a,a,"Mar,Jun,Sept,Dec"
105,2014-03-31,7112,1,1,1,0,6190.0,0,0,a,c,"Mar,Jun,Sept,Dec"
10,2014-03-31,8438,1,1,0,0,3160.0,0,0,a,a,No_Promo2
57,2014-03-31,18573,1,1,0,0,420.0,0,0,d,c,No_Promo2
49,2014-03-31,9533,1,1,0,0,16160.0,0,0,d,c,No_Promo2
50,2014-03-31,5258,1,1,0,0,6260.0,0,0,d,a,No_Promo2
1115,2014-03-31,8680,1,1,1,0,5350.0,0,0,d,c,"Mar,Jun,Sept,Dec"
1086,2014-03-31,12339,1,1,1,0,180.0,0,0,a,a,"Feb,May,Aug,Nov"
85,2014-04-01,7979,1,1,0,0,1870.0,0,0,b,a,No_Promo2
71,2014-04-01,11541,1,1,1,0,16160.0,0,0,a,a,"Mar,Jun,Sept,Dec"
102,2014-04-01,9912,1,1,1,0,150.0,0,0,a,a,"Mar,Jun,Sept,Dec"
105,2014-04-01,5816,1,1,1,0,6190.0,0,0,a,c,"Mar,Jun,Sept,Dec"
10,2014-04-01,7048,1,1,0,0,3160.0,0,0,a,a,No_Promo2
57,2014-04-01,15308,1,1,0,0,420.0,0,0,d,c,No_Promo2
50,2014-04-01,5137,1,1,0,0,6260.0,0,0,d,a,No_Promo2
49,2014-04-01,7668,1,1,0,0,16160.0,0,0,d,c,No_Promo2
1115,2014-04-01,7304,1,1,1,0,5350.0,0,0,d,c,"Mar,Jun,Sept,Dec"
1086,2014-04-01,9479,1,1,1,0,180.0,0,0,a,a,"Feb,May,Aug,Nov"
1086,2014-04-02,7687,1,1,1,0,180.0,0,0,a,a,"Feb,May,Aug,Nov"
1115,2014-04-02,6543,1,1,1,0,5350.0,0,0,d,c,"Mar,Jun,Sept,Dec"
71,2014-04-02,9449,1,1,1,0,16160.0,0,0,a,a,"Mar,Jun,Sept,Dec"
85,2014-04-02,7665,1,1,0,0,1870.0,0,0,b,a,No_Promo2
105,2014-04-02,5239,1,1,1,0,6190.0,0,0,a,c,"Mar,Jun,Sept,Dec"
102,2014-04-02,9667,1,1,1,0,150.0,0,0,a,a,"Mar,Jun,Sept,Dec"
57,2014-04-02,12065,1,1,0,0,420.0,0,0,d,c,No_Promo2
10,2014-04-02,6449,1,1,0,0,3160.0,0,0,a,a,No_Promo2
50,2014-04-02,4858,1,1,0,0,6260.0,0,0,d,a,No_Promo2
49,2014-04-02,7515,1,1,0,0,16160.0,0,0,d,c,No_Promo2
71,2014-04-03,10144,1,1,1,0,16160.0,0,0,a,a,"Mar,Jun,Sept,Dec"
85,2014-04-03,6537,1,1,0,0,1870.0,0,0,b,a,No_Promo2
102,2014-04-03,8747,1,1,1,0,150.0,0,0,a,a,"Mar,Jun,Sept,Dec"
105,2014-04-03,5498,1,1,1,0,6190.0,0,0,a,c,"Mar,Jun,Sept,Dec"
10,2014-04-03,5898,1,1,0,1,3160.0,0,0,a,a,No_Promo2
57,2014-04-03,12232,1,1,0,0,420.0,0,0,d,c,No_Promo2
50,2014-04-03,4077,1,1,0,0,6260.0,0,0,d,a,No_Promo2
49,2014-04-03,7783,1,1,0,0,16160.0,0,0,d,c,No_Promo2
1115,2014-04-03,7063,1,1,1,0,5350.0,0,0,d,c,"Mar,Jun,Sept,Dec"
1086,2014-04-03,8446,1,1,1,0,180.0,0,0,a,a,"Feb,May,Aug,Nov"
85,2014-04-04,7048,1,1,0,0,1870.0,0,0,b,a,No_Promo2
71,2014-04-04,10932,1,1,1,0,16160.0,0,0,a,a,"Mar,Jun,Sept,Dec"
102,2014-04-04,8443,1,1,1,0,150.0,0,0,a,a,"Mar,Jun,Sept,Dec"
105,2014-04-04,5240,1,1,1,0,6190.0,0,0,a,c,"Mar,Jun,Sept,Dec"
10,2014-04-04,5932,1,1,0,1,3160.0,0,0,a,a,No_Promo2
57,2014-04-04,13307,1,1,0,0,420.0,0,0,d,c,No_Promo2
50,2014-04-04,4246,1,1,0,0,6260.0,0,0,d,a,No_Promo2
49,2014-04-04,7615,1,1,0,0,16160.0,0,0,d,c,No_Promo2
1115,2014-04-04,6572,1,1,1,0,5350.0,0,0,d,c,"Mar,Jun,Sept,Dec"
1086,2014-04-04,8138,1,1,1,0,180.0,0,0,a,a,"Feb,May,Aug,Nov"
71,2014-04-05,7096,1,0,1,0,16160.0,0,0,a,a,"Mar,Jun,Sept,Dec"
85,2014-04-05,5527,1,0,0,0,1870.0,0,0,b,a,No_Promo2
102,2014-04-05,6601,1,0,1,0,150.0,0,0,a,a,"Mar,Jun,Sept,Dec"
105,2014-04-05,3298,1,0,1,0,6190.0,0,0,a,c,"Mar,Jun,Sept,Dec"
10,2014-04-05,4778,1,0,0,1,3160.0,0,0,a,a,No_Promo2
57,2014-04-05,7579,1,0,0,0,420.0,0,0,d,c,No_Promo2
50,2014-04-05,4206,1,0,0,0,6260.0,0,0,d,a,No_Promo2
49,2014-04-05,7423,1,0,0,0,16160.0,0,0,d,c,No_Promo2
1115,2014-04-05,6603,1,0,1,0,5350.0,0,0,d,c,"Mar,Jun,Sept,Dec"
1086,2014-04-05,5149,1,0,1,0,180.0,0,0,a,a,"Feb,May,Aug,Nov"
85,2014-04-06,9793,1,0,0,0,1870.0,0,0,b,a,No_Promo2
71,2014-04-06,0,0,0,1,0,16160.0,0,0,a,a,"Mar,Jun,Sept,Dec"
102,2014-04-06,0,0,0,1,0,150.0,0,0,a,a,"Mar,Jun,Sept,Dec"
105,2014-04-06,0,0,0,1,0,6190.0,0,0,a,c,"Mar,Jun,Sept,Dec"
10,2014-04-06,0,0,0,0,1,3160.0,0,0,a,a,No_Promo2
57,2014-04-06,0,0,0,0,0,420.0,0,0,d,c,No_Promo2
50,2014-04-06,0,0,0,0,0,6260.0,0,0,d,a,No_Promo2
49,2014-04-06,0,0,0,0,0,16160.0,0,0,d,c,No_Promo2
1115,2014-04-06,0,0,0,1,0,5350.0,0,0,d,c,"Mar,Jun,Sept,Dec"
1086,2014-04-06,0,0,0,1,0,180.0,0,0,a,a,"Feb,May,Aug,Nov"
85,2014-04-07,5792,1,0,0,0,1870.0,0,0,b,a,No_Promo2
71,2014-04-07,7423,1,0,1,0,16160.0,0,0,a,a,"Mar,Jun,Sept,Dec"
102,2014-04-07,6022,1,0,1,0,150.0,0,0,a,a,"Mar,Jun,Sept,Dec"
105,2014-04-07,4105,1,0,1,0,6190.0,0,0,a,c,"Mar,Jun,Sept,Dec"
10,2014-04-07,4828,1,0,0,1,3160.0,0,0,a,a,No_Promo2
57,2014-04-07,8508,1,0,0,0,420.0,0,0,d,c,No_Promo2
50,2014-04-07,2939,1,0,0,0,6260.0,0,0,d,a,No_Promo2
49,2014-04-07,5395,1,0,0,0,16160.0,0,0,d,c,No_Promo2
1115,2014-04-07,5232,1,0,1,0,5350.0,0,0,d,c,"Mar,Jun,Sept,Dec"
1086,2014-04-07,4984,1,0,1,0,180.0,0,0,a,a,"Feb,May,Aug,Nov"
71,2014-04-08,6282,1,0,1,0,16160.0,0,0,a,a,"Mar,Jun,Sept,Dec"
85,2014-04-08,4837,1,0,0,0,1870.0,0,0,b,a,No_Promo2
102,2014-04-08,5187,1,0,1,0,150.0,0,0,a,a,"Mar,Jun,Sept,Dec"
105,2014-04-08,4074,1,0,1,0,6190.0,0,0,a,c,"Mar,Jun,Sept,Dec"
10,2014-04-08,4525,1,0,0,1,3160.0,0,0,a,a,No_Promo2
57,2014-04-08,9525,1,0,0,0,420.0,0,0,d,c,No_Promo2
50,2014-04-08,2714,1,0,0,0,6260.0,0,0,d,a,No_Promo2
49,2014-04-08,5151,1,0,0,0,16160.0,0,0,d,c,No_Promo2
1115,2014-04-08,4669,1,0,1,0,5350.0,0,0,d,c,"Mar,Jun,Sept,Dec"
1086,2014-04-08,4957,1,0,1,0,180.0,0,0,a,a,"Feb,May,Aug,Nov"
85,2014-04-09,6141,1,0,0,0,1870.0,0,0,b,a,No_Promo2
71,2014-04-09,7511,1,0,1,0,16160.0,0,0,a,a,"Mar,Jun,Sept,Dec"
102,2014-04-09,5657,1,0,1,0,150.0,0,0,a,a,"Mar,Jun,Sept,Dec"
105,2014-04-09,4173,1,0,1,0,6190.0,0,0,a,c,"Mar,Jun,Sept,Dec"
10,2014-04-09,4152,1,0,0,1,3160.0,0,0,a,a,No_Promo2
57,2014-04-09,8938,1,0,0,0,420.0,0,0,d,c,No_Promo2
50,2014-04-09,2673,1,0,0,0,6260.0,0,0,d,a,No_Promo2
49,2014-04-09,6335,1,0,0,0,16160.0,0,0,d,c,No_Promo2
1086,2014-04-09,5488,1,0,1,0,180.0,0,0,a,a,"Feb,May,Aug,Nov"
1115,2014-04-09,4531,1,0,1,0,5350.0,0,0,d,c,"Mar,Jun,Sept,Dec"
85,2014-04-10,5259,1,0,0,0,1870.0,0,0,b,a,No_Promo2
71,2014-04-10,7365,1,0,1,0,16160.0,0,0,a,a,"Mar,Jun,Sept,Dec"
102,2014-04-10,5556,1,0,1,0,150.0,0,0,a,a,"Mar,Jun,Sept,Dec"
105,2014-04-10,4245,1,0,1,0,6190.0,0,0,a,c,"Mar,Jun,Sept,Dec"
10,2014-04-10,4584,1,0,0,1,3160.0,0,0,a,a,No_Promo2
57,2014-04-10,10035,1,0,0,0,420.0,0,0,d,c,No_Promo2
50,2014-04-10,2814,1,0,0,0,6260.0,0,0,d,a,No_Promo2
49,2014-04-10,6272,1,0,0,0,16160.0,0,0,d,c,No_Promo2
1086,2014-04-10,5786,1,0,1,0,180.0,0,0,a,a,"Feb,May,Aug,Nov"
1115,2014-04-10,5012,1,0,1,0,5350.0,0,0,d,c,"Mar,Jun,Sept,Dec"
85,2014-04-11,5873,1,0,0,0,1870.0,0,0,b,a,No_Promo2
71,2014-04-11,7674,1,0,1,0,16160.0,0,0,a,a,"Mar,Jun,Sept,Dec"
102,2014-04-11,5245,1,0,1,0,150.0,0,0,a,a,"Mar,Jun,Sept,Dec"
105,2014-04-11,4044,1,0,1,0,6190.0,0,0,a,c,"Mar,Jun,Sept,Dec"
10,2014-04-11,4456,1,0,0,1,3160.0,0,0,a,a,No_Promo2
57,2014-04-11,9922,1,0,0,0,420.0,0,0,d,c,No_Promo2
50,2014-04-11,3072,1,0,0,0,6260.0,0,0,d,a,No_Promo2
49,2014-04-11,6809,1,0,0,0,16160.0,0,0,d,c,No_Promo2
1115,2014-04-11,4883,1,0,1,0,5350.0,0,0,d,c,"Mar,Jun,Sept,Dec"
1086,2014-04-11,5528,1,0,1,0,180.0,0,0,a,a,"Feb,May,Aug,Nov"
85,2014-04-12,5371,1,0,0,0,1870.0,0,0,b,a,No_Promo2
71,2014-04-12,6305,1,0,1,0,16160.0,0,0,a,a,"Mar,Jun,Sept,Dec"
102,2014-04-12,6073,1,0,1,0,150.0,0,0,a,a,"Mar,Jun,Sept,Dec"
105,2014-04-12,3310,1,0,1,0,6190.0,0,0,a,c,"Mar,Jun,Sept,Dec"
10,2014-04-12,4540,1,0,0,1,3160.0,0,0,a,a,No_Promo2
57,2014-04-12,8317,1,0,0,0,420.0,0,0,d,c,No_Promo2
50,2014-04-12,4110,1,0,0,0,6260.0,0,0,d,a,No_Promo2
49,2014-04-12,7014,1,0,0,0,16160.0,0,0,d,c,No_Promo2
1115,2014-04-12,6412,1,0,1,0,5350.0,0,0,d,c,"Mar,Jun,Sept,Dec"
1086,2014-04-12,4966,1,0,1,0,180.0,0,0,a,a,"Feb,May,Aug,Nov"
85,2014-04-13,10568,1,0,0,0,1870.0,0,0,b,a,No_Promo2
71,2014-04-13,0,0,0,1,0,16160.0,0,0,a,a,"Mar,Jun,Sept,Dec"
102,2014-04-13,0,0,0,1,0,150.0,0,0,a,a,"Mar,Jun,Sept,Dec"
105,2014-04-13,0,0,0,1,0,6190.0,0,0,a,c,"Mar,Jun,Sept,Dec"
10,2014-04-13,0,0,0,0,1,3160.0,0,0,a,a,No_Promo2
57,2014-04-13,0,0,0,0,0,420.0,0,0,d,c,No_Promo2
50,2014-04-13,0,0,0,0,0,6260.0,0,0,d,a,No_Promo2
49,2014-04-13,0,0,0,0,0,16160.0,0,0,d,c,No_Promo2
1115,2014-04-13,0,0,0,1,0,5350.0,0,0,d,c,"Mar,Jun,Sept,Dec"
1086,2014-04-13,0,0,0,1,0,180.0,0,0,a,a,"Feb,May,Aug,Nov"
85,2014-04-14,8198,1,1,0,1,1870.0,0,0,b,a,No_Promo2
71,2014-04-14,15915,1,1,1,1,16160.0,0,0,a,a,"Mar,Jun,Sept,Dec"
102,2014-04-14,11758,1,1,1,1,150.0,0,0,a,a,"Mar,Jun,Sept,Dec"
105,2014-04-14,7342,1,1,1,1,6190.0,0,0,a,c,"Mar,Jun,Sept,Dec"
10,2014-04-14,6419,1,1,0,1,3160.0,0,0,a,a,No_Promo2
57,2014-04-14,20710,1,1,0,0,420.0,0,0,d,c,No_Promo2
50,2014-04-14,6381,1,1,0,1,6260.0,0,0,d,a,No_Promo2
49,2014-04-14,10193,1,1,0,1,16160.0,0,0,d,c,No_Promo2
1115,2014-04-14,9842,1,1,1,1,5350.0,0,0,d,c,"Mar,Jun,Sept,Dec"
1086,2014-04-14,14266,1,1,1,1,180.0,0,0,a,a,"Feb,May,Aug,Nov"
85,2014-04-15,7753,1,1,0,1,1870.0,0,0,b,a,No_Promo2
71,2014-04-15,11919,1,1,1,1,16160.0,0,0,a,a,"Mar,Jun,Sept,Dec"
102,2014-04-15,9958,1,1,1,1,150.0,0,0,a,a,"Mar,Jun,Sept,Dec"
105,2014-04-15,5944,1,1,1,1,6190.0,0,0,a,c,"Mar,Jun,Sept,Dec"
10,2014-04-15,6087,1,1,0,1,3160.0,0,0,a,a,No_Promo2
57,2014-04-15,17836,1,1,0,0,420.0,0,0,d,c,No_Promo2
50,2014-04-15,5436,1,1,0,1,6260.0,0,0,d,a,No_Promo2
49,2014-04-15,9910,1,1,0,1,16160.0,0,0,d,c,No_Promo2
1115,2014-04-15,8174,1,1,1,1,5350.0,0,0,d,c,"Mar,Jun,Sept,Dec"
1086,2014-04-15,11330,1,1,1,1,180.0,0,0,a,a,"Feb,May,Aug,Nov"
85,2014-04-16,7655,1,1,0,1,1870.0,0,0,b,a,No_Promo2
71,2014-04-16,10968,1,1,1,1,16160.0,0,0,a,a,"Mar,Jun,Sept,Dec"
102,2014-04-16,10203,1,1,1,1,150.0,0,0,a,a,"Mar,Jun,Sept,Dec"
105,2014-04-16,6000,1,1,1,1,6190.0,0,0,a,c,"Mar,Jun,Sept,Dec"
10,2014-04-16,5629,1,1,0,1,3160.0,0,0,a,a,No_Promo2
57,2014-04-16,17177,1,1,0,0,420.0,0,0,d,c,No_Promo2
50,2014-04-16,4820,1,1,0,1,6260.0,0,0,d,a,No_Promo2
49,2014-04-16,9234,1,1,0,1,16160.0,0,0,d,c,No_Promo2
1086,2014-04-16,11051,1,1,1,1,180.0,0,0,a,a,"Feb,May,Aug,Nov"
1115,2014-04-16,8736,1,1,1,1,5350.0,0,0,d,c,"Mar,Jun,Sept,Dec"
71,2014-04-17,11507,1,1,1,1,16160.0,0,0,a,a,"Mar,Jun,Sept,Dec"
85,2014-04-17,9222,1,1,0,1,1870.0,0,0,b,a,No_Promo2
102,2014-04-17,9122,1,1,1,1,150.0,0,0,a,a,"Mar,Jun,Sept,Dec"
105,2014-04-17,6131,1,1,1,1,6190.0,0,0,a,c,"Mar,Jun,Sept,Dec"
10,2014-04-17,6250,1,1,0,1,3160.0,0,0,a,a,No_Promo2
57,2014-04-17,15894,1,1,0,0,420.0,0,0,d,c,No_Promo2
50,2014-04-17,5024,1,1,0,1,6260.0,0,0,d,a,No_Promo2
49,2014-04-17,10092,1,1,0,1,16160.0,0,0,d,c,No_Promo2
1115,2014-04-17,9265,1,1,1,1,5350.0,0,0,d,c,"Mar,Jun,Sept,Dec"
1086,2014-04-17,9342,1,1,1,1,180.0,0,0,a,a,"Feb,May,Aug,Nov"
85,2014-04-18,12603,1,1,0,1,1870.0,0,b,b,a,No_Promo2
71,2014-04-18,0,0,1,1,1,16160.0,0,b,a,a,"Mar,Jun,Sept,Dec"
102,2014-04-18,0,0,1,1,1,150.0,0,b,a,a,"Mar,Jun,Sept,Dec"
105,2014-04-18,0,0,1,1,1,6190.0,0,b,a,c,"Mar,Jun,Sept,Dec"
10,2014-04-18,0,0,1,0,1,3160.0,0,b,a,a,No_Promo2
57,2014-04-18,0,0,1,0,1,420.0,0,b,d,c,No_Promo2
50,2014-04-18,0,0,1,0,1,6260.0,0,b,d,a,No_Promo2
49,2014-04-18,0,0,1,0,1,16160.0,0,b,d,c,No_Promo2
1086,2014-04-18,0,0,1,1,1,180.0,0,b,a,a,"Feb,May,Aug,Nov"
1115,2014-04-18,0,0,1,1,1,5350.0,0,b,d,c,"Mar,Jun,Sept,Dec"
85,2014-04-19,6417,1,0,0,0,1870.0,0,0,b,a,No_Promo2
71,2014-04-19,8888,1,0,1,0,16160.0,0,0,a,a,"Mar,Jun,Sept,Dec"
102,2014-04-19,7339,1,0,1,0,150.0,0,0,a,a,"Mar,Jun,Sept,Dec"
105,2014-04-19,3884,1,0,1,0,6190.0,0,0,a,c,"Mar,Jun,Sept,Dec"
10,2014-04-19,6187,1,0,0,1,3160.0,0,0,a,a,No_Promo2
57,2014-04-19,13564,1,0,0,0,420.0,0,0,d,c,No_Promo2
50,2014-04-19,4819,1,0,0,0,6260.0,0,0,d,a,No_Promo2
49,2014-04-19,11131,1,0,0,0,16160.0,0,0,d,c,No_Promo2
1115,2014-04-19,8766,1,0,1,1,5350.0,0,0,d,c,"Mar,Jun,Sept,Dec"
1086,2014-04-19,7521,1,0,1,1,180.0,0,0,a,a,"Feb,May,Aug,Nov"
102,2014-04-20,0,0,0,1,0,150.0,0,0,a,a,"Mar,Jun,Sept,Dec"
85,2014-04-20,7716,1,0,0,0,1870.0,0,0,b,a,No_Promo2
71,2014-04-20,0,0,0,1,0,16160.0,0,0,a,a,"Mar,Jun,Sept,Dec"
105,2014-04-20,0,0,0,1,0,6190.0,0,0,a,c,"Mar,Jun,Sept,Dec"
10,2014-04-20,0,0,0,0,1,3160.0,0,0,a,a,No_Promo2
57,2014-04-20,0,0,0,0,0,420.0,0,0,d,c,No_Promo2
49,2014-04-20,0,0,0,0,0,16160.0,0,0,d,c,No_Promo2
50,2014-04-20,0,0,0,0,0,6260.0,0,0,d,a,No_Promo2
1086,2014-04-20,0,0,0,1,1,180.0,0,0,a,a,"Feb,May,Aug,Nov"
1115,2014-04-20,0,0,0,1,1,5350.0,0,0,d,c,"Mar,Jun,Sept,Dec"
71,2014-04-21,0,0,0,1,1,16160.0,0,b,a,a,"Mar,Jun,Sept,Dec"
85,2014-04-21,11476,1,0,0,1,1870.0,0,b,b,a,No_Promo2
102,2014-04-21,0,0,0,1,1,150.0,0,b,a,a,"Mar,Jun,Sept,Dec"
105,2014-04-21,0,0,0,1,1,6190.0,0,b,a,c,"Mar,Jun,Sept,Dec"
10,2014-04-21,0,0,0,0,1,3160.0,0,b,a,a,No_Promo2
57,2014-04-21,0,0,0,0,1,420.0,0,b,d,c,No_Promo2
50,2014-04-21,0,0,0,0,1,6260.0,0,b,d,a,No_Promo2
49,2014-04-21,0,0,0,0,1,16160.0,0,b,d,c,No_Promo2
1086,2014-04-21,0,0,0,1,1,180.0,0,b,a,a,"Feb,May,Aug,Nov"
1115,2014-04-21,0,0,0,1,1,5350.0,0,b,d,c,"Mar,Jun,Sept,Dec"
85,2014-04-22,5546,1,0,0,1,1870.0,0,0,b,a,No_Promo2
71,2014-04-22,7858,1,0,1,1,16160.0,0,0,a,a,"Mar,Jun,Sept,Dec"
102,2014-04-22,6281,1,0,1,1,150.0,0,0,a,a,"Mar,Jun,Sept,Dec"
105,2014-04-22,4087,1,0,1,1,6190.0,0,0,a,c,"Mar,Jun,Sept,Dec"
10,2014-04-22,5969,1,0,0,1,3160.0,0,0,a,a,No_Promo2
57,2014-04-22,10411,1,0,0,1,420.0,0,0,d,c,No_Promo2
50,2014-04-22,3361,1,0,0,1,6260.0,0,0,d,a,No_Promo2
49,2014-04-22,5961,1,0,0,1,16160.0,0,0,d,c,No_Promo2
1086,2014-04-22,5898,1,0,1,1,180.0,0,0,a,a,"Feb,May,Aug,Nov"
1115,2014-04-22,6055,1,0,1,1,5350.0,0,0,d,c,"Mar,Jun,Sept,Dec"
85,2014-04-23,5368,1,0,0,1,1870.0,0,0,b,a,No_Promo2
71,2014-04-23,6733,1,0,1,1,16160.0,0,0,a,a,"Mar,Jun,Sept,Dec"
102,2014-04-23,5754,1,0,1,1,150.0,0,0,a,a,"Mar,Jun,Sept,Dec"
105,2014-04-23,3486,1,0,1,1,6190.0,0,0,a,c,"Mar,Jun,Sept,Dec"
10,2014-04-23,4712,1,0,0,0,3160.0,0,0,a,a,No_Promo2
57,2014-04-23,8061,1,0,0,1,420.0,0,0,d,c,No_Promo2
50,2014-04-23,2610,1,0,0,1,6260.0,0,0,d,a,No_Promo2
49,2014-04-23,5688,1,0,0,1,16160.0,0,0,d,c,No_Promo2
1115,2014-04-23,4372,1,0,1,1,5350.0,0,0,d,c,"Mar,Jun,Sept,Dec"
1086,2014-04-23,5515,1,0,1,1,180.0,0,0,a,a,"Feb,May,Aug,Nov"
85,2014-04-24,5376,1,0,0,1,1870.0,0,0,b,a,No_Promo2
71,2014-04-24,6723,1,0,1,1,16160.0,0,0,a,a,"Mar,Jun,Sept,Dec"
102,2014-04-24,5232,1,0,1,1,150.0,0,0,a,a,"Mar,Jun,Sept,Dec"
105,2014-04-24,3253,1,0,1,1,6190.0,0,0,a,c,"Mar,Jun,Sept,Dec"
10,2014-04-24,4533,1,0,0,0,3160.0,0,0,a,a,No_Promo2
57,2014-04-24,9107,1,0,0,1,420.0,0,0,d,c,No_Promo2
50,2014-04-24,2755,1,0,0,1,6260.0,0,0,d,a,No_Promo2
49,2014-04-24,5177,1,0,0,1,16160.0,0,0,d,c,No_Promo2
1086,2014-04-24,5702,1,0,1,1,180.0,0,0,a,a,"Feb,May,Aug,Nov"
1115,2014-04-24,4077,1,0,1,1,5350.0,0,0,d,c,"Mar,Jun,Sept,Dec"
85,2014-04-25,5619,1,0,0,1,1870.0,0,0,b,a,No_Promo2
71,2014-04-25,6541,1,0,1,1,16160.0,0,0,a,a,"Mar,Jun,Sept,Dec"
102,2014-04-25,5100,1,0,1,1,150.0,0,0,a,a,"Mar,Jun,Sept,Dec"
105,2014-04-25,3369,1,0,1,1,6190.0,0,0,a,c,"Mar,Jun,Sept,Dec"
10,2014-04-25,4936,1,0,0,0,3160.0,0,0,a,a,No_Promo2
57,2014-04-25,8948,1,0,0,1,420.0,0,0,d,c,No_Promo2
50,2014-04-25,3362,1,0,0,1,6260.0,0,0,d,a,No_Promo2
49,2014-04-25,6309,1,0,0,1,16160.0,0,0,d,c,No_Promo2
1115,2014-04-25,4708,1,0,1,1,5350.0,0,0,d,c,"Mar,Jun,Sept,Dec"
1086,2014-04-25,5176,1,0,1,1,180.0,0,0,a,a,"Feb,May,Aug,Nov"
85,2014-04-26,4790,1,0,0,0,1870.0,0,0,b,a,No_Promo2
71,2014-04-26,6594,1,0,1,0,16160.0,0,0,a,a,"Mar,Jun,Sept,Dec"
102,2014-04-26,5401,1,0,1,0,150.0,0,0,a,a,"Mar,Jun,Sept,Dec"
105,2014-04-26,3063,1,0,1,0,6190.0,0,0,a,c,"Mar,Jun,Sept,Dec"
10,2014-04-26,4804,1,0,0,0,3160.0,0,0,a,a,No_Promo2
57,2014-04-26,7547,1,0,0,0,420.0,0,0,d,c,No_Promo2
50,2014-04-26,4383,1,0,0,0,6260.0,0,0,d,a,No_Promo2
49,2014-04-26,6301,1,0,0,0,16160.0,0,0,d,c,No_Promo2
1115,2014-04-26,6553,1,0,1,0,5350.0,0,0,d,c,"Mar,Jun,Sept,Dec"
1086,2014-04-26,4328,1,0,1,0,180.0,0,0,a,a,"Feb,May,Aug,Nov"
85,2014-04-27,10874,1,0,0,0,1870.0,0,0,b,a,No_Promo2
71,2014-04-27,0,0,0,1,0,16160.0,0,0,a,a,"Mar,Jun,Sept,Dec"
102,2014-04-27,0,0,0,1,0,150.0,0,0,a,a,"Mar,Jun,Sept,Dec"
105,2014-04-27,0,0,0,1,0,6190.0,0,0,a,c,"Mar,Jun,Sept,Dec"
10,2014-04-27,0,0,0,0,0,3160.0,0,0,a,a,No_Promo2
57,2014-04-27,0,0,0,0,0,420.0,0,0,d,c,No_Promo2
50,2014-04-27,0,0,0,0,0,6260.0,0,0,d,a,No_Promo2
49,2014-04-27,0,0,0,0,0,16160.0,0,0,d,c,No_Promo2
1115,2014-04-27,0,0,0,1,0,5350.0,0,0,d,c,"Mar,Jun,Sept,Dec"
1086,2014-04-27,0,0,0,1,0,180.0,0,0,a,a,"Feb,May,Aug,Nov"
85,2014-04-28,8902,1,1,0,0,1870.0,0,0,b,a,No_Promo2
71,2014-04-28,13565,1,1,1,0,16160.0,0,0,a,a,"Mar,Jun,Sept,Dec"
102,2014-04-28,10929,1,1,1,0,150.0,0,0,a,a,"Mar,Jun,Sept,Dec"
105,2014-04-28,7283,1,1,1,0,6190.0,0,0,a,c,"Mar,Jun,Sept,Dec"
10,2014-04-28,7910,1,1,0,0,3160.0,0,0,a,a,No_Promo2
57,2014-04-28,18434,1,1,0,0,420.0,0,0,d,c,No_Promo2
50,2014-04-28,6392,1,1,0,0,6260.0,0,0,d,a,No_Promo2
49,2014-04-28,8895,1,1,0,0,16160.0,0,0,d,c,No_Promo2
1115,2014-04-28,8585,1,1,1,0,5350.0,0,0,d,c,"Mar,Jun,Sept,Dec"
1086,2014-04-28,13579,1,1,1,0,180.0,0,0,a,a,"Feb,May,Aug,Nov"
85,2014-04-29,7218,1,1,0,0,1870.0,0,0,b,a,No_Promo2
71,2014-04-29,11487,1,1,1,0,16160.0,0,0,a,a,"Mar,Jun,Sept,Dec"
102,2014-04-29,8480,1,1,1,0,150.0,0,0,a,a,"Mar,Jun,Sept,Dec"
105,2014-04-29,5476,1,1,1,0,6190.0,0,0,a,c,"Mar,Jun,Sept,Dec"
10,2014-04-29,6685,1,1,0,0,3160.0,0,0,a,a,No_Promo2
57,2014-04-29,14979,1,1,0,0,420.0,0,0,d,c,No_Promo2
50,2014-04-29,5271,1,1,0,0,6260.0,0,0,d,a,No_Promo2
49,2014-04-29,9450,1,1,0,0,16160.0,0,0,d,c,No_Promo2
1115,2014-04-29,7364,1,1,1,0,5350.0,0,0,d,c,"Mar,Jun,Sept,Dec"
1086,2014-04-29,10447,1,1,1,0,180.0,0,0,a,a,"Feb,May,Aug,Nov"
71,2014-04-30,12182,1,1,1,0,16160.0,0,0,a,a,"Mar,Jun,Sept,Dec"
85,2014-04-30,9281,1,1,0,0,1870.0,0,0,b,a,No_Promo2
102,2014-04-30,12885,1,1,1,0,150.0,0,0,a,a,"Mar,Jun,Sept,Dec"
105,2014-04-30,5845,1,1,1,0,6190.0,0,0,a,c,"Mar,Jun,Sept,Dec"
10,2014-04-30,7006,1,1,0,0,3160.0,0,0,a,a,No_Promo2
57,2014-04-30,16661,1,1,0,0,420.0,0,0,d,c,No_Promo2
50,2014-04-30,6209,1,1,0,0,6260.0,0,0,d,a,No_Promo2
49,2014-04-30,8981,1,1,0,0,16160.0,0,0,d,c,No_Promo2
1115,2014-04-30,8591,1,1,1,0,5350.0,0,0,d,c,"Mar,Jun,Sept,Dec"
1086,2014-04-30,11259,1,1,1,0,180.0,0,0,a,a,"Feb,May,Aug,Nov"
85,2014-05-01,11656,1,1,0,0,1870.0,0,a,b,a,No_Promo2
71,2014-05-01,0,0,1,1,0,16160.0,0,a,a,a,"Mar,Jun,Sept,Dec"
102,2014-05-01,0,0,1,1,0,150.0,0,a,a,a,"Mar,Jun,Sept,Dec"
105,2014-05-01,0,0,1,1,0,6190.0,0,a,a,c,"Mar,Jun,Sept,Dec"
10,2014-05-01,0,0,1,0,0,3160.0,0,a,a,a,No_Promo2
57,2014-05-01,0,0,1,0,0,420.0,0,a,d,c,No_Promo2
50,2014-05-01,0,0,1,0,0,6260.0,0,a,d,a,No_Promo2
49,2014-05-01,0,0,1,0,0,16160.0,0,a,d,c,No_Promo2
1086,2014-05-01,0,0,1,1,0,180.0,0,a,a,a,"Feb,May,Aug,Nov"
1115,2014-05-01,0,0,1,1,0,5350.0,0,a,d,c,"Mar,Jun,Sept,Dec"
85,2014-05-02,8351,1,1,0,1,1870.0,0,0,b,a,No_Promo2
71,2014-05-02,15242,1,1,1,0,16160.0,0,0,a,a,"Mar,Jun,Sept,Dec"
102,2014-05-02,12497,1,1,1,0,150.0,0,0,a,a,"Mar,Jun,Sept,Dec"
105,2014-05-02,7078,1,1,1,0,6190.0,0,0,a,c,"Mar,Jun,Sept,Dec"
10,2014-05-02,8145,1,1,0,1,3160.0,0,0,a,a,No_Promo2
57,2014-05-02,16958,1,1,0,0,420.0,0,0,d,c,No_Promo2
50,2014-05-02,6083,1,1,0,0,6260.0,0,0,d,a,No_Promo2
49,2014-05-02,9553,1,1,0,0,16160.0,0,0,d,c,No_Promo2
1086,2014-05-02,9708,1,1,1,0,180.0,0,0,a,a,"Feb,May,Aug,Nov"
1115,2014-05-02,9600,1,1,1,0,5350.0,0,0,d,c,"Mar,Jun,Sept,Dec"
85,2014-05-03,5885,1,0,0,0,1870.0,0,0,b,a,No_Promo2
71,2014-05-03,7183,1,0,1,0,16160.0,0,0,a,a,"Mar,Jun,Sept,Dec"
102,2014-05-03,7451,1,0,1,0,150.0,0,0,a,a,"Mar,Jun,Sept,Dec"
105,2014-05-03,3294,1,0,1,0,6190.0,0,0,a,c,"Mar,Jun,Sept,Dec"
10,2014-05-03,5116,1,0,0,0,3160.0,0,0,a,a,No_Promo2
57,2014-05-03,8429,1,0,0,0,420.0,0,0,d,c,No_Promo2
50,2014-05-03,4282,1,0,0,0,6260.0,0,0,d,a,No_Promo2
49,2014-05-03,7449,1,0,0,0,16160.0,0,0,d,c,No_Promo2
1115,2014-05-03,6837,1,0,1,0,5350.0,0,0,d,c,"Mar,Jun,Sept,Dec"
1086,2014-05-03,5730,1,0,1,0,180.0,0,0,a,a,"Feb,May,Aug,Nov"
85,2014-05-04,8298,1,0,0,0,1870.0,0,0,b,a,No_Promo2
71,2014-05-04,0,0,0,1,0,16160.0,0,0,a,a,"Mar,Jun,Sept,Dec"
102,2014-05-04,0,0,0,1,0,150.0,0,0,a,a,"Mar,Jun,Sept,Dec"
105,2014-05-04,0,0,0,1,0,6190.0,0,0,a,c,"Mar,Jun,Sept,Dec"
10,2014-05-04,0,0,0,0,0,3160.0,0,0,a,a,No_Promo2
57,2014-05-04,0,0,0,0,0,420.0,0,0,d,c,No_Promo2
50,2014-05-04,0,0,0,0,0,6260.0,0,0,d,a,No_Promo2
49,2014-05-04,0,0,0,0,0,16160.0,0,0,d,c,No_Promo2
1086,2014-05-04,0,0,0,1,0,180.0,0,0,a,a,"Feb,May,Aug,Nov"
1115,2014-05-04,0,0,0,1,0,5350.0,0,0,d,c,"Mar,Jun,Sept,Dec"
85,2014-05-05,9165,1,1,0,0,1870.0,0,0,b,a,No_Promo2
71,2014-05-05,13459,1,1,1,0,16160.0,0,0,a,a,"Mar,Jun,Sept,Dec"
102,2014-05-05,11670,1,1,1,0,150.0,0,0,a,a,"Mar,Jun,Sept,Dec"
105,2014-05-05,6860,1,1,1,0,6190.0,0,0,a,c,"Mar,Jun,Sept,Dec"
10,2014-05-05,7714,1,1,0,0,3160.0,0,0,a,a,No_Promo2
57,2014-05-05,18487,1,1,0,0,420.0,0,0,d,c,No_Promo2
50,2014-05-05,6039,1,1,0,0,6260.0,0,0,d,a,No_Promo2
49,2014-05-05,9158,1,1,0,0,16160.0,0,0,d,c,No_Promo2
1086,2014-05-05,13531,1,1,1,0,180.0,0,0,a,a,"Feb,May,Aug,Nov"
1115,2014-05-05,8091,1,1,1,0,5350.0,0,0,d,c,"Mar,Jun,Sept,Dec"
85,2014-05-06,7453,1,1,0,0,1870.0,0,0,b,a,No_Promo2
71,2014-05-06,11493,1,1,1,0,16160.0,0,0,a,a,"Mar,Jun,Sept,Dec"
102,2014-05-06,9339,1,1,1,0,150.0,0,0,a,a,"Mar,Jun,Sept,Dec"
105,2014-05-06,5921,1,1,1,0,6190.0,0,0,a,c,"Mar,Jun,Sept,Dec"
10,2014-05-06,6837,1,1,0,0,3160.0,0,0,a,a,No_Promo2
57,2014-05-06,13811,1,1,0,0,420.0,0,0,d,c,No_Promo2
50,2014-05-06,4838,1,1,0,0,6260.0,0,0,d,a,No_Promo2
49,2014-05-06,8154,1,1,0,0,16160.0,0,0,d,c,No_Promo2
1115,2014-05-06,7107,1,1,1,0,5350.0,0,0,d,c,"Mar,Jun,Sept,Dec"
1086,2014-05-06,10715,1,1,1,0,180.0,0,0,a,a,"Feb,May,Aug,Nov"
85,2014-05-07,7044,1,1,0,0,1870.0,0,0,b,a,No_Promo2
71,2014-05-07,10196,1,1,1,0,16160.0,0,0,a,a,"Mar,Jun,Sept,Dec"
102,2014-05-07,8344,1,1,1,0,150.0,0,0,a,a,"Mar,Jun,Sept,Dec"
105,2014-05-07,5642,1,1,1,0,6190.0,0,0,a,c,"Mar,Jun,Sept,Dec"
10,2014-05-07,6372,1,1,0,0,3160.0,0,0,a,a,No_Promo2
57,2014-05-07,13278,1,1,0,0,420.0,0,0,d,c,No_Promo2
50,2014-05-07,4930,1,1,0,0,6260.0,0,0,d,a,No_Promo2
49,2014-05-07,8153,1,1,0,0,16160.0,0,0,d,c,No_Promo2
1115,2014-05-07,6743,1,1,1,0,5350.0,0,0,d,c,"Mar,Jun,Sept,Dec"
1086,2014-05-07,9530,1,1,1,0,180.0,0,0,a,a,"Feb,May,Aug,Nov"
85,2014-05-08,6274,1,1,0,0,1870.0,0,0,b,a,No_Promo2
71,2014-05-08,9282,1,1,1,0,16160.0,0,0,a,a,"Mar,Jun,Sept,Dec"
102,2014-05-08,7646,1,1,1,0,150.0,0,0,a,a,"Mar,Jun,Sept,Dec"
105,2014-05-08,5475,1,1,1,0,6190.0,0,0,a,c,"Mar,Jun,Sept,Dec"
10,2014-05-08,6279,1,1,0,0,3160.0,0,0,a,a,No_Promo2
57,2014-05-08,13761,1,1,0,0,420.0,0,0,d,c,No_Promo2
50,2014-05-08,4213,1,1,0,0,6260.0,0,0,d,a,No_Promo2
49,2014-05-08,6999,1,1,0,0,16160.0,0,0,d,c,No_Promo2
1115,2014-05-08,6727,1,1,1,0,5350.0,0,0,d,c,"Mar,Jun,Sept,Dec"
1086,2014-05-08,9599,1,1,1,0,180.0,0,0,a,a,"Feb,May,Aug,Nov"
85,2014-05-09,7179,1,1,0,0,1870.0,0,0,b,a,No_Promo2
71,2014-05-09,11218,1,1,1,0,16160.0,0,0,a,a,"Mar,Jun,Sept,Dec"
102,2014-05-09,7646,1,1,1,0,150.0,0,0,a,a,"Mar,Jun,Sept,Dec"
105,2014-05-09,6123,1,1,1,0,6190.0,0,0,a,c,"Mar,Jun,Sept,Dec"
10,2014-05-09,6547,1,1,0,0,3160.0,0,0,a,a,No_Promo2
57,2014-05-09,13148,1,1,0,0,420.0,0,0,d,c,No_Promo2
50,2014-05-09,5063,1,1,0,0,6260.0,0,0,d,a,No_Promo2
49,2014-05-09,8659,1,1,0,0,16160.0,0,0,d,c,No_Promo2
1086,2014-05-09,9148,1,1,1,0,180.0,0,0,a,a,"Feb,May,Aug,Nov"
1115,2014-05-09,7165,1,1,1,0,5350.0,0,0,d,c,"Mar,Jun,Sept,Dec"
85,2014-05-10,5171,1,0,0,0,1870.0,0,0,b,a,No_Promo2
71,2014-05-10,7832,1,0,1,0,16160.0,0,0,a,a,"Mar,Jun,Sept,Dec"
102,2014-05-10,6612,1,0,1,0,150.0,0,0,a,a,"Mar,Jun,Sept,Dec"
105,2014-05-10,3771,1,0,1,0,6190.0,0,0,a,c,"Mar,Jun,Sept,Dec"
10,2014-05-10,4632,1,0,0,0,3160.0,0,0,a,a,No_Promo2
57,2014-05-10,9133,1,0,0,0,420.0,0,0,d,c,No_Promo2
50,2014-05-10,4489,1,0,0,0,6260.0,0,0,d,a,No_Promo2
49,2014-05-10,8650,1,0,0,0,16160.0,0,0,d,c,No_Promo2
1115,2014-05-10,7446,1,0,1,0,5350.0,0,0,d,c,"Mar,Jun,Sept,Dec"
1086,2014-05-10,5534,1,0,1,0,180.0,0,0,a,a,"Feb,May,Aug,Nov"
85,2014-05-11,11528,1,0,0,0,1870.0,0,0,b,a,No_Promo2
71,2014-05-11,0,0,0,1,0,16160.0,0,0,a,a,"Mar,Jun,Sept,Dec"
102,2014-05-11,0,0,0,1,0,150.0,0,0,a,a,"Mar,Jun,Sept,Dec"
105,2014-05-11,0,0,0,1,0,6190.0,0,0,a,c,"Mar,Jun,Sept,Dec"
10,2014-05-11,0,0,0,0,0,3160.0,0,0,a,a,No_Promo2
57,2014-05-11,0,0,0,0,0,420.0,0,0,d,c,No_Promo2
50,2014-05-11,0,0,0,0,0,6260.0,0,0,d,a,No_Promo2
49,2014-05-11,0,0,0,0,0,16160.0,0,0,d,c,No_Promo2
1115,2014-05-11,0,0,0,1,0,5350.0,0,0,d,c,"Mar,Jun,Sept,Dec"
1086,2014-05-11,0,0,0,1,0,180.0,0,0,a,a,"Feb,May,Aug,Nov"
85,2014-05-12,5613,1,0,0,0,1870.0,0,0,b,a,No_Promo2
71,2014-05-12,6245,1,0,1,0,16160.0,0,0,a,a,"Mar,Jun,Sept,Dec"
102,2014-05-12,5941,1,0,1,0,150.0,0,0,a,a,"Mar,Jun,Sept,Dec"
105,2014-05-12,3818,1,0,1,0,6190.0,0,0,a,c,"Mar,Jun,Sept,Dec"
10,2014-05-12,4404,1,0,0,0,3160.0,0,0,a,a,No_Promo2
57,2014-05-12,9035,1,0,0,0,420.0,0,0,d,c,No_Promo2
50,2014-05-12,2888,1,0,0,0,6260.0,0,0,d,a,No_Promo2
49,2014-05-12,5344,1,0,0,0,16160.0,0,0,d,c,No_Promo2
1115,2014-05-12,4150,1,0,1,0,5350.0,0,0,d,c,"Mar,Jun,Sept,Dec"
1086,2014-05-12,5652,1,0,1,0,180.0,0,0,a,a,"Feb,May,Aug,Nov"
85,2014-05-13,5150,1,0,0,0,1870.0,0,0,b,a,No_Promo2
71,2014-05-13,6865,1,0,1,0,16160.0,0,0,a,a,"Mar,Jun,Sept,Dec"
102,2014-05-13,5342,1,0,1,0,150.0,0,0,a,a,"Mar,Jun,Sept,Dec"
105,2014-05-13,4092,1,0,1,0,6190.0,0,0,a,c,"Mar,Jun,Sept,Dec"
10,2014-05-13,5471,1,0,0,0,3160.0,0,0,a,a,No_Promo2
57,2014-05-13,8765,1,0,0,0,420.0,0,0,d,c,No_Promo2
50,2014-05-13,2591,1,0,0,0,6260.0,0,0,d,a,No_Promo2
49,2014-05-13,6213,1,0,0,0,16160.0,0,0,d,c,No_Promo2
1115,2014-05-13,4253,1,0,1,0,5350.0,0,0,d,c,"Mar,Jun,Sept,Dec"
1086,2014-05-13,5806,1,0,1,0,180.0,0,0,a,a,"Feb,May,Aug,Nov"
85,2014-05-14,5495,1,0,0,0,1870.0,0,0,b,a,No_Promo2
71,2014-05-14,6897,1,0,1,0,16160.0,0,0,a,a,"Mar,Jun,Sept,Dec"
102,2014-05-14,5448,1,0,1,0,150.0,0,0,a,a,"Mar,Jun,Sept,Dec"
105,2014-05-14,4000,1,0,1,0,6190.0,0,0,a,c,"Mar,Jun,Sept,Dec"
10,2014-05-14,5002,1,0,0,0,3160.0,0,0,a,a,No_Promo2
57,2014-05-14,9135,1,0,0,0,420.0,0,0,d,c,No_Promo2
50,2014-05-14,2850,1,0,0,0,6260.0,0,0,d,a,No_Promo2
49,2014-05-14,6080,1,0,0,0,16160.0,0,0,d,c,No_Promo2
1115,2014-05-14,4107,1,0,1,0,5350.0,0,0,d,c,"Mar,Jun,Sept,Dec"
1086,2014-05-14,5042,1,0,1,0,180.0,0,0,a,a,"Feb,May,Aug,Nov"
85,2014-05-15,5239,1,0,0,0,1870.0,0,0,b,a,No_Promo2
71,2014-05-15,6891,1,0,1,0,16160.0,0,0,a,a,"Mar,Jun,Sept,Dec"
102,2014-05-15,5749,1,0,1,0,150.0,0,0,a,a,"Mar,Jun,Sept,Dec"
105,2014-05-15,3967,1,0,1,0,6190.0,0,0,a,c,"Mar,Jun,Sept,Dec"
10,2014-05-15,4677,1,0,0,0,3160.0,0,0,a,a,No_Promo2
57,2014-05-15,9665,1,0,0,0,420.0,0,0,d,c,No_Promo2
50,2014-05-15,3472,1,0,0,0,6260.0,0,0,d,a,No_Promo2
49,2014-05-15,5476,1,0,0,0,16160.0,0,0,d,c,No_Promo2
1115,2014-05-15,4582,1,0,1,0,5350.0,0,0,d,c,"Mar,Jun,Sept,Dec"
1086,2014-05-15,5622,1,0,1,0,180.0,0,0,a,a,"Feb,May,Aug,Nov"
71,2014-05-16,7746,1,0,1,0,16160.0,0,0,a,a,"Mar,Jun,Sept,Dec"
85,2014-05-16,5712,1,0,0,0,1870.0,0,0,b,a,No_Promo2
102,2014-05-16,5535,1,0,1,0,150.0,0,0,a,a,"Mar,Jun,Sept,Dec"
105,2014-05-16,4299,1,0,1,0,6190.0,0,0,a,c,"Mar,Jun,Sept,Dec"
10,2014-05-16,5023,1,0,0,0,3160.0,0,0,a,a,No_Promo2
57,2014-05-16,9677,1,0,0,0,420.0,0,0,d,c,No_Promo2
50,2014-05-16,2871,1,0,0,0,6260.0,0,0,d,a,No_Promo2
49,2014-05-16,6243,1,0,0,0,16160.0,0,0,d,c,No_Promo2
1115,2014-05-16,4728,1,0,1,0,5350.0,0,0,d,c,"Mar,Jun,Sept,Dec"
1086,2014-05-16,5547,1,0,1,0,180.0,0,0,a,a,"Feb,May,Aug,Nov"
85,2014-05-17,5523,1,0,0,0,1870.0,0,0,b,a,No_Promo2
71,2014-05-17,6381,1,0,1,0,16160.0,0,0,a,a,"Mar,Jun,Sept,Dec"
102,2014-05-17,5953,1,0,1,0,150.0,0,0,a,a,"Mar,Jun,Sept,Dec"
105,2014-05-17,2757,1,0,1,0,6190.0,0,0,a,c,"Mar,Jun,Sept,Dec"
10,2014-05-17,4608,1,0,0,0,3160.0,0,0,a,a,No_Promo2
57,2014-05-17,8684,1,0,0,0,420.0,0,0,d,c,No_Promo2
50,2014-05-17,3823,1,0,0,0,6260.0,0,0,d,a,No_Promo2
49,2014-05-17,6731,1,0,0,0,16160.0,0,0,d,c,No_Promo2
1086,2014-05-17,4579,1,0,1,0,180.0,0,0,a,a,"Feb,May,Aug,Nov"
1115,2014-05-17,5720,1,0,1,0,5350.0,0,0,d,c,"Mar,Jun,Sept,Dec"
85,2014-05-18,10400,1,0,0,0,1870.0,0,0,b,a,No_Promo2
71,2014-05-18,0,0,0,1,0,16160.0,0,0,a,a,"Mar,Jun,Sept,Dec"
102,2014-05-18,0,0,0,1,0,150.0,0,0,a,a,"Mar,Jun,Sept,Dec"
105,2014-05-18,0,0,0,1,0,6190.0,0,0,a,c,"Mar,Jun,Sept,Dec"
10,2014-05-18,0,0,0,0,0,3160.0,0,0,a,a,No_Promo2
57,2014-05-18,0,0,0,0,0,420.0,0,0,d,c,No_Promo2
50,2014-05-18,0,0,0,0,0,6260.0,0,0,d,a,No_Promo2
49,2014-05-18,0,0,0,0,0,16160.0,0,0,d,c,No_Promo2
1115,2014-05-18,0,0,0,1,0,5350.0,0,0,d,c,"Mar,Jun,Sept,Dec"
1086,2014-05-18,0,0,0,1,0,180.0,0,0,a,a,"Feb,May,Aug,Nov"
102,2014-05-19,10974,1,1,1,0,150.0,0,0,a,a,"Mar,Jun,Sept,Dec"
85,2014-05-19,8599,1,1,0,0,1870.0,0,0,b,a,No_Promo2
71,2014-05-19,13231,1,1,1,0,16160.0,0,0,a,a,"Mar,Jun,Sept,Dec"
105,2014-05-19,6284,1,1,1,0,6190.0,0,0,a,c,"Mar,Jun,Sept,Dec"
10,2014-05-19,7880,1,1,0,0,3160.0,0,0,a,a,No_Promo2
57,2014-05-19,16085,1,1,0,0,420.0,0,0,d,c,No_Promo2
49,2014-05-19,8267,1,1,0,0,16160.0,0,0,d,c,No_Promo2
50,2014-05-19,5368,1,1,0,0,6260.0,0,0,d,a,No_Promo2
1086,2014-05-19,11113,1,1,1,0,180.0,0,0,a,a,"Feb,May,Aug,Nov"
1115,2014-05-19,8983,1,1,1,0,5350.0,0,0,d,c,"Mar,Jun,Sept,Dec"
71,2014-05-20,10413,1,1,1,0,16160.0,0,0,a,a,"Mar,Jun,Sept,Dec"
85,2014-05-20,6471,1,1,0,0,1870.0,0,0,b,a,No_Promo2
102,2014-05-20,9007,1,1,1,0,150.0,0,0,a,a,"Mar,Jun,Sept,Dec"
105,2014-05-20,5204,1,1,1,0,6190.0,0,0,a,c,"Mar,Jun,Sept,Dec"
10,2014-05-20,6611,1,1,0,0,3160.0,0,0,a,a,No_Promo2
57,2014-05-20,12461,1,1,0,0,420.0,0,0,d,c,No_Promo2
50,2014-05-20,4162,1,1,0,0,6260.0,0,0,d,a,No_Promo2
49,2014-05-20,7549,1,1,0,0,16160.0,0,0,d,c,No_Promo2
1086,2014-05-20,9153,1,1,1,0,180.0,0,0,a,a,"Feb,May,Aug,Nov"
1115,2014-05-20,6786,1,1,1,0,5350.0,0,0,d,c,"Mar,Jun,Sept,Dec"
85,2014-05-21,6450,1,1,0,0,1870.0,0,0,b,a,No_Promo2
71,2014-05-21,9867,1,1,1,0,16160.0,0,0,a,a,"Mar,Jun,Sept,Dec"
102,2014-05-21,7612,1,1,1,0,150.0,0,0,a,a,"Mar,Jun,Sept,Dec"
105,2014-05-21,5237,1,1,1,0,6190.0,0,0,a,c,"Mar,Jun,Sept,Dec"
10,2014-05-21,5724,1,1,0,0,3160.0,0,0,a,a,No_Promo2
57,2014-05-21,11603,1,1,0,0,420.0,0,0,d,c,No_Promo2
50,2014-05-21,4493,1,1,0,0,6260.0,0,0,d,a,No_Promo2
49,2014-05-21,8131,1,1,0,0,16160.0,0,0,d,c,No_Promo2
1086,2014-05-21,8678,1,1,1,0,180.0,0,0,a,a,"Feb,May,Aug,Nov"
1115,2014-05-21,5982,1,1,1,0,5350.0,0,0,d,c,"Mar,Jun,Sept,Dec"
71,2014-05-22,10303,1,1,1,0,16160.0,0,0,a,a,"Mar,Jun,Sept,Dec"
85,2014-05-22,7046,1,1,0,0,1870.0,0,0,b,a,No_Promo2
102,2014-05-22,6578,1,1,1,0,150.0,0,0,a,a,"Mar,Jun,Sept,Dec"
105,2014-05-22,4883,1,1,1,0,6190.0,0,0,a,c,"Mar,Jun,Sept,Dec"
10,2014-05-22,5448,1,1,0,0,3160.0,0,0,a,a,No_Promo2
57,2014-05-22,10737,1,1,0,0,420.0,0,0,d,c,No_Promo2
50,2014-05-22,4436,1,1,0,0,6260.0,0,0,d,a,No_Promo2
49,2014-05-22,6307,1,1,0,0,16160.0,0,0,d,c,No_Promo2
1115,2014-05-22,5267,1,1,1,0,5350.0,0,0,d,c,"Mar,Jun,Sept,Dec"
1086,2014-05-22,7761,1,1,1,0,180.0,0,0,a,a,"Feb,May,Aug,Nov"
85,2014-05-23,7148,1,1,0,0,1870.0,0,0,b,a,No_Promo2
71,2014-05-23,10399,1,1,1,0,16160.0,0,0,a,a,"Mar,Jun,Sept,Dec"
102,2014-05-23,7767,1,1,1,0,150.0,0,0,a,a,"Mar,Jun,Sept,Dec"
105,2014-05-23,5848,1,1,1,0,6190.0,0,0,a,c,"Mar,Jun,Sept,Dec"
10,2014-05-23,5890,1,1,0,0,3160.0,0,0,a,a,No_Promo2
57,2014-05-23,12035,1,1,0,0,420.0,0,0,d,c,No_Promo2
50,2014-05-23,4545,1,1,0,0,6260.0,0,0,d,a,No_Promo2
49,2014-05-23,7999,1,1,0,0,16160.0,0,0,d,c,No_Promo2
1086,2014-05-23,8228,1,1,1,0,180.0,0,0,a,a,"Feb,May,Aug,Nov"
1115,2014-05-23,7596,1,1,1,0,5350.0,0,0,d,c,"Mar,Jun,Sept,Dec"
85,2014-05-24,5741,1,0,0,0,1870.0,0,0,b,a,No_Promo2
71,2014-05-24,7105,1,0,1,0,16160.0,0,0,a,a,"Mar,Jun,Sept,Dec"
102,2014-05-24,5337,1,0,1,0,150.0,0,0,a,a,"Mar,Jun,Sept,Dec"
105,2014-05-24,3101,1,0,1,0,6190.0,0,0,a,c,"Mar,Jun,Sept,Dec"
10,2014-05-24,5034,1,0,0,0,3160.0,0,0,a,a,No_Promo2
57,2014-05-24,7399,1,0,0,0,420.0,0,0,d,c,No_Promo2
50,2014-05-24,4291,1,0,0,0,6260.0,0,0,d,a,No_Promo2
49,2014-05-24,8117,1,0,0,0,16160.0,0,0,d,c,No_Promo2
1086,2014-05-24,4782,1,0,1,0,180.0,0,0,a,a,"Feb,May,Aug,Nov"
1115,2014-05-24,7154,1,0,1,0,5350.0,0,0,d,c,"Mar,Jun,Sept,Dec"
85,2014-05-25,11655,1,0,0,0,1870.0,0,0,b,a,No_Promo2
71,2014-05-25,0,0,0,1,0,16160.0,0,0,a,a,"Mar,Jun,Sept,Dec"
102,2014-05-25,0,0,0,1,0,150.0,0,0,a,a,"Mar,Jun,Sept,Dec"
105,2014-05-25,0,0,0,1,0,6190.0,0,0,a,c,"Mar,Jun,Sept,Dec"
10,2014-05-25,0,0,0,0,0,3160.0,0,0,a,a,No_Promo2
57,2014-05-25,0,0,0,0,0,420.0,0,0,d,c,No_Promo2
50,2014-05-25,0,0,0,0,0,6260.0,0,0,d,a,No_Promo2
49,2014-05-25,0,0,0,0,0,16160.0,0,0,d,c,No_Promo2
1115,2014-05-25,0,0,0,1,0,5350.0,0,0,d,c,"Mar,Jun,Sept,Dec"
1086,2014-05-25,0,0,0,1,0,180.0,0,0,a,a,"Feb,May,Aug,Nov"
85,2014-05-26,6475,1,0,0,0,1870.0,0,0,b,a,No_Promo2
71,2014-05-26,6588,1,0,1,0,16160.0,0,0,a,a,"Mar,Jun,Sept,Dec"
102,2014-05-26,5508,1,0,1,0,150.0,0,0,a,a,"Mar,Jun,Sept,Dec"
105,2014-05-26,4563,1,0,1,0,6190.0,0,0,a,c,"Mar,Jun,Sept,Dec"
10,2014-05-26,6172,1,0,0,0,3160.0,0,0,a,a,No_Promo2
57,2014-05-26,9164,1,0,0,0,420.0,0,0,d,c,No_Promo2
50,2014-05-26,3281,1,0,0,0,6260.0,0,0,d,a,No_Promo2
49,2014-05-26,5777,1,0,0,0,16160.0,0,0,d,c,No_Promo2
1115,2014-05-26,4654,1,0,1,0,5350.0,0,0,d,c,"Mar,Jun,Sept,Dec"
1086,2014-05-26,5175,1,0,1,0,180.0,0,0,a,a,"Feb,May,Aug,Nov"
85,2014-05-27,6057,1,0,0,0,1870.0,0,0,b,a,No_Promo2
71,2014-05-27,7609,1,0,1,0,16160.0,0,0,a,a,"Mar,Jun,Sept,Dec"
102,2014-05-27,5358,1,0,1,0,150.0,0,0,a,a,"Mar,Jun,Sept,Dec"
105,2014-05-27,4423,1,0,1,0,6190.0,0,0,a,c,"Mar,Jun,Sept,Dec"
10,2014-05-27,5303,1,0,0,0,3160.0,0,0,a,a,No_Promo2
57,2014-05-27,9397,1,0,0,0,420.0,0,0,d,c,No_Promo2
50,2014-05-27,3542,1,0,0,0,6260.0,0,0,d,a,No_Promo2
49,2014-05-27,6810,1,0,0,0,16160.0,0,0,d,c,No_Promo2
1115,2014-05-27,4861,1,0,1,0,5350.0,0,0,d,c,"Mar,Jun,Sept,Dec"
1086,2014-05-27,5322,1,0,1,0,180.0,0,0,a,a,"Feb,May,Aug,Nov"
85,2014-05-28,7429,1,0,0,0,1870.0,0,0,b,a,No_Promo2
71,2014-05-28,9027,1,0,1,0,16160.0,0,0,a,a,"Mar,Jun,Sept,Dec"
102,2014-05-28,6824,1,0,1,0,150.0,0,0,a,a,"Mar,Jun,Sept,Dec"
105,2014-05-28,5594,1,0,1,0,6190.0,0,0,a,c,"Mar,Jun,Sept,Dec"
10,2014-05-28,5230,1,0,0,0,3160.0,0,0,a,a,No_Promo2
57,2014-05-28,11764,1,0,0,0,420.0,0,0,d,c,No_Promo2
50,2014-05-28,4061,1,0,0,0,6260.0,0,0,d,a,No_Promo2
49,2014-05-28,8674,1,0,0,0,16160.0,0,0,d,c,No_Promo2
1115,2014-05-28,7513,1,0,1,0,5350.0,0,0,d,c,"Mar,Jun,Sept,Dec"
1086,2014-05-28,6049,1,0,1,0,180.0,0,0,a,a,"Feb,May,Aug,Nov"
85,2014-05-29,14415,1,0,0,0,1870.0,0,a,b,a,No_Promo2
71,2014-05-29,0,0,0,1,0,16160.0,0,a,a,a,"Mar,Jun,Sept,Dec"
102,2014-05-29,0,0,0,1,0,150.0,0,a,a,a,"Mar,Jun,Sept,Dec"
105,2014-05-29,0,0,0,1,0,6190.0,0,a,a,c,"Mar,Jun,Sept,Dec"
10,2014-05-29,0,0,0,0,0,3160.0,0,a,a,a,No_Promo2
57,2014-05-29,0,0,0,0,0,420.0,0,a,d,c,No_Promo2
50,2014-05-29,0,0,0,0,0,6260.0,0,a,d,a,No_Promo2
49,2014-05-29,0,0,0,0,0,16160.0,0,a,d,c,No_Promo2
1086,2014-05-29,0,0,0,1,0,180.0,0,a,a,a,"Feb,May,Aug,Nov"
1115,2014-05-29,0,0,0,1,0,5350.0,0,a,d,c,"Mar,Jun,Sept,Dec"
85,2014-05-30,7055,1,0,0,1,1870.0,0,0,b,a,No_Promo2
71,2014-05-30,12416,1,0,1,0,16160.0,0,0,a,a,"Mar,Jun,Sept,Dec"
102,2014-05-30,13231,1,0,1,0,150.0,0,0,a,a,"Mar,Jun,Sept,Dec"
105,2014-05-30,6126,1,0,1,0,6190.0,0,0,a,c,"Mar,Jun,Sept,Dec"
10,2014-05-30,6624,1,0,0,1,3160.0,0,0,a,a,No_Promo2
57,2014-05-30,16120,1,0,0,1,420.0,0,0,d,c,No_Promo2
50,2014-05-30,5376,1,0,0,0,6260.0,0,0,d,a,No_Promo2
49,2014-05-30,9285,1,0,0,0,16160.0,0,0,d,c,No_Promo2
1086,2014-05-30,8378,1,0,1,0,180.0,0,0,a,a,"Feb,May,Aug,Nov"
1115,2014-05-30,9877,1,0,1,0,5350.0,0,0,d,c,"Mar,Jun,Sept,Dec"
85,2014-05-31,5896,1,0,0,0,1870.0,0,0,b,a,No_Promo2
71,2014-05-31,8314,1,0,1,0,16160.0,0,0,a,a,"Mar,Jun,Sept,Dec"
102,2014-05-31,9188,1,0,1,0,150.0,0,0,a,a,"Mar,Jun,Sept,Dec"
105,2014-05-31,3707,1,0,1,0,6190.0,0,0,a,c,"Mar,Jun,Sept,Dec"
10,2014-05-31,5322,1,0,0,0,3160.0,0,0,a,a,No_Promo2
57,2014-05-31,10140,1,0,0,0,420.0,0,0,d,c,No_Promo2
50,2014-05-31,3855,1,0,0,0,6260.0,0,0,d,a,No_Promo2
49,2014-05-31,7239,1,0,0,0,16160.0,0,0,d,c,No_Promo2
1115,2014-05-31,6767,1,0,1,0,5350.0,0,0,d,c,"Mar,Jun,Sept,Dec"
1086,2014-05-31,4828,1,0,1,0,180.0,0,0,a,a,"Feb,May,Aug,Nov"
85,2014-06-01,11528,1,0,0,0,1870.0,0,0,b,a,No_Promo2
71,2014-06-01,0,0,0,1,0,16160.0,0,0,a,a,"Mar,Jun,Sept,Dec"
102,2014-06-01,0,0,0,1,0,150.0,0,0,a,a,"Mar,Jun,Sept,Dec"
105,2014-06-01,0,0,0,1,0,6190.0,0,0,a,c,"Mar,Jun,Sept,Dec"
10,2014-06-01,0,0,0,0,0,3160.0,0,0,a,a,No_Promo2
57,2014-06-01,0,0,0,0,0,420.0,0,0,d,c,No_Promo2
50,2014-06-01,0,0,0,0,0,6260.0,0,0,d,a,No_Promo2
49,2014-06-01,0,0,0,0,0,16160.0,0,0,d,c,No_Promo2
1115,2014-06-01,0,0,0,1,0,5350.0,0,0,d,c,"Mar,Jun,Sept,Dec"
1086,2014-06-01,0,0,0,1,0,180.0,0,0,a,a,"Feb,May,Aug,Nov"
85,2014-06-02,9424,1,1,0,0,1870.0,0,0,b,a,No_Promo2
71,2014-06-02,14383,1,1,1,0,16160.0,0,0,a,a,"Mar,Jun,Sept,Dec"
102,2014-06-02,13783,1,1,1,0,150.0,0,0,a,a,"Mar,Jun,Sept,Dec"
105,2014-06-02,7898,1,1,1,0,6190.0,0,0,a,c,"Mar,Jun,Sept,Dec"
10,2014-06-02,9211,1,1,0,0,3160.0,0,0,a,a,No_Promo2
57,2014-06-02,19571,1,1,0,0,420.0,0,0,d,c,No_Promo2
50,2014-06-02,5976,1,1,0,0,6260.0,0,0,d,a,No_Promo2
49,2014-06-02,10996,1,1,0,0,16160.0,0,0,d,c,No_Promo2
1115,2014-06-02,8873,1,1,1,0,5350.0,0,0,d,c,"Mar,Jun,Sept,Dec"
1086,2014-06-02,12158,1,1,1,0,180.0,0,0,a,a,"Feb,May,Aug,Nov"
85,2014-06-03,7519,1,1,0,0,1870.0,0,0,b,a,No_Promo2
71,2014-06-03,11982,1,1,1,0,16160.0,0,0,a,a,"Mar,Jun,Sept,Dec"
102,2014-06-03,10350,1,1,1,0,150.0,0,0,a,a,"Mar,Jun,Sept,Dec"
105,2014-06-03,5968,1,1,1,0,6190.0,0,0,a,c,"Mar,Jun,Sept,Dec"
10,2014-06-03,6491,1,1,0,0,3160.0,0,0,a,a,No_Promo2
57,2014-06-03,15389,1,1,0,0,420.0,0,0,d,c,No_Promo2
50,2014-06-03,5320,1,1,0,0,6260.0,0,0,d,a,No_Promo2
49,2014-06-03,9462,1,1,0,0,16160.0,0,0,d,c,No_Promo2
1115,2014-06-03,7025,1,1,1,0,5350.0,0,0,d,c,"Mar,Jun,Sept,Dec"
1086,2014-06-03,9967,1,1,1,0,180.0,0,0,a,a,"Feb,May,Aug,Nov"
85,2014-06-04,7175,1,1,0,0,1870.0,0,0,b,a,No_Promo2
71,2014-06-04,11157,1,1,1,0,16160.0,0,0,a,a,"Mar,Jun,Sept,Dec"
102,2014-06-04,9154,1,1,1,0,150.0,0,0,a,a,"Mar,Jun,Sept,Dec"
105,2014-06-04,5905,1,1,1,0,6190.0,0,0,a,c,"Mar,Jun,Sept,Dec"
10,2014-06-04,6406,1,1,0,0,3160.0,0,0,a,a,No_Promo2
57,2014-06-04,12712,1,1,0,0,420.0,0,0,d,c,No_Promo2
50,2014-06-04,4966,1,1,0,0,6260.0,0,0,d,a,No_Promo2
49,2014-06-04,9340,1,1,0,0,16160.0,0,0,d,c,No_Promo2
1115,2014-06-04,7065,1,1,1,0,5350.0,0,0,d,c,"Mar,Jun,Sept,Dec"
1086,2014-06-04,9924,1,1,1,0,180.0,0,0,a,a,"Feb,May,Aug,Nov"
71,2014-06-05,12150,1,1,1,0,16160.0,0,0,a,a,"Mar,Jun,Sept,Dec"
85,2014-06-05,7078,1,1,0,0,1870.0,0,0,b,a,No_Promo2
102,2014-06-05,8086,1,1,1,0,150.0,0,0,a,a,"Mar,Jun,Sept,Dec"
105,2014-06-05,5486,1,1,1,0,6190.0,0,0,a,c,"Mar,Jun,Sept,Dec"
10,2014-06-05,6711,1,1,0,0,3160.0,0,0,a,a,No_Promo2
57,2014-06-05,14137,1,1,0,0,420.0,0,0,d,c,No_Promo2
50,2014-06-05,4812,1,1,0,0,6260.0,0,0,d,a,No_Promo2
49,2014-06-05,7391,1,1,0,0,16160.0,0,0,d,c,No_Promo2
1115,2014-06-05,7502,1,1,1,0,5350.0,0,0,d,c,"Mar,Jun,Sept,Dec"
1086,2014-06-05,9919,1,1,1,0,180.0,0,0,a,a,"Feb,May,Aug,Nov"
71,2014-06-06,11311,1,1,1,0,16160.0,0,0,a,a,"Mar,Jun,Sept,Dec"
85,2014-06-06,7821,1,1,0,0,1870.0,0,0,b,a,No_Promo2
102,2014-06-06,8475,1,1,1,0,150.0,0,0,a,a,"Mar,Jun,Sept,Dec"
105,2014-06-06,6580,1,1,1,0,6190.0,0,0,a,c,"Mar,Jun,Sept,Dec"
10,2014-06-06,6907,1,1,0,0,3160.0,0,0,a,a,No_Promo2
57,2014-06-06,13302,1,1,0,0,420.0,0,0,d,c,No_Promo2
50,2014-06-06,4846,1,1,0,0,6260.0,0,0,d,a,No_Promo2
49,2014-06-06,8806,1,1,0,0,16160.0,0,0,d,c,No_Promo2
1115,2014-06-06,7038,1,1,1,0,5350.0,0,0,d,c,"Mar,Jun,Sept,Dec"
1086,2014-06-06,8348,1,1,1,0,180.0,0,0,a,a,"Feb,May,Aug,Nov"
85,2014-06-07,6266,1,0,0,0,1870.0,0,0,b,a,No_Promo2
71,2014-06-07,7274,1,0,1,0,16160.0,0,0,a,a,"Mar,Jun,Sept,Dec"
102,2014-06-07,5304,1,0,1,0,150.0,0,0,a,a,"Mar,Jun,Sept,Dec"
105,2014-06-07,4079,1,0,1,0,6190.0,0,0,a,c,"Mar,Jun,Sept,Dec"
10,2014-06-07,5189,1,0,0,0,3160.0,0,0,a,a,No_Promo2
57,2014-06-07,9111,1,0,0,0,420.0,0,0,d,c,No_Promo2
50,2014-06-07,3988,1,0,0,0,6260.0,0,0,d,a,No_Promo2
49,2014-06-07,8051,1,0,0,0,16160.0,0,0,d,c,No_Promo2
1115,2014-06-07,6965,1,0,1,0,5350.0,0,0,d,c,"Mar,Jun,Sept,Dec"
1086,2014-06-07,5232,1,0,1,0,180.0,0,0,a,a,"Feb,May,Aug,Nov"
102,2014-06-08,0,0,0,1,0,150.0,0,0,a,a,"Mar,Jun,Sept,Dec"
85,2014-06-08,12346,1,0,0,0,1870.0,0,0,b,a,No_Promo2
105,2014-06-08,0,0,0,1,0,6190.0,0,0,a,c,"Mar,Jun,Sept,Dec"
71,2014-06-08,0,0,0,1,0,16160.0,0,0,a,a,"Mar,Jun,Sept,Dec"
10,2014-06-08,0,0,0,0,0,3160.0,0,0,a,a,No_Promo2
57,2014-06-08,0,0,0,0,0,420.0,0,0,d,c,No_Promo2
49,2014-06-08,0,0,0,0,0,16160.0,0,0,d,c,No_Promo2
50,2014-06-08,0,0,0,0,0,6260.0,0,0,d,a,No_Promo2
1115,2014-06-08,0,0,0,1,0,5350.0,0,0,d,c,"Mar,Jun,Sept,Dec"
1086,2014-06-08,0,0,0,1,0,180.0,0,0,a,a,"Feb,May,Aug,Nov"
85,2014-06-09,12815,1,0,0,0,1870.0,0,a,b,a,No_Promo2
71,2014-06-09,0,0,0,1,0,16160.0,0,a,a,a,"Mar,Jun,Sept,Dec"
102,2014-06-09,0,0,0,1,0,150.0,0,a,a,a,"Mar,Jun,Sept,Dec"
105,2014-06-09,0,0,0,1,0,6190.0,0,a,a,c,"Mar,Jun,Sept,Dec"
10,2014-06-09,0,0,0,0,0,3160.0,0,a,a,a,No_Promo2
57,2014-06-09,0,0,0,0,0,420.0,0,a,d,c,No_Promo2
50,2014-06-09,0,0,0,0,0,6260.0,0,a,d,a,No_Promo2
49,2014-06-09,0,0,0,0,0,16160.0,0,a,d,c,No_Promo2
1115,2014-06-09,0,0,0,1,0,5350.0,0,a,d,c,"Mar,Jun,Sept,Dec"
1086,2014-06-09,0,0,0,1,0,180.0,0,a,a,a,"Feb,May,Aug,Nov"
71,2014-06-10,8645,1,0,1,1,16160.0,0,0,a,a,"Mar,Jun,Sept,Dec"
85,2014-06-10,6746,1,0,0,0,1870.0,0,0,b,a,No_Promo2
102,2014-06-10,4063,1,0,1,1,150.0,0,0,a,a,"Mar,Jun,Sept,Dec"
105,2014-06-10,4211,1,0,1,1,6190.0,0,0,a,c,"Mar,Jun,Sept,Dec"
10,2014-06-10,5762,1,0,0,1,3160.0,0,0,a,a,No_Promo2
57,2014-06-10,10235,1,0,0,0,420.0,0,0,d,c,No_Promo2
50,2014-06-10,4400,1,0,0,0,6260.0,0,0,d,a,No_Promo2
49,2014-06-10,7487,1,0,0,1,16160.0,0,0,d,c,No_Promo2
1115,2014-06-10,5961,1,0,1,0,5350.0,0,0,d,c,"Mar,Jun,Sept,Dec"
1086,2014-06-10,6647,1,0,1,0,180.0,0,0,a,a,"Feb,May,Aug,Nov"
85,2014-06-11,5957,1,0,0,0,1870.0,0,0,b,a,No_Promo2
71,2014-06-11,7221,1,0,1,0,16160.0,0,0,a,a,"Mar,Jun,Sept,Dec"
102,2014-06-11,6411,1,0,1,0,150.0,0,0,a,a,"Mar,Jun,Sept,Dec"
105,2014-06-11,4418,1,0,1,1,6190.0,0,0,a,c,"Mar,Jun,Sept,Dec"
10,2014-06-11,5163,1,0,0,0,3160.0,0,0,a,a,No_Promo2
57,2014-06-11,9759,1,0,0,0,420.0,0,0,d,c,No_Promo2
50,2014-06-11,3354,1,0,0,0,6260.0,0,0,d,a,No_Promo2
49,2014-06-11,6374,1,0,0,1,16160.0,0,0,d,c,No_Promo2
1115,2014-06-11,5098,1,0,1,0,5350.0,0,0,d,c,"Mar,Jun,Sept,Dec"
1086,2014-06-11,5181,1,0,1,0,180.0,0,0,a,a,"Feb,May,Aug,Nov"
85,2014-06-12,5704,1,0,0,0,1870.0,0,0,b,a,No_Promo2
71,2014-06-12,7698,1,0,1,0,16160.0,0,0,a,a,"Mar,Jun,Sept,Dec"
102,2014-06-12,6218,1,0,1,0,150.0,0,0,a,a,"Mar,Jun,Sept,Dec"
105,2014-06-12,3626,1,0,1,1,6190.0,0,0,a,c,"Mar,Jun,Sept,Dec"
10,2014-06-12,5746,1,0,0,0,3160.0,0,0,a,a,No_Promo2
57,2014-06-12,11856,1,0,0,0,420.0,0,0,d,c,No_Promo2
50,2014-06-12,3730,1,0,0,0,6260.0,0,0,d,a,No_Promo2
49,2014-06-12,6290,1,0,0,1,16160.0,0,0,d,c,No_Promo2
1086,2014-06-12,6585,1,0,1,0,180.0,0,0,a,a,"Feb,May,Aug,Nov"
1115,2014-06-12,5136,1,0,1,0,5350.0,0,0,d,c,"Mar,Jun,Sept,Dec"
85,2014-06-13,6399,1,0,0,0,1870.0,0,0,b,a,No_Promo2
71,2014-06-13,8760,1,0,1,0,16160.0,0,0,a,a,"Mar,Jun,Sept,Dec"
102,2014-06-13,5681,1,0,1,0,150.0,0,0,a,a,"Mar,Jun,Sept,Dec"
105,2014-06-13,4002,1,0,1,1,6190.0,0,0,a,c,"Mar,Jun,Sept,Dec"
10,2014-06-13,5047,1,0,0,0,3160.0,0,0,a,a,No_Promo2
57,2014-06-13,10529,1,0,0,0,420.0,0,0,d,c,No_Promo2
50,2014-06-13,3534,1,0,0,0,6260.0,0,0,d,a,No_Promo2
49,2014-06-13,7018,1,0,0,1,16160.0,0,0,d,c,No_Promo2
1086,2014-06-13,5453,1,0,1,0,180.0,0,0,a,a,"Feb,May,Aug,Nov"
1115,2014-06-13,5354,1,0,1,0,5350.0,0,0,d,c,"Mar,Jun,Sept,Dec"
85,2014-06-14,5081,1,0,0,0,1870.0,0,0,b,a,No_Promo2
71,2014-06-14,7073,1,0,1,0,16160.0,0,0,a,a,"Mar,Jun,Sept,Dec"
102,2014-06-14,6844,1,0,1,0,150.0,0,0,a,a,"Mar,Jun,Sept,Dec"
105,2014-06-14,2848,1,0,1,0,6190.0,0,0,a,c,"Mar,Jun,Sept,Dec"
10,2014-06-14,5188,1,0,0,0,3160.0,0,0,a,a,No_Promo2
57,2014-06-14,8060,1,0,0,0,420.0,0,0,d,c,No_Promo2
50,2014-06-14,4389,1,0,0,0,6260.0,0,0,d,a,No_Promo2
49,2014-06-14,7559,1,0,0,0,16160.0,0,0,d,c,No_Promo2
1115,2014-06-14,6548,1,0,1,0,5350.0,0,0,d,c,"Mar,Jun,Sept,Dec"
1086,2014-06-14,4871,1,0,1,0,180.0,0,0,a,a,"Feb,May,Aug,Nov"
85,2014-06-15,12348,1,0,0,0,1870.0,0,0,b,a,No_Promo2
71,2014-06-15,0,0,0,1,0,16160.0,0,0,a,a,"Mar,Jun,Sept,Dec"
102,2014-06-15,0,0,0,1,0,150.0,0,0,a,a,"Mar,Jun,Sept,Dec"
105,2014-06-15,0,0,0,1,0,6190.0,0,0,a,c,"Mar,Jun,Sept,Dec"
10,2014-06-15,0,0,0,0,0,3160.0,0,0,a,a,No_Promo2
57,2014-06-15,0,0,0,0,0,420.0,0,0,d,c,No_Promo2
50,2014-06-15,0,0,0,0,0,6260.0,0,0,d,a,No_Promo2
49,2014-06-15,0,0,0,0,0,16160.0,0,0,d,c,No_Promo2
1115,2014-06-15,0,0,0,1,0,5350.0,0,0,d,c,"Mar,Jun,Sept,Dec"
1086,2014-06-15,0,0,0,1,0,180.0,0,0,a,a,"Feb,May,Aug,Nov"
85,2014-06-16,8136,1,1,0,0,1870.0,0,0,b,a,No_Promo2
71,2014-06-16,13507,1,1,1,0,16160.0,0,0,a,a,"Mar,Jun,Sept,Dec"
102,2014-06-16,11522,1,1,1,0,150.0,0,0,a,a,"Mar,Jun,Sept,Dec"
105,2014-06-16,7107,1,1,1,1,6190.0,0,0,a,c,"Mar,Jun,Sept,Dec"
10,2014-06-16,6816,1,1,0,0,3160.0,0,0,a,a,No_Promo2
57,2014-06-16,38037,1,1,0,0,420.0,0,0,d,c,No_Promo2
50,2014-06-16,6275,1,1,0,0,6260.0,0,0,d,a,No_Promo2
49,2014-06-16,9466,1,1,0,1,16160.0,0,0,d,c,No_Promo2
1115,2014-06-16,9217,1,1,1,0,5350.0,0,0,d,c,"Mar,Jun,Sept,Dec"
1086,2014-06-16,13344,1,1,1,0,180.0,0,0,a,a,"Feb,May,Aug,Nov"
85,2014-06-17,7201,1,1,0,0,1870.0,0,0,b,a,No_Promo2
71,2014-06-17,11153,1,1,1,0,16160.0,0,0,a,a,"Mar,Jun,Sept,Dec"
102,2014-06-17,10451,1,1,1,0,150.0,0,0,a,a,"Mar,Jun,Sept,Dec"
105,2014-06-17,5245,1,1,1,1,6190.0,0,0,a,c,"Mar,Jun,Sept,Dec"
10,2014-06-17,6750,1,1,0,0,3160.0,0,0,a,a,No_Promo2
57,2014-06-17,34692,1,1,0,0,420.0,0,0,d,c,No_Promo2
50,2014-06-17,5574,1,1,0,0,6260.0,0,0,d,a,No_Promo2
49,2014-06-17,8633,1,1,0,1,16160.0,0,0,d,c,No_Promo2
1115,2014-06-17,8226,1,1,1,0,5350.0,0,0,d,c,"Mar,Jun,Sept,Dec"
1086,2014-06-17,9911,1,1,1,0,180.0,0,0,a,a,"Feb,May,Aug,Nov"
85,2014-06-18,7015,1,1,0,0,1870.0,0,0,b,a,No_Promo2
71,2014-06-18,11725,1,1,1,0,16160.0,0,0,a,a,"Mar,Jun,Sept,Dec"
102,2014-06-18,9196,1,1,1,0,150.0,0,0,a,a,"Mar,Jun,Sept,Dec"
105,2014-06-18,6048,1,1,1,1,6190.0,0,0,a,c,"Mar,Jun,Sept,Dec"
10,2014-06-18,5833,1,1,0,0,3160.0,0,0,a,a,No_Promo2
57,2014-06-18,25435,1,1,0,0,420.0,0,0,d,c,No_Promo2
50,2014-06-18,5046,1,1,0,0,6260.0,0,0,d,a,No_Promo2
49,2014-06-18,8964,1,1,0,1,16160.0,0,0,d,c,No_Promo2
1115,2014-06-18,7863,1,1,1,0,5350.0,0,0,d,c,"Mar,Jun,Sept,Dec"
1086,2014-06-18,10647,1,1,1,0,180.0,0,0,a,a,"Feb,May,Aug,Nov"
85,2014-06-19,7036,1,1,0,0,1870.0,0,0,b,a,No_Promo2
71,2014-06-19,0,0,1,1,0,16160.0,0,a,a,a,"Mar,Jun,Sept,Dec"
102,2014-06-19,0,0,1,1,0,150.0,0,a,a,a,"Mar,Jun,Sept,Dec"
105,2014-06-19,0,0,1,1,1,6190.0,0,a,a,c,"Mar,Jun,Sept,Dec"
10,2014-06-19,5484,1,1,0,0,3160.0,0,0,a,a,No_Promo2
57,2014-06-19,18106,1,1,0,0,420.0,0,a,d,c,No_Promo2
50,2014-06-19,0,0,1,0,0,6260.0,0,a,d,a,No_Promo2
49,2014-06-19,0,0,1,0,1,16160.0,0,a,d,c,No_Promo2
1086,2014-06-19,0,0,1,1,0,180.0,0,a,a,a,"Feb,May,Aug,Nov"
1115,2014-06-19,0,0,1,1,0,5350.0,0,a,d,c,"Mar,Jun,Sept,Dec"
85,2014-06-20,6962,1,1,0,0,1870.0,0,0,b,a,No_Promo2
71,2014-06-20,13642,1,1,1,0,16160.0,0,0,a,a,"Mar,Jun,Sept,Dec"
102,2014-06-20,11371,1,1,1,0,150.0,0,0,a,a,"Mar,Jun,Sept,Dec"
105,2014-06-20,5897,1,1,1,1,6190.0,0,0,a,c,"Mar,Jun,Sept,Dec"
10,2014-06-20,5656,1,1,0,0,3160.0,0,0,a,a,No_Promo2
57,2014-06-20,10677,1,1,0,0,420.0,0,0,d,c,No_Promo2
50,2014-06-20,5973,1,1,0,0,6260.0,0,0,d,a,No_Promo2
49,2014-06-20,9996,1,1,0,1,16160.0,0,0,d,c,No_Promo2
1086,2014-06-20,11542,1,1,1,0,180.0,0,0,a,a,"Feb,May,Aug,Nov"
1115,2014-06-20,10477,1,1,1,0,5350.0,0,0,d,c,"Mar,Jun,Sept,Dec"
85,2014-06-21,5141,1,0,0,0,1870.0,0,0,b,a,No_Promo2
71,2014-06-21,7124,1,0,1,0,16160.0,0,0,a,a,"Mar,Jun,Sept,Dec"
102,2014-06-21,6165,1,0,1,0,150.0,0,0,a,a,"Mar,Jun,Sept,Dec"
105,2014-06-21,3281,1,0,1,0,6190.0,0,0,a,c,"Mar,Jun,Sept,Dec"
10,2014-06-21,4282,1,0,0,0,3160.0,0,0,a,a,No_Promo2
57,2014-06-21,5983,1,0,0,0,420.0,0,0,d,c,No_Promo2
50,2014-06-21,3933,1,0,0,0,6260.0,0,0,d,a,No_Promo2
49,2014-06-21,6705,1,0,0,0,16160.0,0,0,d,c,No_Promo2
1115,2014-06-21,5804,1,0,1,0,5350.0,0,0,d,c,"Mar,Jun,Sept,Dec"
1086,2014-06-21,4785,1,0,1,0,180.0,0,0,a,a,"Feb,May,Aug,Nov"
85,2014-06-22,12640,1,0,0,0,1870.0,0,0,b,a,No_Promo2
71,2014-06-22,0,0,0,1,0,16160.0,0,0,a,a,"Mar,Jun,Sept,Dec"
102,2014-06-22,0,0,0,1,0,150.0,0,0,a,a,"Mar,Jun,Sept,Dec"
105,2014-06-22,0,0,0,1,0,6190.0,0,0,a,c,"Mar,Jun,Sept,Dec"
10,2014-06-22,0,0,0,0,0,3160.0,0,0,a,a,No_Promo2
57,2014-06-22,0,0,0,0,0,420.0,0,0,d,c,No_Promo2
50,2014-06-22,0,0,0,0,0,6260.0,0,0,d,a,No_Promo2
49,2014-06-22,0,0,0,0,0,16160.0,0,0,d,c,No_Promo2
1115,2014-06-22,0,0,0,1,0,5350.0,0,0,d,c,"Mar,Jun,Sept,Dec"
1086,2014-06-22,0,0,0,1,0,180.0,0,0,a,a,"Feb,May,Aug,Nov"
85,2014-06-23,6179,1,0,0,0,1870.0,0,0,b,a,No_Promo2
71,2014-06-23,7180,1,0,1,0,16160.0,0,0,a,a,"Mar,Jun,Sept,Dec"
102,2014-06-23,6142,1,0,1,0,150.0,0,0,a,a,"Mar,Jun,Sept,Dec"
105,2014-06-23,4861,1,0,1,0,6190.0,0,0,a,c,"Mar,Jun,Sept,Dec"
10,2014-06-23,5683,1,0,0,0,3160.0,0,0,a,a,No_Promo2
57,2014-06-23,0,0,0,0,0,420.0,0,0,d,c,No_Promo2
50,2014-06-23,3015,1,0,0,0,6260.0,0,0,d,a,No_Promo2
49,2014-06-23,6000,1,0,0,0,16160.0,0,0,d,c,No_Promo2
1115,2014-06-23,5220,1,0,1,0,5350.0,0,0,d,c,"Mar,Jun,Sept,Dec"
1086,2014-06-23,5748,1,0,1,0,180.0,0,0,a,a,"Feb,May,Aug,Nov"
85,2014-06-24,5690,1,0,0,0,1870.0,0,0,b,a,No_Promo2
71,2014-06-24,6311,1,0,1,0,16160.0,0,0,a,a,"Mar,Jun,Sept,Dec"
102,2014-06-24,4925,1,0,1,0,150.0,0,0,a,a,"Mar,Jun,Sept,Dec"
105,2014-06-24,3998,1,0,1,0,6190.0,0,0,a,c,"Mar,Jun,Sept,Dec"
10,2014-06-24,5442,1,0,0,0,3160.0,0,0,a,a,No_Promo2
57,2014-06-24,0,0,0,0,0,420.0,0,0,d,c,No_Promo2
50,2014-06-24,3050,1,0,0,0,6260.0,0,0,d,a,No_Promo2
49,2014-06-24,5688,1,0,0,0,16160.0,0,0,d,c,No_Promo2
1115,2014-06-24,4309,1,0,1,0,5350.0,0,0,d,c,"Mar,Jun,Sept,Dec"
1086,2014-06-24,5522,1,0,1,0,180.0,0,0,a,a,"Feb,May,Aug,Nov"
85,2014-06-25,6319,1,0,0,0,1870.0,0,0,b,a,No_Promo2
71,2014-06-25,7790,1,0,1,0,16160.0,0,0,a,a,"Mar,Jun,Sept,Dec"
102,2014-06-25,5034,1,0,1,0,150.0,0,0,a,a,"Mar,Jun,Sept,Dec"
105,2014-06-25,3736,1,0,1,0,6190.0,0,0,a,c,"Mar,Jun,Sept,Dec"
10,2014-06-25,4823,1,0,0,0,3160.0,0,0,a,a,No_Promo2
57,2014-06-25,0,0,0,0,0,420.0,0,0,d,c,No_Promo2
50,2014-06-25,3038,1,0,0,0,6260.0,0,0,d,a,No_Promo2
49,2014-06-25,5550,1,0,0,0,16160.0,0,0,d,c,No_Promo2
1115,2014-06-25,4009,1,0,1,0,5350.0,0,0,d,c,"Mar,Jun,Sept,Dec"
1086,2014-06-25,5604,1,0,1,0,180.0,0,0,a,a,"Feb,May,Aug,Nov"
102,2014-06-26,4984,1,0,1,0,150.0,0,0,a,a,"Mar,Jun,Sept,Dec"
85,2014-06-26,5991,1,0,0,0,1870.0,0,0,b,a,No_Promo2
105,2014-06-26,3863,1,0,1,0,6190.0,0,0,a,c,"Mar,Jun,Sept,Dec"
71,2014-06-26,6419,1,0,1,0,16160.0,0,0,a,a,"Mar,Jun,Sept,Dec"
10,2014-06-26,4633,1,0,0,0,3160.0,0,0,a,a,No_Promo2
57,2014-06-26,0,0,0,0,0,420.0,0,0,d,c,No_Promo2
49,2014-06-26,4701,1,0,0,0,16160.0,0,0,d,c,No_Promo2
50,2014-06-26,2323,1,0,0,0,6260.0,0,0,d,a,No_Promo2
1115,2014-06-26,4422,1,0,1,0,5350.0,0,0,d,c,"Mar,Jun,Sept,Dec"
1086,2014-06-26,5244,1,0,1,0,180.0,0,0,a,a,"Feb,May,Aug,Nov"
85,2014-06-27,6627,1,0,0,0,1870.0,0,0,b,a,No_Promo2
71,2014-06-27,7804,1,0,1,0,16160.0,0,0,a,a,"Mar,Jun,Sept,Dec"
102,2014-06-27,5313,1,0,1,0,150.0,0,0,a,a,"Mar,Jun,Sept,Dec"
105,2014-06-27,4358,1,0,1,0,6190.0,0,0,a,c,"Mar,Jun,Sept,Dec"
10,2014-06-27,4626,1,0,0,0,3160.0,0,0,a,a,No_Promo2
57,2014-06-27,0,0,0,0,0,420.0,0,0,d,c,No_Promo2
50,2014-06-27,3816,1,0,0,0,6260.0,0,0,d,a,No_Promo2
49,2014-06-27,6789,1,0,0,0,16160.0,0,0,d,c,No_Promo2
1086,2014-06-27,5262,1,0,1,0,180.0,0,0,a,a,"Feb,May,Aug,Nov"
1115,2014-06-27,5152,1,0,1,0,5350.0,0,0,d,c,"Mar,Jun,Sept,Dec"
85,2014-06-28,5417,1,0,0,0,1870.0,0,0,b,a,No_Promo2
71,2014-06-28,7234,1,0,1,0,16160.0,0,0,a,a,"Mar,Jun,Sept,Dec"
102,2014-06-28,5976,1,0,1,0,150.0,0,0,a,a,"Mar,Jun,Sept,Dec"
105,2014-06-28,3073,1,0,1,0,6190.0,0,0,a,c,"Mar,Jun,Sept,Dec"
10,2014-06-28,4606,1,0,0,0,3160.0,0,0,a,a,No_Promo2
57,2014-06-28,0,0,0,0,0,420.0,0,0,d,c,No_Promo2
50,2014-06-28,4555,1,0,0,0,6260.0,0,0,d,a,No_Promo2
49,2014-06-28,7782,1,0,0,0,16160.0,0,0,d,c,No_Promo2
1086,2014-06-28,4468,1,0,1,0,180.0,0,0,a,a,"Feb,May,Aug,Nov"
1115,2014-06-28,7479,1,0,1,0,5350.0,0,0,d,c,"Mar,Jun,Sept,Dec"
85,2014-06-29,13465,1,0,0,0,1870.0,0,0,b,a,No_Promo2
71,2014-06-29,0,0,0,1,0,16160.0,0,0,a,a,"Mar,Jun,Sept,Dec"
102,2014-06-29,0,0,0,1,0,150.0,0,0,a,a,"Mar,Jun,Sept,Dec"
105,2014-06-29,0,0,0,1,0,6190.0,0,0,a,c,"Mar,Jun,Sept,Dec"
10,2014-06-29,0,0,0,0,0,3160.0,0,0,a,a,No_Promo2
57,2014-06-29,0,0,0,0,0,420.0,0,0,d,c,No_Promo2
50,2014-06-29,0,0,0,0,0,6260.0,0,0,d,a,No_Promo2
49,2014-06-29,0,0,0,0,0,16160.0,0,0,d,c,No_Promo2
1115,2014-06-29,0,0,0,1,0,5350.0,0,0,d,c,"Mar,Jun,Sept,Dec"
1086,2014-06-29,0,0,0,1,0,180.0,0,0,a,a,"Feb,May,Aug,Nov"
85,2014-06-30,9688,1,1,0,0,1870.0,0,0,b,a,No_Promo2
71,2014-06-30,16143,1,1,1,0,16160.0,0,0,a,a,"Mar,Jun,Sept,Dec"
102,2014-06-30,15207,1,1,1,0,150.0,0,0,a,a,"Mar,Jun,Sept,Dec"
105,2014-06-30,7664,1,1,1,0,6190.0,0,0,a,c,"Mar,Jun,Sept,Dec"
10,2014-06-30,7707,1,1,0,0,3160.0,0,0,a,a,No_Promo2
57,2014-06-30,0,0,1,0,0,420.0,0,0,d,c,No_Promo2
50,2014-06-30,7752,1,1,0,0,6260.0,0,0,d,a,No_Promo2
49,2014-06-30,10593,1,1,0,0,16160.0,0,0,d,c,No_Promo2
1115,2014-06-30,10667,1,1,1,0,5350.0,0,0,d,c,"Mar,Jun,Sept,Dec"
1086,2014-06-30,15392,1,1,1,0,180.0,0,0,a,a,"Feb,May,Aug,Nov"
85,2014-07-01,8273,1,1,0,0,1870.0,0,0,b,a,No_Promo2
71,2014-07-01,13262,1,1,1,0,16160.0,0,0,a,a,"Mar,Jun,Sept,Dec"
105,2014-07-01,5836,1,1,1,0,6190.0,0,0,a,c,"Mar,Jun,Sept,Dec"
102,2014-07-01,11458,1,1,1,0,150.0,0,0,a,a,"Mar,Jun,Sept,Dec"
10,2014-07-01,6192,1,1,0,0,3160.0,0,0,a,a,No_Promo2
57,2014-07-01,0,1,1,0,0,420.0,0,0,d,c,No_Promo2
50,2014-07-01,5407,1,1,0,0,6260.0,0,0,d,a,No_Promo2
49,2014-07-01,8945,1,1,0,0,16160.0,0,0,d,c,No_Promo2
1115,2014-07-01,8071,1,1,1,0,5350.0,0,0,d,c,"Mar,Jun,Sept,Dec"
1086,2014-07-01,10484,1,1,1,0,180.0,0,0,a,a,"Feb,May,Aug,Nov"
85,2014-07-02,8513,1,1,0,0,1870.0,0,0,b,a,No_Promo2
71,2014-07-02,12849,1,1,1,0,16160.0,0,0,a,a,"Mar,Jun,Sept,Dec"
102,2014-07-02,10338,1,1,1,0,150.0,0,0,a,a,"Mar,Jun,Sept,Dec"
105,2014-07-02,5944,1,1,1,0,6190.0,0,0,a,c,"Mar,Jun,Sept,Dec"
10,2014-07-02,5951,1,1,0,0,3160.0,0,0,a,a,No_Promo2
57,2014-07-02,0,0,1,0,0,420.0,0,0,d,c,No_Promo2
50,2014-07-02,4924,1,1,0,0,6260.0,0,0,d,a,No_Promo2
49,2014-07-02,7486,1,1,0,0,16160.0,0,0,d,c,No_Promo2
1115,2014-07-02,7214,1,1,1,0,5350.0,0,0,d,c,"Mar,Jun,Sept,Dec"
1086,2014-07-02,9205,1,1,1,0,180.0,0,0,a,a,"Feb,May,Aug,Nov"
85,2014-07-03,7083,1,1,0,0,1870.0,0,0,b,a,No_Promo2
71,2014-07-03,11271,1,1,1,0,16160.0,0,0,a,a,"Mar,Jun,Sept,Dec"
102,2014-07-03,8029,1,1,1,0,150.0,0,0,a,a,"Mar,Jun,Sept,Dec"
105,2014-07-03,5006,1,1,1,0,6190.0,0,0,a,c,"Mar,Jun,Sept,Dec"
10,2014-07-03,5637,1,1,0,0,3160.0,0,0,a,a,No_Promo2
57,2014-07-03,0,0,1,0,0,420.0,0,0,d,c,No_Promo2
50,2014-07-03,4537,1,1,0,0,6260.0,0,0,d,a,No_Promo2
49,2014-07-03,7361,1,1,0,0,16160.0,0,0,d,c,No_Promo2
1115,2014-07-03,6477,1,1,1,0,5350.0,0,0,d,c,"Mar,Jun,Sept,Dec"
1086,2014-07-03,8664,1,1,1,0,180.0,0,0,a,a,"Feb,May,Aug,Nov"
85,2014-07-04,7072,1,1,0,0,1870.0,0,0,b,a,No_Promo2
71,2014-07-04,9884,1,1,1,0,16160.0,0,0,a,a,"Mar,Jun,Sept,Dec"
102,2014-07-04,6235,1,1,1,0,150.0,0,0,a,a,"Mar,Jun,Sept,Dec"
105,2014-07-04,4830,1,1,1,0,6190.0,0,0,a,c,"Mar,Jun,Sept,Dec"
10,2014-07-04,5176,1,1,0,0,3160.0,0,0,a,a,No_Promo2
57,2014-07-04,0,0,1,0,0,420.0,0,0,d,c,No_Promo2
50,2014-07-04,4332,1,1,0,0,6260.0,0,0,d,a,No_Promo2
49,2014-07-04,6877,1,1,0,0,16160.0,0,0,d,c,No_Promo2
1086,2014-07-04,7142,1,1,1,0,180.0,0,0,a,a,"Feb,May,Aug,Nov"
1115,2014-07-04,5958,1,1,1,0,5350.0,0,0,d,c,"Mar,Jun,Sept,Dec"
85,2014-07-05,5872,1,0,0,0,1870.0,0,0,b,a,No_Promo2
71,2014-07-05,6870,1,0,1,0,16160.0,0,0,a,a,"Mar,Jun,Sept,Dec"
102,2014-07-05,5419,1,0,1,0,150.0,0,0,a,a,"Mar,Jun,Sept,Dec"
105,2014-07-05,2706,1,0,1,0,6190.0,0,0,a,c,"Mar,Jun,Sept,Dec"
10,2014-07-05,5038,1,0,0,0,3160.0,0,0,a,a,No_Promo2
57,2014-07-05,11123,1,0,0,0,420.0,0,0,d,c,No_Promo2
50,2014-07-05,4398,1,0,0,0,6260.0,0,0,d,a,No_Promo2
49,2014-07-05,7573,1,0,0,0,16160.0,0,0,d,c,No_Promo2
1115,2014-07-05,7538,1,0,1,0,5350.0,0,0,d,c,"Mar,Jun,Sept,Dec"
1086,2014-07-05,4716,1,0,1,0,180.0,0,0,a,a,"Feb,May,Aug,Nov"
85,2014-07-06,13119,1,0,0,0,1870.0,0,0,b,a,No_Promo2
71,2014-07-06,0,0,0,1,0,16160.0,0,0,a,a,"Mar,Jun,Sept,Dec"
105,2014-07-06,0,0,0,1,0,6190.0,0,0,a,c,"Mar,Jun,Sept,Dec"
102,2014-07-06,0,0,0,1,0,150.0,0,0,a,a,"Mar,Jun,Sept,Dec"
10,2014-07-06,0,0,0,0,0,3160.0,0,0,a,a,No_Promo2
57,2014-07-06,0,0,0,0,0,420.0,0,0,d,c,No_Promo2
50,2014-07-06,0,0,0,0,0,6260.0,0,0,d,a,No_Promo2
49,2014-07-06,0,0,0,0,0,16160.0,0,0,d,c,No_Promo2
1115,2014-07-06,0,0,0,1,0,5350.0,0,0,d,c,"Mar,Jun,Sept,Dec"
1086,2014-07-06,0,0,0,1,0,180.0,0,0,a,a,"Feb,May,Aug,Nov"
85,2014-07-07,6241,1,0,0,0,1870.0,0,0,b,a,No_Promo2
71,2014-07-07,8966,1,0,1,1,16160.0,0,0,a,a,"Mar,Jun,Sept,Dec"
102,2014-07-07,6439,1,0,1,1,150.0,0,0,a,a,"Mar,Jun,Sept,Dec"
105,2014-07-07,4606,1,0,1,0,6190.0,0,0,a,c,"Mar,Jun,Sept,Dec"
10,2014-07-07,5614,1,0,0,0,3160.0,0,0,a,a,No_Promo2
57,2014-07-07,18856,1,0,0,0,420.0,0,0,d,c,No_Promo2
50,2014-07-07,3236,1,0,0,0,6260.0,0,0,d,a,No_Promo2
49,2014-07-07,5805,1,0,0,0,16160.0,0,0,d,c,No_Promo2
1115,2014-07-07,4656,1,0,1,0,5350.0,0,0,d,c,"Mar,Jun,Sept,Dec"
1086,2014-07-07,5983,1,0,1,0,180.0,0,0,a,a,"Feb,May,Aug,Nov"
85,2014-07-08,5920,1,0,0,0,1870.0,0,0,b,a,No_Promo2
71,2014-07-08,7515,1,0,1,1,16160.0,0,0,a,a,"Mar,Jun,Sept,Dec"
102,2014-07-08,4283,1,0,1,1,150.0,0,0,a,a,"Mar,Jun,Sept,Dec"
105,2014-07-08,3385,1,0,1,0,6190.0,0,0,a,c,"Mar,Jun,Sept,Dec"
10,2014-07-08,4830,1,0,0,0,3160.0,0,0,a,a,No_Promo2
57,2014-07-08,14847,1,0,0,0,420.0,0,0,d,c,No_Promo2
49,2014-07-08,6488,1,0,0,0,16160.0,0,0,d,c,No_Promo2
50,2014-07-08,2993,1,0,0,0,6260.0,0,0,d,a,No_Promo2
1115,2014-07-08,4884,1,0,1,0,5350.0,0,0,d,c,"Mar,Jun,Sept,Dec"
1086,2014-07-08,6332,1,0,1,0,180.0,0,0,a,a,"Feb,May,Aug,Nov"
85,2014-07-09,6799,1,0,0,1,1870.0,0,0,b,a,No_Promo2
71,2014-07-09,7395,1,0,1,1,16160.0,0,0,a,a,"Mar,Jun,Sept,Dec"
102,2014-07-09,3497,1,0,1,1,150.0,0,0,a,a,"Mar,Jun,Sept,Dec"
105,2014-07-09,3529,1,0,1,0,6190.0,0,0,a,c,"Mar,Jun,Sept,Dec"
10,2014-07-09,3567,1,0,0,0,3160.0,0,0,a,a,No_Promo2
57,2014-07-09,11315,1,0,0,0,420.0,0,0,d,c,No_Promo2
50,2014-07-09,2933,1,0,0,0,6260.0,0,0,d,a,No_Promo2
49,2014-07-09,5422,1,0,0,0,16160.0,0,0,d,c,No_Promo2
1115,2014-07-09,4559,1,0,1,0,5350.0,0,0,d,c,"Mar,Jun,Sept,Dec"
1086,2014-07-09,5187,1,0,1,0,180.0,0,0,a,a,"Feb,May,Aug,Nov"
85,2014-07-10,5666,1,0,0,1,1870.0,0,0,b,a,No_Promo2
71,2014-07-10,7701,1,0,1,1,16160.0,0,0,a,a,"Mar,Jun,Sept,Dec"
102,2014-07-10,5278,1,0,1,1,150.0,0,0,a,a,"Mar,Jun,Sept,Dec"
105,2014-07-10,3705,1,0,1,0,6190.0,0,0,a,c,"Mar,Jun,Sept,Dec"
10,2014-07-10,4693,1,0,0,0,3160.0,0,0,a,a,No_Promo2
57,2014-07-10,12155,1,0,0,0,420.0,0,0,d,c,No_Promo2
49,2014-07-10,6030,1,0,0,0,16160.0,0,0,d,c,No_Promo2
50,2014-07-10,3294,1,0,0,0,6260.0,0,0,d,a,No_Promo2
1115,2014-07-10,4886,1,0,1,0,5350.0,0,0,d,c,"Mar,Jun,Sept,Dec"
1086,2014-07-10,6063,1,0,1,0,180.0,0,0,a,a,"Feb,May,Aug,Nov"
85,2014-07-11,6327,1,0,0,1,1870.0,0,0,b,a,No_Promo2
71,2014-07-11,8151,1,0,1,1,16160.0,0,0,a,a,"Mar,Jun,Sept,Dec"
102,2014-07-11,2241,1,0,1,1,150.0,0,0,a,a,"Mar,Jun,Sept,Dec"
105,2014-07-11,4373,1,0,1,0,6190.0,0,0,a,c,"Mar,Jun,Sept,Dec"
10,2014-07-11,5331,1,0,0,0,3160.0,0,0,a,a,No_Promo2
57,2014-07-11,10840,1,0,0,0,420.0,0,0,d,c,No_Promo2
50,2014-07-11,3078,1,0,0,0,6260.0,0,0,d,a,No_Promo2
49,2014-07-11,7065,1,0,0,0,16160.0,0,0,d,c,No_Promo2
1115,2014-07-11,5409,1,0,1,0,5350.0,0,0,d,c,"Mar,Jun,Sept,Dec"
1086,2014-07-11,5834,1,0,1,0,180.0,0,0,a,a,"Feb,May,Aug,Nov"
85,2014-07-12,5786,1,0,0,0,1870.0,0,0,b,a,No_Promo2
71,2014-07-12,6988,1,0,1,0,16160.0,0,0,a,a,"Mar,Jun,Sept,Dec"
102,2014-07-12,0,1,0,1,0,150.0,0,0,a,a,"Mar,Jun,Sept,Dec"
105,2014-07-12,3394,1,0,1,0,6190.0,0,0,a,c,"Mar,Jun,Sept,Dec"
10,2014-07-12,4682,1,0,0,0,3160.0,0,0,a,a,No_Promo2
57,2014-07-12,8937,1,0,0,0,420.0,0,0,d,c,No_Promo2
49,2014-07-12,7388,1,0,0,0,16160.0,0,0,d,c,No_Promo2
50,2014-07-12,3988,1,0,0,0,6260.0,0,0,d,a,No_Promo2
1115,2014-07-12,6920,1,0,1,0,5350.0,0,0,d,c,"Mar,Jun,Sept,Dec"
1086,2014-07-12,4648,1,0,1,0,180.0,0,0,a,a,"Feb,May,Aug,Nov"
85,2014-07-13,13596,1,0,0,0,1870.0,0,0,b,a,No_Promo2
71,2014-07-13,0,0,0,1,0,16160.0,0,0,a,a,"Mar,Jun,Sept,Dec"
105,2014-07-13,0,0,0,1,0,6190.0,0,0,a,c,"Mar,Jun,Sept,Dec"
102,2014-07-13,0,0,0,1,0,150.0,0,0,a,a,"Mar,Jun,Sept,Dec"
10,2014-07-13,0,0,0,0,0,3160.0,0,0,a,a,No_Promo2
57,2014-07-13,0,0,0,0,0,420.0,0,0,d,c,No_Promo2
50,2014-07-13,0,0,0,0,0,6260.0,0,0,d,a,No_Promo2
49,2014-07-13,0,0,0,0,0,16160.0,0,0,d,c,No_Promo2
1086,2014-07-13,0,0,0,1,0,180.0,0,0,a,a,"Feb,May,Aug,Nov"
1115,2014-07-13,0,0,0,1,0,5350.0,0,0,d,c,"Mar,Jun,Sept,Dec"
85,2014-07-14,7293,1,1,0,1,1870.0,0,0,b,a,No_Promo2
71,2014-07-14,13323,1,1,1,1,16160.0,0,0,a,a,"Mar,Jun,Sept,Dec"
105,2014-07-14,6275,1,1,1,0,6190.0,0,0,a,c,"Mar,Jun,Sept,Dec"
102,2014-07-14,0,0,1,1,1,150.0,0,0,a,a,"Mar,Jun,Sept,Dec"
10,2014-07-14,7386,1,1,0,0,3160.0,0,0,a,a,No_Promo2
57,2014-07-14,12623,1,1,0,0,420.0,0,0,d,c,No_Promo2
50,2014-07-14,5414,1,1,0,0,6260.0,0,0,d,a,No_Promo2
49,2014-07-14,10161,1,1,0,0,16160.0,0,0,d,c,No_Promo2
1086,2014-07-14,13129,1,1,1,0,180.0,0,0,a,a,"Feb,May,Aug,Nov"
1115,2014-07-14,7377,1,1,1,0,5350.0,0,0,d,c,"Mar,Jun,Sept,Dec"
85,2014-07-15,7011,1,1,0,1,1870.0,0,0,b,a,No_Promo2
71,2014-07-15,11371,1,1,1,1,16160.0,0,0,a,a,"Mar,Jun,Sept,Dec"
105,2014-07-15,6166,1,1,1,0,6190.0,0,0,a,c,"Mar,Jun,Sept,Dec"
102,2014-07-15,0,0,1,1,1,150.0,0,0,a,a,"Mar,Jun,Sept,Dec"
10,2014-07-15,6704,1,1,0,0,3160.0,0,0,a,a,No_Promo2
57,2014-07-15,11112,1,1,0,0,420.0,0,0,d,c,No_Promo2
50,2014-07-15,4851,1,1,0,0,6260.0,0,0,d,a,No_Promo2
49,2014-07-15,8125,1,1,0,0,16160.0,0,0,d,c,No_Promo2
1115,2014-07-15,6576,1,1,1,0,5350.0,0,0,d,c,"Mar,Jun,Sept,Dec"
1086,2014-07-15,10062,1,1,1,0,180.0,0,0,a,a,"Feb,May,Aug,Nov"
85,2014-07-16,6952,1,1,0,1,1870.0,0,0,b,a,No_Promo2
71,2014-07-16,9533,1,1,1,1,16160.0,0,0,a,a,"Mar,Jun,Sept,Dec"
102,2014-07-16,0,0,1,1,1,150.0,0,0,a,a,"Mar,Jun,Sept,Dec"
105,2014-07-16,4918,1,1,1,0,6190.0,0,0,a,c,"Mar,Jun,Sept,Dec"
10,2014-07-16,6726,1,1,0,0,3160.0,0,0,a,a,No_Promo2
57,2014-07-16,9771,1,1,0,0,420.0,0,0,d,c,No_Promo2
50,2014-07-16,5182,1,1,0,0,6260.0,0,0,d,a,No_Promo2
49,2014-07-16,7706,1,1,0,0,16160.0,0,0,d,c,No_Promo2
1086,2014-07-16,9634,1,1,1,0,180.0,0,0,a,a,"Feb,May,Aug,Nov"
1115,2014-07-16,6456,1,1,1,0,5350.0,0,0,d,c,"Mar,Jun,Sept,Dec"
85,2014-07-17,6874,1,1,0,1,1870.0,0,0,b,a,No_Promo2
71,2014-07-17,9750,1,1,1,1,16160.0,0,0,a,a,"Mar,Jun,Sept,Dec"
105,2014-07-17,5506,1,1,1,0,6190.0,0,0,a,c,"Mar,Jun,Sept,Dec"
102,2014-07-17,0,0,1,1,1,150.0,0,0,a,a,"Mar,Jun,Sept,Dec"
10,2014-07-17,6070,1,1,0,0,3160.0,0,0,a,a,No_Promo2
57,2014-07-17,9549,1,1,0,0,420.0,0,0,d,c,No_Promo2
50,2014-07-17,4625,1,1,0,0,6260.0,0,0,d,a,No_Promo2
49,2014-07-17,6893,1,1,0,0,16160.0,0,0,d,c,No_Promo2
1115,2014-07-17,6495,1,1,1,0,5350.0,0,0,d,c,"Mar,Jun,Sept,Dec"
1086,2014-07-17,7605,1,1,1,0,180.0,0,0,a,a,"Feb,May,Aug,Nov"
85,2014-07-18,6906,1,1,0,1,1870.0,0,0,b,a,No_Promo2
71,2014-07-18,9445,1,1,1,1,16160.0,0,0,a,a,"Mar,Jun,Sept,Dec"
102,2014-07-18,0,0,1,1,1,150.0,0,0,a,a,"Mar,Jun,Sept,Dec"
105,2014-07-18,4638,1,1,1,0,6190.0,0,0,a,c,"Mar,Jun,Sept,Dec"
10,2014-07-18,6424,1,1,0,0,3160.0,0,0,a,a,No_Promo2
57,2014-07-18,8926,1,1,0,0,420.0,0,0,d,c,No_Promo2
50,2014-07-18,4664,1,1,0,0,6260.0,0,0,d,a,No_Promo2
49,2014-07-18,8205,1,1,0,0,16160.0,0,0,d,c,No_Promo2
1086,2014-07-18,5894,1,1,1,0,180.0,0,0,a,a,"Feb,May,Aug,Nov"
1115,2014-07-18,6704,1,1,1,0,5350.0,0,0,d,c,"Mar,Jun,Sept,Dec"
85,2014-07-19,4751,1,0,0,0,1870.0,0,0,b,a,No_Promo2
71,2014-07-19,7089,1,0,1,0,16160.0,0,0,a,a,"Mar,Jun,Sept,Dec"
105,2014-07-19,2944,1,0,1,0,6190.0,0,0,a,c,"Mar,Jun,Sept,Dec"
102,2014-07-19,0,0,0,1,0,150.0,0,0,a,a,"Mar,Jun,Sept,Dec"
10,2014-07-19,4682,1,0,0,0,3160.0,0,0,a,a,No_Promo2
57,2014-07-19,5681,1,0,0,0,420.0,0,0,d,c,No_Promo2
50,2014-07-19,3514,1,0,0,0,6260.0,0,0,d,a,No_Promo2
49,2014-07-19,7271,1,0,0,0,16160.0,0,0,d,c,No_Promo2
1086,2014-07-19,3082,1,0,1,0,180.0,0,0,a,a,"Feb,May,Aug,Nov"
1115,2014-07-19,6066,1,0,1,0,5350.0,0,0,d,c,"Mar,Jun,Sept,Dec"
85,2014-07-20,10696,1,0,0,0,1870.0,0,0,b,a,No_Promo2
71,2014-07-20,0,0,0,1,0,16160.0,0,0,a,a,"Mar,Jun,Sept,Dec"
102,2014-07-20,0,0,0,1,0,150.0,0,0,a,a,"Mar,Jun,Sept,Dec"
105,2014-07-20,0,0,0,1,0,6190.0,0,0,a,c,"Mar,Jun,Sept,Dec"
10,2014-07-20,0,0,0,0,0,3160.0,0,0,a,a,No_Promo2
57,2014-07-20,0,0,0,0,0,420.0,0,0,d,c,No_Promo2
50,2014-07-20,0,0,0,0,0,6260.0,0,0,d,a,No_Promo2
49,2014-07-20,0,0,0,0,0,16160.0,0,0,d,c,No_Promo2
1115,2014-07-20,0,0,0,1,0,5350.0,0,0,d,c,"Mar,Jun,Sept,Dec"
1086,2014-07-20,0,0,0,1,0,180.0,0,0,a,a,"Feb,May,Aug,Nov"
85,2014-07-21,5875,1,0,0,1,1870.0,0,0,b,a,No_Promo2
71,2014-07-21,7899,1,0,1,1,16160.0,0,0,a,a,"Mar,Jun,Sept,Dec"
105,2014-07-21,4494,1,0,1,0,6190.0,0,0,a,c,"Mar,Jun,Sept,Dec"
102,2014-07-21,0,0,0,1,1,150.0,0,0,a,a,"Mar,Jun,Sept,Dec"
10,2014-07-21,5703,1,0,0,0,3160.0,0,0,a,a,No_Promo2
57,2014-07-21,7425,1,0,0,1,420.0,0,0,d,c,No_Promo2
50,2014-07-21,3671,1,0,0,0,6260.0,0,0,d,a,No_Promo2
49,2014-07-21,6014,1,0,0,0,16160.0,0,0,d,c,No_Promo2
1086,2014-07-21,4596,1,0,1,0,180.0,0,0,a,a,"Feb,May,Aug,Nov"
1115,2014-07-21,5085,1,0,1,0,5350.0,0,0,d,c,"Mar,Jun,Sept,Dec"
85,2014-07-22,5541,1,0,0,1,1870.0,0,0,b,a,No_Promo2
71,2014-07-22,7137,1,0,1,1,16160.0,0,0,a,a,"Mar,Jun,Sept,Dec"
105,2014-07-22,4023,1,0,1,0,6190.0,0,0,a,c,"Mar,Jun,Sept,Dec"
102,2014-07-22,0,0,0,1,1,150.0,0,0,a,a,"Mar,Jun,Sept,Dec"
10,2014-07-22,4632,1,0,0,0,3160.0,0,0,a,a,No_Promo2
57,2014-07-22,6751,1,0,0,1,420.0,0,0,d,c,No_Promo2
50,2014-07-22,2902,1,0,0,0,6260.0,0,0,d,a,No_Promo2
49,2014-07-22,5638,1,0,0,0,16160.0,0,0,d,c,No_Promo2
1086,2014-07-22,4196,1,0,1,0,180.0,0,0,a,a,"Feb,May,Aug,Nov"
1115,2014-07-22,4604,1,0,1,0,5350.0,0,0,d,c,"Mar,Jun,Sept,Dec"
85,2014-07-23,5388,1,0,0,1,1870.0,0,0,b,a,No_Promo2
71,2014-07-23,6711,1,0,1,1,16160.0,0,0,a,a,"Mar,Jun,Sept,Dec"
105,2014-07-23,3942,1,0,1,0,6190.0,0,0,a,c,"Mar,Jun,Sept,Dec"
102,2014-07-23,0,0,0,1,1,150.0,0,0,a,a,"Mar,Jun,Sept,Dec"
10,2014-07-23,5096,1,0,0,0,3160.0,0,0,a,a,No_Promo2
57,2014-07-23,5701,1,0,0,1,420.0,0,0,d,c,No_Promo2
50,2014-07-23,3000,1,0,0,0,6260.0,0,0,d,a,No_Promo2
49,2014-07-23,5709,1,0,0,0,16160.0,0,0,d,c,No_Promo2
1086,2014-07-23,4433,1,0,1,0,180.0,0,0,a,a,"Feb,May,Aug,Nov"
1115,2014-07-23,4831,1,0,1,0,5350.0,0,0,d,c,"Mar,Jun,Sept,Dec"
85,2014-07-24,5610,1,0,0,1,1870.0,0,0,b,a,No_Promo2
71,2014-07-24,6983,1,0,1,1,16160.0,0,0,a,a,"Mar,Jun,Sept,Dec"
102,2014-07-24,0,1,0,1,1,150.0,0,0,a,a,"Mar,Jun,Sept,Dec"
105,2014-07-24,3998,1,0,1,0,6190.0,0,0,a,c,"Mar,Jun,Sept,Dec"
10,2014-07-24,4833,1,0,0,0,3160.0,0,0,a,a,No_Promo2
57,2014-07-24,7072,1,0,0,1,420.0,0,0,d,c,No_Promo2
50,2014-07-24,3183,1,0,0,0,6260.0,0,0,d,a,No_Promo2
49,2014-07-24,6220,1,0,0,0,16160.0,0,0,d,c,No_Promo2
1115,2014-07-24,5639,1,0,1,0,5350.0,0,0,d,c,"Mar,Jun,Sept,Dec"
1086,2014-07-24,4072,1,0,1,0,180.0,0,0,a,a,"Feb,May,Aug,Nov"
85,2014-07-25,5246,1,0,0,1,1870.0,0,0,b,a,No_Promo2
71,2014-07-25,7321,1,0,1,1,16160.0,0,0,a,a,"Mar,Jun,Sept,Dec"
105,2014-07-25,4047,1,0,1,0,6190.0,0,0,a,c,"Mar,Jun,Sept,Dec"
102,2014-07-25,12639,1,0,1,1,150.0,0,0,a,a,"Mar,Jun,Sept,Dec"
10,2014-07-25,5027,1,0,0,0,3160.0,0,0,a,a,No_Promo2
57,2014-07-25,6303,1,0,0,1,420.0,0,0,d,c,No_Promo2
50,2014-07-25,3433,1,0,0,0,6260.0,0,0,d,a,No_Promo2
49,2014-07-25,6323,1,0,0,0,16160.0,0,0,d,c,No_Promo2
1086,2014-07-25,4473,1,0,1,0,180.0,0,0,a,a,"Feb,May,Aug,Nov"
1115,2014-07-25,6004,1,0,1,0,5350.0,0,0,d,c,"Mar,Jun,Sept,Dec"
85,2014-07-26,5033,1,0,0,0,1870.0,0,0,b,a,No_Promo2
71,2014-07-26,6127,1,0,1,0,16160.0,0,0,a,a,"Mar,Jun,Sept,Dec"
102,2014-07-26,9826,1,0,1,0,150.0,0,0,a,a,"Mar,Jun,Sept,Dec"
105,2014-07-26,3141,1,0,1,0,6190.0,0,0,a,c,"Mar,Jun,Sept,Dec"
10,2014-07-26,5429,1,0,0,0,3160.0,0,0,a,a,No_Promo2
57,2014-07-26,5261,1,0,0,0,420.0,0,0,d,c,No_Promo2
50,2014-07-26,4178,1,0,0,0,6260.0,0,0,d,a,No_Promo2
49,2014-07-26,7394,1,0,0,0,16160.0,0,0,d,c,No_Promo2
1086,2014-07-26,3665,1,0,1,0,180.0,0,0,a,a,"Feb,May,Aug,Nov"
1115,2014-07-26,7806,1,0,1,0,5350.0,0,0,d,c,"Mar,Jun,Sept,Dec"
85,2014-07-27,11045,1,0,0,0,1870.0,0,0,b,a,No_Promo2
71,2014-07-27,0,0,0,1,0,16160.0,0,0,a,a,"Mar,Jun,Sept,Dec"
102,2014-07-27,0,0,0,1,0,150.0,0,0,a,a,"Mar,Jun,Sept,Dec"
105,2014-07-27,0,0,0,1,0,6190.0,0,0,a,c,"Mar,Jun,Sept,Dec"
10,2014-07-27,0,0,0,0,0,3160.0,0,0,a,a,No_Promo2
57,2014-07-27,0,0,0,0,0,420.0,0,0,d,c,No_Promo2
50,2014-07-27,0,0,0,0,0,6260.0,0,0,d,a,No_Promo2
49,2014-07-27,0,0,0,0,0,16160.0,0,0,d,c,No_Promo2
1115,2014-07-27,0,0,0,1,0,5350.0,0,0,d,c,"Mar,Jun,Sept,Dec"
1086,2014-07-27,0,0,0,1,0,180.0,0,0,a,a,"Feb,May,Aug,Nov"
85,2014-07-28,7915,1,1,0,1,1870.0,0,0,b,a,No_Promo2
71,2014-07-28,12897,1,1,1,1,16160.0,0,0,a,a,"Mar,Jun,Sept,Dec"
102,2014-07-28,9626,1,1,1,1,150.0,0,0,a,a,"Mar,Jun,Sept,Dec"
105,2014-07-28,7327,1,1,1,0,6190.0,0,0,a,c,"Mar,Jun,Sept,Dec"
10,2014-07-28,8422,1,1,0,0,3160.0,0,0,a,a,No_Promo2
57,2014-07-28,14018,1,1,0,1,420.0,0,0,d,c,No_Promo2
50,2014-07-28,5914,1,1,0,1,6260.0,0,0,d,a,No_Promo2
49,2014-07-28,10121,1,1,0,0,16160.0,0,0,d,c,No_Promo2
1115,2014-07-28,8501,1,1,1,1,5350.0,0,0,d,c,"Mar,Jun,Sept,Dec"
1086,2014-07-28,10023,1,1,1,1,180.0,0,0,a,a,"Feb,May,Aug,Nov"
85,2014-07-29,7078,1,1,0,1,1870.0,0,0,b,a,No_Promo2
71,2014-07-29,10356,1,1,1,1,16160.0,0,0,a,a,"Mar,Jun,Sept,Dec"
102,2014-07-29,8620,1,1,1,1,150.0,0,0,a,a,"Mar,Jun,Sept,Dec"
105,2014-07-29,6351,1,1,1,0,6190.0,0,0,a,c,"Mar,Jun,Sept,Dec"
10,2014-07-29,6635,1,1,0,0,3160.0,0,0,a,a,No_Promo2
57,2014-07-29,9893,1,1,0,1,420.0,0,0,d,c,No_Promo2
50,2014-07-29,5168,1,1,0,1,6260.0,0,0,d,a,No_Promo2
49,2014-07-29,9136,1,1,0,0,16160.0,0,0,d,c,No_Promo2
1086,2014-07-29,8143,1,1,1,1,180.0,0,0,a,a,"Feb,May,Aug,Nov"
1115,2014-07-29,7220,1,1,1,1,5350.0,0,0,d,c,"Mar,Jun,Sept,Dec"
85,2014-07-30,7207,1,1,0,1,1870.0,0,0,b,a,No_Promo2
71,2014-07-30,11175,1,1,1,1,16160.0,0,0,a,a,"Mar,Jun,Sept,Dec"
102,2014-07-30,8875,1,1,1,1,150.0,0,0,a,a,"Mar,Jun,Sept,Dec"
105,2014-07-30,6282,1,1,1,0,6190.0,0,0,a,c,"Mar,Jun,Sept,Dec"
10,2014-07-30,6316,1,1,0,0,3160.0,0,0,a,a,No_Promo2
57,2014-07-30,8842,1,1,0,1,420.0,0,0,d,c,No_Promo2
50,2014-07-30,4977,1,1,0,1,6260.0,0,0,d,a,No_Promo2
49,2014-07-30,9649,1,1,0,0,16160.0,0,0,d,c,No_Promo2
1086,2014-07-30,8589,1,1,1,1,180.0,0,0,a,a,"Feb,May,Aug,Nov"
1115,2014-07-30,7667,1,1,1,1,5350.0,0,0,d,c,"Mar,Jun,Sept,Dec"
85,2014-07-31,8121,1,1,0,1,1870.0,0,0,b,a,No_Promo2
71,2014-07-31,11440,1,1,1,1,16160.0,0,0,a,a,"Mar,Jun,Sept,Dec"
105,2014-07-31,6712,1,1,1,1,6190.0,0,0,a,c,"Mar,Jun,Sept,Dec"
102,2014-07-31,12002,1,1,1,1,150.0,0,0,a,a,"Mar,Jun,Sept,Dec"
10,2014-07-31,6637,1,1,0,1,3160.0,0,0,a,a,No_Promo2
57,2014-07-31,11059,1,1,0,1,420.0,0,0,d,c,No_Promo2
50,2014-07-31,5467,1,1,0,1,6260.0,0,0,d,a,No_Promo2
49,2014-07-31,9568,1,1,0,1,16160.0,0,0,d,c,No_Promo2
1086,2014-07-31,8960,1,1,1,0,180.0,0,0,a,a,"Feb,May,Aug,Nov"
1115,2014-07-31,8050,1,1,1,0,5350.0,0,0,d,c,"Mar,Jun,Sept,Dec"
85,2014-08-01,7855,1,1,0,1,1870.0,0,0,b,a,No_Promo2
71,2014-08-01,10100,1,1,1,1,16160.0,0,0,a,a,"Mar,Jun,Sept,Dec"
105,2014-08-01,5308,1,1,1,1,6190.0,0,0,a,c,"Mar,Jun,Sept,Dec"
102,2014-08-01,9641,1,1,1,1,150.0,0,0,a,a,"Mar,Jun,Sept,Dec"
10,2014-08-01,6997,1,1,0,1,3160.0,0,0,a,a,No_Promo2
57,2014-08-01,10032,1,1,0,1,420.0,0,0,d,c,No_Promo2
50,2014-08-01,5137,1,1,0,1,6260.0,0,0,d,a,No_Promo2
49,2014-08-01,9048,1,1,0,1,16160.0,0,0,d,c,No_Promo2
1115,2014-08-01,8580,1,1,1,1,5350.0,0,0,d,c,"Mar,Jun,Sept,Dec"
1086,2014-08-01,6625,1,1,1,1,180.0,0,0,a,a,"Feb,May,Aug,Nov"
85,2014-08-02,5845,1,0,0,0,1870.0,0,0,b,a,No_Promo2
71,2014-08-02,6828,1,0,1,0,16160.0,0,0,a,a,"Mar,Jun,Sept,Dec"
102,2014-08-02,5882,1,0,1,0,150.0,0,0,a,a,"Mar,Jun,Sept,Dec"
105,2014-08-02,3161,1,0,1,0,6190.0,0,0,a,c,"Mar,Jun,Sept,Dec"
10,2014-08-02,5284,1,0,0,1,3160.0,0,0,a,a,No_Promo2
57,2014-08-02,5695,1,0,0,0,420.0,0,0,d,c,No_Promo2
50,2014-08-02,4617,1,0,0,0,6260.0,0,0,d,a,No_Promo2
49,2014-08-02,8022,1,0,0,0,16160.0,0,0,d,c,No_Promo2
1115,2014-08-02,6455,1,0,1,1,5350.0,0,0,d,c,"Mar,Jun,Sept,Dec"
1086,2014-08-02,3706,1,0,1,1,180.0,0,0,a,a,"Feb,May,Aug,Nov"
85,2014-08-03,12265,1,0,0,0,1870.0,0,0,b,a,No_Promo2
71,2014-08-03,0,0,0,1,0,16160.0,0,0,a,a,"Mar,Jun,Sept,Dec"
102,2014-08-03,0,0,0,1,0,150.0,0,0,a,a,"Mar,Jun,Sept,Dec"
105,2014-08-03,0,0,0,1,0,6190.0,0,0,a,c,"Mar,Jun,Sept,Dec"
10,2014-08-03,0,0,0,0,1,3160.0,0,0,a,a,No_Promo2
57,2014-08-03,0,0,0,0,0,420.0,0,0,d,c,No_Promo2
50,2014-08-03,0,0,0,0,0,6260.0,0,0,d,a,No_Promo2
49,2014-08-03,0,0,0,0,0,16160.0,0,0,d,c,No_Promo2
1115,2014-08-03,0,0,0,1,1,5350.0,0,0,d,c,"Mar,Jun,Sept,Dec"
1086,2014-08-03,0,0,0,1,1,180.0,0,0,a,a,"Feb,May,Aug,Nov"
85,2014-08-04,8779,1,1,0,1,1870.0,0,0,b,a,No_Promo2
71,2014-08-04,14300,1,1,1,1,16160.0,0,0,a,a,"Mar,Jun,Sept,Dec"
102,2014-08-04,11784,1,1,1,1,150.0,0,0,a,a,"Mar,Jun,Sept,Dec"
105,2014-08-04,6879,1,1,1,1,6190.0,0,0,a,c,"Mar,Jun,Sept,Dec"
10,2014-08-04,7049,1,1,0,1,3160.0,0,0,a,a,No_Promo2
57,2014-08-04,11455,1,1,0,1,420.0,0,0,d,c,No_Promo2
50,2014-08-04,6202,1,1,0,1,6260.0,0,0,d,a,No_Promo2
49,2014-08-04,10251,1,1,0,1,16160.0,0,0,d,c,No_Promo2
1086,2014-08-04,11682,1,1,1,1,180.0,0,0,a,a,"Feb,May,Aug,Nov"
1115,2014-08-04,8457,1,1,1,1,5350.0,0,0,d,c,"Mar,Jun,Sept,Dec"
85,2014-08-05,7055,1,1,0,1,1870.0,0,0,b,a,No_Promo2
71,2014-08-05,10216,1,1,1,1,16160.0,0,0,a,a,"Mar,Jun,Sept,Dec"
105,2014-08-05,5019,1,1,1,1,6190.0,0,0,a,c,"Mar,Jun,Sept,Dec"
102,2014-08-05,9278,1,1,1,1,150.0,0,0,a,a,"Mar,Jun,Sept,Dec"
10,2014-08-05,6201,1,1,0,1,3160.0,0,0,a,a,No_Promo2
57,2014-08-05,10624,1,1,0,1,420.0,0,0,d,c,No_Promo2
50,2014-08-05,4846,1,1,0,1,6260.0,0,0,d,a,No_Promo2
49,2014-08-05,9302,1,1,0,1,16160.0,0,0,d,c,No_Promo2
1115,2014-08-05,7028,1,1,1,1,5350.0,0,0,d,c,"Mar,Jun,Sept,Dec"
1086,2014-08-05,8295,1,1,1,1,180.0,0,0,a,a,"Feb,May,Aug,Nov"
85,2014-08-06,7098,1,1,0,1,1870.0,0,0,b,a,No_Promo2
71,2014-08-06,9310,1,1,1,1,16160.0,0,0,a,a,"Mar,Jun,Sept,Dec"
102,2014-08-06,8004,1,1,1,1,150.0,0,0,a,a,"Mar,Jun,Sept,Dec"
105,2014-08-06,5039,1,1,1,1,6190.0,0,0,a,c,"Mar,Jun,Sept,Dec"
10,2014-08-06,5811,1,1,0,1,3160.0,0,0,a,a,No_Promo2
57,2014-08-06,8361,1,1,0,1,420.0,0,0,d,c,No_Promo2
50,2014-08-06,4913,1,1,0,1,6260.0,0,0,d,a,No_Promo2
49,2014-08-06,6990,1,1,0,1,16160.0,0,0,d,c,No_Promo2
1115,2014-08-06,5746,1,1,1,1,5350.0,0,0,d,c,"Mar,Jun,Sept,Dec"
1086,2014-08-06,7115,1,1,1,1,180.0,0,0,a,a,"Feb,May,Aug,Nov"
85,2014-08-07,6605,1,1,0,1,1870.0,0,0,b,a,No_Promo2
71,2014-08-07,8684,1,1,1,1,16160.0,0,0,a,a,"Mar,Jun,Sept,Dec"
102,2014-08-07,7291,1,1,1,1,150.0,0,0,a,a,"Mar,Jun,Sept,Dec"
105,2014-08-07,5372,1,1,1,1,6190.0,0,0,a,c,"Mar,Jun,Sept,Dec"
10,2014-08-07,5452,1,1,0,1,3160.0,0,0,a,a,No_Promo2
57,2014-08-07,9816,1,1,0,1,420.0,0,0,d,c,No_Promo2
50,2014-08-07,4656,1,1,0,1,6260.0,0,0,d,a,No_Promo2
49,2014-08-07,8029,1,1,0,1,16160.0,0,0,d,c,No_Promo2
1115,2014-08-07,6616,1,1,1,1,5350.0,0,0,d,c,"Mar,Jun,Sept,Dec"
1086,2014-08-07,7192,1,1,1,1,180.0,0,0,a,a,"Feb,May,Aug,Nov"
85,2014-08-08,6565,1,1,0,1,1870.0,0,0,b,a,No_Promo2
71,2014-08-08,9295,1,1,1,1,16160.0,0,0,a,a,"Mar,Jun,Sept,Dec"
102,2014-08-08,6837,1,1,1,1,150.0,0,0,a,a,"Mar,Jun,Sept,Dec"
105,2014-08-08,4742,1,1,1,1,6190.0,0,0,a,c,"Mar,Jun,Sept,Dec"
10,2014-08-08,5683,1,1,0,1,3160.0,0,0,a,a,No_Promo2
57,2014-08-08,8351,1,1,0,1,420.0,0,0,d,c,No_Promo2
50,2014-08-08,4098,1,1,0,1,6260.0,0,0,d,a,No_Promo2
49,2014-08-08,7468,1,1,0,1,16160.0,0,0,d,c,No_Promo2
1115,2014-08-08,6069,1,1,1,1,5350.0,0,0,d,c,"Mar,Jun,Sept,Dec"
1086,2014-08-08,6139,1,1,1,1,180.0,0,0,a,a,"Feb,May,Aug,Nov"
85,2014-08-09,5242,1,0,0,0,1870.0,0,0,b,a,No_Promo2
71,2014-08-09,6576,1,0,1,0,16160.0,0,0,a,a,"Mar,Jun,Sept,Dec"
105,2014-08-09,3008,1,0,1,0,6190.0,0,0,a,c,"Mar,Jun,Sept,Dec"
102,2014-08-09,5689,1,0,1,0,150.0,0,0,a,a,"Mar,Jun,Sept,Dec"
10,2014-08-09,4420,1,0,0,1,3160.0,0,0,a,a,No_Promo2
57,2014-08-09,5248,1,0,0,0,420.0,0,0,d,c,No_Promo2
50,2014-08-09,3846,1,0,0,0,6260.0,0,0,d,a,No_Promo2
49,2014-08-09,7594,1,0,0,0,16160.0,0,0,d,c,No_Promo2
1115,2014-08-09,6641,1,0,1,1,5350.0,0,0,d,c,"Mar,Jun,Sept,Dec"
1086,2014-08-09,3410,1,0,1,1,180.0,0,0,a,a,"Feb,May,Aug,Nov"
85,2014-08-10,12129,1,0,0,0,1870.0,0,0,b,a,No_Promo2
71,2014-08-10,0,0,0,1,0,16160.0,0,0,a,a,"Mar,Jun,Sept,Dec"
102,2014-08-10,0,0,0,1,0,150.0,0,0,a,a,"Mar,Jun,Sept,Dec"
105,2014-08-10,0,0,0,1,0,6190.0,0,0,a,c,"Mar,Jun,Sept,Dec"
10,2014-08-10,0,0,0,0,1,3160.0,0,0,a,a,No_Promo2
57,2014-08-10,0,0,0,0,0,420.0,0,0,d,c,No_Promo2
50,2014-08-10,0,0,0,0,0,6260.0,0,0,d,a,No_Promo2
49,2014-08-10,0,0,0,0,0,16160.0,0,0,d,c,No_Promo2
1115,2014-08-10,0,0,0,1,1,5350.0,0,0,d,c,"Mar,Jun,Sept,Dec"
1086,2014-08-10,0,0,0,1,1,180.0,0,0,a,a,"Feb,May,Aug,Nov"
85,2014-08-11,6113,1,0,0,1,1870.0,0,0,b,a,No_Promo2
71,2014-08-11,7615,1,0,1,1,16160.0,0,0,a,a,"Mar,Jun,Sept,Dec"
102,2014-08-11,6085,1,0,1,1,150.0,0,0,a,a,"Mar,Jun,Sept,Dec"
105,2014-08-11,4645,1,0,1,1,6190.0,0,0,a,c,"Mar,Jun,Sept,Dec"
10,2014-08-11,5661,1,0,0,1,3160.0,0,0,a,a,No_Promo2
57,2014-08-11,6835,1,0,0,1,420.0,0,0,d,c,No_Promo2
49,2014-08-11,6552,1,0,0,1,16160.0,0,0,d,c,No_Promo2
50,2014-08-11,3151,1,0,0,1,6260.0,0,0,d,a,No_Promo2
1115,2014-08-11,5612,1,0,1,1,5350.0,0,0,d,c,"Mar,Jun,Sept,Dec"
1086,2014-08-11,5728,1,0,1,1,180.0,0,0,a,a,"Feb,May,Aug,Nov"
85,2014-08-12,5729,1,0,0,1,1870.0,0,0,b,a,No_Promo2
71,2014-08-12,7026,1,0,1,1,16160.0,0,0,a,a,"Mar,Jun,Sept,Dec"
102,2014-08-12,5285,1,0,1,1,150.0,0,0,a,a,"Mar,Jun,Sept,Dec"
105,2014-08-12,3520,1,0,1,1,6190.0,0,0,a,c,"Mar,Jun,Sept,Dec"
10,2014-08-12,4672,1,0,0,1,3160.0,0,0,a,a,No_Promo2
57,2014-08-12,6907,1,0,0,1,420.0,0,0,d,c,No_Promo2
50,2014-08-12,2836,1,0,0,1,6260.0,0,0,d,a,No_Promo2
49,2014-08-12,5494,1,0,0,1,16160.0,0,0,d,c,No_Promo2
1115,2014-08-12,4964,1,0,1,1,5350.0,0,0,d,c,"Mar,Jun,Sept,Dec"
1086,2014-08-12,4758,1,0,1,1,180.0,0,0,a,a,"Feb,May,Aug,Nov"
85,2014-08-13,6111,1,0,0,1,1870.0,0,0,b,a,No_Promo2
71,2014-08-13,7341,1,0,1,1,16160.0,0,0,a,a,"Mar,Jun,Sept,Dec"
102,2014-08-13,5404,1,0,1,1,150.0,0,0,a,a,"Mar,Jun,Sept,Dec"
105,2014-08-13,3540,1,0,1,1,6190.0,0,0,a,c,"Mar,Jun,Sept,Dec"
10,2014-08-13,4791,1,0,0,1,3160.0,0,0,a,a,No_Promo2
57,2014-08-13,6172,1,0,0,1,420.0,0,0,d,c,No_Promo2
49,2014-08-13,5735,1,0,0,1,16160.0,0,0,d,c,No_Promo2
50,2014-08-13,2798,1,0,0,1,6260.0,0,0,d,a,No_Promo2
1115,2014-08-13,4485,1,0,1,1,5350.0,0,0,d,c,"Mar,Jun,Sept,Dec"
1086,2014-08-13,4661,1,0,1,1,180.0,0,0,a,a,"Feb,May,Aug,Nov"
85,2014-08-14,5290,1,0,0,1,1870.0,0,0,b,a,No_Promo2
71,2014-08-14,7091,1,0,1,1,16160.0,0,0,a,a,"Mar,Jun,Sept,Dec"
102,2014-08-14,5156,1,0,1,1,150.0,0,0,a,a,"Mar,Jun,Sept,Dec"
105,2014-08-14,3793,1,0,1,1,6190.0,0,0,a,c,"Mar,Jun,Sept,Dec"
10,2014-08-14,4206,1,0,0,1,3160.0,0,0,a,a,No_Promo2
57,2014-08-14,6862,1,0,0,1,420.0,0,0,d,c,No_Promo2
50,2014-08-14,3308,1,0,0,1,6260.0,0,0,d,a,No_Promo2
49,2014-08-14,5950,1,0,0,1,16160.0,0,0,d,c,No_Promo2
1115,2014-08-14,5359,1,0,1,1,5350.0,0,0,d,c,"Mar,Jun,Sept,Dec"
1086,2014-08-14,5018,1,0,1,1,180.0,0,0,a,a,"Feb,May,Aug,Nov"
85,2014-08-15,5632,1,0,0,1,1870.0,0,0,b,a,No_Promo2
71,2014-08-15,7231,1,0,1,1,16160.0,0,0,a,a,"Mar,Jun,Sept,Dec"
102,2014-08-15,4776,1,0,1,1,150.0,0,0,a,a,"Mar,Jun,Sept,Dec"
105,2014-08-15,3623,1,0,1,1,6190.0,0,0,a,c,"Mar,Jun,Sept,Dec"
10,2014-08-15,5205,1,0,0,1,3160.0,0,0,a,a,No_Promo2
57,2014-08-15,7578,1,0,0,1,420.0,0,0,d,c,No_Promo2
50,2014-08-15,3593,1,0,0,1,6260.0,0,0,d,a,No_Promo2
49,2014-08-15,6506,1,0,0,1,16160.0,0,0,d,c,No_Promo2
1086,2014-08-15,4473,1,0,1,1,180.0,0,0,a,a,"Feb,May,Aug,Nov"
1115,2014-08-15,5399,1,0,1,1,5350.0,0,0,d,c,"Mar,Jun,Sept,Dec"
85,2014-08-16,4420,1,0,0,0,1870.0,0,0,b,a,No_Promo2
71,2014-08-16,6673,1,0,1,0,16160.0,0,0,a,a,"Mar,Jun,Sept,Dec"
105,2014-08-16,2604,1,0,1,0,6190.0,0,0,a,c,"Mar,Jun,Sept,Dec"
102,2014-08-16,6373,1,0,1,0,150.0,0,0,a,a,"Mar,Jun,Sept,Dec"
10,2014-08-16,4478,1,0,0,1,3160.0,0,0,a,a,No_Promo2
57,2014-08-16,5799,1,0,0,0,420.0,0,0,d,c,No_Promo2
50,2014-08-16,3754,1,0,0,0,6260.0,0,0,d,a,No_Promo2
49,2014-08-16,6830,1,0,0,0,16160.0,0,0,d,c,No_Promo2
1086,2014-08-16,3693,1,0,1,1,180.0,0,0,a,a,"Feb,May,Aug,Nov"
1115,2014-08-16,5755,1,0,1,1,5350.0,0,0,d,c,"Mar,Jun,Sept,Dec"
85,2014-08-17,11707,1,0,0,0,1870.0,0,0,b,a,No_Promo2
71,2014-08-17,0,0,0,1,0,16160.0,0,0,a,a,"Mar,Jun,Sept,Dec"
105,2014-08-17,0,0,0,1,0,6190.0,0,0,a,c,"Mar,Jun,Sept,Dec"
102,2014-08-17,0,0,0,1,0,150.0,0,0,a,a,"Mar,Jun,Sept,Dec"
10,2014-08-17,0,0,0,0,1,3160.0,0,0,a,a,No_Promo2
57,2014-08-17,0,0,0,0,0,420.0,0,0,d,c,No_Promo2
50,2014-08-17,0,0,0,0,0,6260.0,0,0,d,a,No_Promo2
49,2014-08-17,0,0,0,0,0,16160.0,0,0,d,c,No_Promo2
1086,2014-08-17,0,0,0,1,1,180.0,0,0,a,a,"Feb,May,Aug,Nov"
1115,2014-08-17,0,0,0,1,1,5350.0,0,0,d,c,"Mar,Jun,Sept,Dec"
85,2014-08-18,8270,1,1,0,1,1870.0,0,0,b,a,No_Promo2
71,2014-08-18,14693,1,1,1,1,16160.0,0,0,a,a,"Mar,Jun,Sept,Dec"
105,2014-08-18,7274,1,1,1,1,6190.0,0,0,a,c,"Mar,Jun,Sept,Dec"
102,2014-08-18,11889,1,1,1,1,150.0,0,0,a,a,"Mar,Jun,Sept,Dec"
10,2014-08-18,6450,1,1,0,1,3160.0,0,0,a,a,No_Promo2
57,2014-08-18,13377,1,1,0,1,420.0,0,0,d,c,No_Promo2
50,2014-08-18,6173,1,1,0,1,6260.0,0,0,d,a,No_Promo2
49,2014-08-18,10984,1,1,0,1,16160.0,0,0,d,c,No_Promo2
1115,2014-08-18,8993,1,1,1,1,5350.0,0,0,d,c,"Mar,Jun,Sept,Dec"
1086,2014-08-18,11704,1,1,1,1,180.0,0,0,a,a,"Feb,May,Aug,Nov"
85,2014-08-19,7415,1,1,0,1,1870.0,0,0,b,a,No_Promo2
71,2014-08-19,11032,1,1,1,1,16160.0,0,0,a,a,"Mar,Jun,Sept,Dec"
102,2014-08-19,10039,1,1,1,1,150.0,0,0,a,a,"Mar,Jun,Sept,Dec"
105,2014-08-19,5677,1,1,1,1,6190.0,0,0,a,c,"Mar,Jun,Sept,Dec"
10,2014-08-19,5044,1,1,0,1,3160.0,0,0,a,a,No_Promo2
57,2014-08-19,10427,1,1,0,1,420.0,0,0,d,c,No_Promo2
50,2014-08-19,4532,1,1,0,1,6260.0,0,0,d,a,No_Promo2
49,2014-08-19,7979,1,1,0,1,16160.0,0,0,d,c,No_Promo2
1086,2014-08-19,7829,1,1,1,1,180.0,0,0,a,a,"Feb,May,Aug,Nov"
1115,2014-08-19,6453,1,1,1,1,5350.0,0,0,d,c,"Mar,Jun,Sept,Dec"
85,2014-08-20,6514,1,1,0,1,1870.0,0,0,b,a,No_Promo2
71,2014-08-20,9471,1,1,1,0,16160.0,0,0,a,a,"Mar,Jun,Sept,Dec"
105,2014-08-20,4481,1,1,1,1,6190.0,0,0,a,c,"Mar,Jun,Sept,Dec"
102,2014-08-20,8965,1,1,1,0,150.0,0,0,a,a,"Mar,Jun,Sept,Dec"
10,2014-08-20,5053,1,1,0,1,3160.0,0,0,a,a,No_Promo2
57,2014-08-20,9911,1,1,0,1,420.0,0,0,d,c,No_Promo2
50,2014-08-20,4555,1,1,0,1,6260.0,0,0,d,a,No_Promo2
49,2014-08-20,7390,1,1,0,1,16160.0,0,0,d,c,No_Promo2
1115,2014-08-20,6228,1,1,1,1,5350.0,0,0,d,c,"Mar,Jun,Sept,Dec"
1086,2014-08-20,7811,1,1,1,1,180.0,0,0,a,a,"Feb,May,Aug,Nov"
85,2014-08-21,6506,1,1,0,1,1870.0,0,0,b,a,No_Promo2
71,2014-08-21,8617,1,1,1,0,16160.0,0,0,a,a,"Mar,Jun,Sept,Dec"
102,2014-08-21,7341,1,1,1,0,150.0,0,0,a,a,"Mar,Jun,Sept,Dec"
105,2014-08-21,4472,1,1,1,1,6190.0,0,0,a,c,"Mar,Jun,Sept,Dec"
10,2014-08-21,5182,1,1,0,1,3160.0,0,0,a,a,No_Promo2
57,2014-08-21,10019,1,1,0,1,420.0,0,0,d,c,No_Promo2
50,2014-08-21,4546,1,1,0,1,6260.0,0,0,d,a,No_Promo2
49,2014-08-21,6924,1,1,0,1,16160.0,0,0,d,c,No_Promo2
1086,2014-08-21,6641,1,1,1,1,180.0,0,0,a,a,"Feb,May,Aug,Nov"
1115,2014-08-21,7648,1,1,1,1,5350.0,0,0,d,c,"Mar,Jun,Sept,Dec"
85,2014-08-22,6658,1,1,0,1,1870.0,0,0,b,a,No_Promo2
71,2014-08-22,8021,1,1,1,0,16160.0,0,0,a,a,"Mar,Jun,Sept,Dec"
105,2014-08-22,4276,1,1,1,1,6190.0,0,0,a,c,"Mar,Jun,Sept,Dec"
102,2014-08-22,7144,1,1,1,0,150.0,0,0,a,a,"Mar,Jun,Sept,Dec"
10,2014-08-22,4682,1,1,0,1,3160.0,0,0,a,a,No_Promo2
57,2014-08-22,8346,1,1,0,1,420.0,0,0,d,c,No_Promo2
50,2014-08-22,4282,1,1,0,1,6260.0,0,0,d,a,No_Promo2
49,2014-08-22,7022,1,1,0,1,16160.0,0,0,d,c,No_Promo2
1086,2014-08-22,6164,1,1,1,1,180.0,0,0,a,a,"Feb,May,Aug,Nov"
1115,2014-08-22,6585,1,1,1,1,5350.0,0,0,d,c,"Mar,Jun,Sept,Dec"
85,2014-08-23,5460,1,0,0,0,1870.0,0,0,b,a,No_Promo2
71,2014-08-23,4630,1,0,1,0,16160.0,0,0,a,a,"Mar,Jun,Sept,Dec"
102,2014-08-23,5778,1,0,1,0,150.0,0,0,a,a,"Mar,Jun,Sept,Dec"
105,2014-08-23,2974,1,0,1,0,6190.0,0,0,a,c,"Mar,Jun,Sept,Dec"
10,2014-08-23,3567,1,0,0,1,3160.0,0,0,a,a,No_Promo2
57,2014-08-23,5896,1,0,0,0,420.0,0,0,d,c,No_Promo2
50,2014-08-23,3461,1,0,0,0,6260.0,0,0,d,a,No_Promo2
49,2014-08-23,5642,1,0,0,0,16160.0,0,0,d,c,No_Promo2
1115,2014-08-23,5353,1,0,1,1,5350.0,0,0,d,c,"Mar,Jun,Sept,Dec"
1086,2014-08-23,3414,1,0,1,1,180.0,0,0,a,a,"Feb,May,Aug,Nov"
85,2014-08-24,12063,1,0,0,0,1870.0,0,0,b,a,No_Promo2
71,2014-08-24,0,0,0,1,0,16160.0,0,0,a,a,"Mar,Jun,Sept,Dec"
105,2014-08-24,0,0,0,1,0,6190.0,0,0,a,c,"Mar,Jun,Sept,Dec"
102,2014-08-24,0,0,0,1,0,150.0,0,0,a,a,"Mar,Jun,Sept,Dec"
10,2014-08-24,0,0,0,0,1,3160.0,0,0,a,a,No_Promo2
57,2014-08-24,0,0,0,0,0,420.0,0,0,d,c,No_Promo2
50,2014-08-24,0,0,0,0,0,6260.0,0,0,d,a,No_Promo2
49,2014-08-24,0,0,0,0,0,16160.0,0,0,d,c,No_Promo2
1086,2014-08-24,0,0,0,1,1,180.0,0,0,a,a,"Feb,May,Aug,Nov"
1115,2014-08-24,0,0,0,1,1,5350.0,0,0,d,c,"Mar,Jun,Sept,Dec"
85,2014-08-25,6306,1,0,0,0,1870.0,0,0,b,a,No_Promo2
71,2014-08-25,6891,1,0,1,0,16160.0,0,0,a,a,"Mar,Jun,Sept,Dec"
105,2014-08-25,3577,1,0,1,1,6190.0,0,0,a,c,"Mar,Jun,Sept,Dec"
102,2014-08-25,5932,1,0,1,0,150.0,0,0,a,a,"Mar,Jun,Sept,Dec"
10,2014-08-25,4346,1,0,0,1,3160.0,0,0,a,a,No_Promo2
57,2014-08-25,7618,1,0,0,1,420.0,0,0,d,c,No_Promo2
50,2014-08-25,3012,1,0,0,1,6260.0,0,0,d,a,No_Promo2
49,2014-08-25,5855,1,0,0,1,16160.0,0,0,d,c,No_Promo2
1086,2014-08-25,4386,1,0,1,1,180.0,0,0,a,a,"Feb,May,Aug,Nov"
1115,2014-08-25,3992,1,0,1,1,5350.0,0,0,d,c,"Mar,Jun,Sept,Dec"
85,2014-08-26,5693,1,0,0,0,1870.0,0,0,b,a,No_Promo2
71,2014-08-26,6500,1,0,1,0,16160.0,0,0,a,a,"Mar,Jun,Sept,Dec"
105,2014-08-26,3075,1,0,1,1,6190.0,0,0,a,c,"Mar,Jun,Sept,Dec"
102,2014-08-26,4572,1,0,1,0,150.0,0,0,a,a,"Mar,Jun,Sept,Dec"
10,2014-08-26,4496,1,0,0,1,3160.0,0,0,a,a,No_Promo2
57,2014-08-26,5735,1,0,0,1,420.0,0,0,d,c,No_Promo2
50,2014-08-26,2620,1,0,0,1,6260.0,0,0,d,a,No_Promo2
49,2014-08-26,5635,1,0,0,1,16160.0,0,0,d,c,No_Promo2
1086,2014-08-26,4147,1,0,1,1,180.0,0,0,a,a,"Feb,May,Aug,Nov"
1115,2014-08-26,4271,1,0,1,1,5350.0,0,0,d,c,"Mar,Jun,Sept,Dec"
85,2014-08-27,5146,1,0,0,0,1870.0,0,0,b,a,No_Promo2
71,2014-08-27,6308,1,0,1,0,16160.0,0,0,a,a,"Mar,Jun,Sept,Dec"
102,2014-08-27,6189,1,0,1,0,150.0,0,0,a,a,"Mar,Jun,Sept,Dec"
105,2014-08-27,3198,1,0,1,1,6190.0,0,0,a,c,"Mar,Jun,Sept,Dec"
10,2014-08-27,3755,1,0,0,1,3160.0,0,0,a,a,No_Promo2
57,2014-08-27,6373,1,0,0,1,420.0,0,0,d,c,No_Promo2
50,2014-08-27,2979,1,0,0,1,6260.0,0,0,d,a,No_Promo2
49,2014-08-27,5565,1,0,0,1,16160.0,0,0,d,c,No_Promo2
1115,2014-08-27,3973,1,0,1,1,5350.0,0,0,d,c,"Mar,Jun,Sept,Dec"
1086,2014-08-27,4197,1,0,1,1,180.0,0,0,a,a,"Feb,May,Aug,Nov"
85,2014-08-28,6016,1,0,0,0,1870.0,0,0,b,a,No_Promo2
71,2014-08-28,7580,1,0,1,0,16160.0,0,0,a,a,"Mar,Jun,Sept,Dec"
105,2014-08-28,3147,1,0,1,1,6190.0,0,0,a,c,"Mar,Jun,Sept,Dec"
102,2014-08-28,5917,1,0,1,0,150.0,0,0,a,a,"Mar,Jun,Sept,Dec"
10,2014-08-28,4043,1,0,0,1,3160.0,0,0,a,a,No_Promo2
57,2014-08-28,7443,1,0,0,1,420.0,0,0,d,c,No_Promo2
50,2014-08-28,2825,1,0,0,1,6260.0,0,0,d,a,No_Promo2
49,2014-08-28,5481,1,0,0,1,16160.0,0,0,d,c,No_Promo2
1086,2014-08-28,4419,1,0,1,1,180.0,0,0,a,a,"Feb,May,Aug,Nov"
1115,2014-08-28,5504,1,0,1,1,5350.0,0,0,d,c,"Mar,Jun,Sept,Dec"
85,2014-08-29,6336,1,0,0,0,1870.0,0,0,b,a,No_Promo2
71,2014-08-29,9165,1,0,1,0,16160.0,0,0,a,a,"Mar,Jun,Sept,Dec"
102,2014-08-29,9560,1,0,1,0,150.0,0,0,a,a,"Mar,Jun,Sept,Dec"
105,2014-08-29,4465,1,0,1,1,6190.0,0,0,a,c,"Mar,Jun,Sept,Dec"
10,2014-08-29,5266,1,0,0,1,3160.0,0,0,a,a,No_Promo2
57,2014-08-29,8703,1,0,0,1,420.0,0,0,d,c,No_Promo2
50,2014-08-29,3928,1,0,0,1,6260.0,0,0,d,a,No_Promo2
49,2014-08-29,6330,1,0,0,1,16160.0,0,0,d,c,No_Promo2
1086,2014-08-29,4607,1,0,1,1,180.0,0,0,a,a,"Feb,May,Aug,Nov"
1115,2014-08-29,6519,1,0,1,1,5350.0,0,0,d,c,"Mar,Jun,Sept,Dec"
85,2014-08-30,5795,1,0,0,0,1870.0,0,0,b,a,No_Promo2
71,2014-08-30,6961,1,0,1,0,16160.0,0,0,a,a,"Mar,Jun,Sept,Dec"
102,2014-08-30,8440,1,0,1,0,150.0,0,0,a,a,"Mar,Jun,Sept,Dec"
105,2014-08-30,3729,1,0,1,0,6190.0,0,0,a,c,"Mar,Jun,Sept,Dec"
10,2014-08-30,4372,1,0,0,1,3160.0,0,0,a,a,No_Promo2
57,2014-08-30,5806,1,0,0,0,420.0,0,0,d,c,No_Promo2
50,2014-08-30,4165,1,0,0,0,6260.0,0,0,d,a,No_Promo2
49,2014-08-30,7041,1,0,0,0,16160.0,0,0,d,c,No_Promo2
1115,2014-08-30,8408,1,0,1,1,5350.0,0,0,d,c,"Mar,Jun,Sept,Dec"
1086,2014-08-30,3697,1,0,1,1,180.0,0,0,a,a,"Feb,May,Aug,Nov"
85,2014-08-31,14336,1,0,0,0,1870.0,0,0,b,a,No_Promo2
71,2014-08-31,0,0,0,1,0,16160.0,0,0,a,a,"Mar,Jun,Sept,Dec"
102,2014-08-31,0,0,0,1,0,150.0,0,0,a,a,"Mar,Jun,Sept,Dec"
105,2014-08-31,0,0,0,1,0,6190.0,0,0,a,c,"Mar,Jun,Sept,Dec"
10,2014-08-31,0,0,0,0,1,3160.0,0,0,a,a,No_Promo2
57,2014-08-31,0,0,0,0,0,420.0,0,0,d,c,No_Promo2
50,2014-08-31,0,0,0,0,0,6260.0,0,0,d,a,No_Promo2
49,2014-08-31,0,0,0,0,0,16160.0,0,0,d,c,No_Promo2
1115,2014-08-31,0,0,0,1,1,5350.0,0,0,d,c,"Mar,Jun,Sept,Dec"
1086,2014-08-31,0,0,0,1,1,180.0,0,0,a,a,"Feb,May,Aug,Nov"
85,2014-09-01,9215,1,1,0,0,1870.0,0,0,b,a,No_Promo2
71,2014-09-01,11498,1,1,1,0,16160.0,0,0,a,a,"Mar,Jun,Sept,Dec"
102,2014-09-01,12220,1,1,1,0,150.0,0,0,a,a,"Mar,Jun,Sept,Dec"
105,2014-09-01,5496,1,1,1,1,6190.0,0,0,a,c,"Mar,Jun,Sept,Dec"
10,2014-09-01,7033,1,1,0,1,3160.0,0,0,a,a,No_Promo2
57,2014-09-01,14506,1,1,0,0,420.0,0,0,d,c,No_Promo2
49,2014-09-01,10609,1,1,0,1,16160.0,0,0,d,c,No_Promo2
50,2014-09-01,6399,1,1,0,1,6260.0,0,0,d,a,No_Promo2
1115,2014-09-01,6961,1,1,1,1,5350.0,0,0,d,c,"Mar,Jun,Sept,Dec"
1086,2014-09-01,11730,1,1,1,1,180.0,0,0,a,a,"Feb,May,Aug,Nov"
85,2014-09-02,7576,1,1,0,0,1870.0,0,0,b,a,No_Promo2
71,2014-09-02,11070,1,1,1,0,16160.0,0,0,a,a,"Mar,Jun,Sept,Dec"
102,2014-09-02,9397,1,1,1,0,150.0,0,0,a,a,"Mar,Jun,Sept,Dec"
105,2014-09-02,3926,1,1,1,1,6190.0,0,0,a,c,"Mar,Jun,Sept,Dec"
10,2014-09-02,5937,1,1,0,1,3160.0,0,0,a,a,No_Promo2
57,2014-09-02,10824,1,1,0,0,420.0,0,0,d,c,No_Promo2
50,2014-09-02,4540,1,1,0,1,6260.0,0,0,d,a,No_Promo2
49,2014-09-02,7491,1,1,0,1,16160.0,0,0,d,c,No_Promo2
1086,2014-09-02,8360,1,1,1,1,180.0,0,0,a,a,"Feb,May,Aug,Nov"
1115,2014-09-02,6504,1,1,1,1,5350.0,0,0,d,c,"Mar,Jun,Sept,Dec"
85,2014-09-03,7475,1,1,0,0,1870.0,0,0,b,a,No_Promo2
71,2014-09-03,11026,1,1,1,0,16160.0,0,0,a,a,"Mar,Jun,Sept,Dec"
105,2014-09-03,4327,1,1,1,1,6190.0,0,0,a,c,"Mar,Jun,Sept,Dec"
102,2014-09-03,9290,1,1,1,0,150.0,0,0,a,a,"Mar,Jun,Sept,Dec"
10,2014-09-03,5397,1,1,0,1,3160.0,0,0,a,a,No_Promo2
57,2014-09-03,9509,1,1,0,0,420.0,0,0,d,c,No_Promo2
50,2014-09-03,4239,1,1,0,1,6260.0,0,0,d,a,No_Promo2
49,2014-09-03,8551,1,1,0,1,16160.0,0,0,d,c,No_Promo2
1086,2014-09-03,7054,1,1,1,1,180.0,0,0,a,a,"Feb,May,Aug,Nov"
1115,2014-09-03,6760,1,1,1,1,5350.0,0,0,d,c,"Mar,Jun,Sept,Dec"
85,2014-09-04,6490,1,1,0,0,1870.0,0,0,b,a,No_Promo2
71,2014-09-04,10556,1,1,1,0,16160.0,0,0,a,a,"Mar,Jun,Sept,Dec"
105,2014-09-04,4403,1,1,1,1,6190.0,0,0,a,c,"Mar,Jun,Sept,Dec"
102,2014-09-04,8885,1,1,1,0,150.0,0,0,a,a,"Mar,Jun,Sept,Dec"
10,2014-09-04,5840,1,1,0,1,3160.0,0,0,a,a,No_Promo2
57,2014-09-04,9718,1,1,0,0,420.0,0,0,d,c,No_Promo2
50,2014-09-04,4817,1,1,0,1,6260.0,0,0,d,a,No_Promo2
49,2014-09-04,7237,1,1,0,1,16160.0,0,0,d,c,No_Promo2
1115,2014-09-04,7556,1,1,1,1,5350.0,0,0,d,c,"Mar,Jun,Sept,Dec"
1086,2014-09-04,6532,1,1,1,1,180.0,0,0,a,a,"Feb,May,Aug,Nov"
85,2014-09-05,6727,1,1,0,0,1870.0,0,0,b,a,No_Promo2
71,2014-09-05,11387,1,1,1,0,16160.0,0,0,a,a,"Mar,Jun,Sept,Dec"
102,2014-09-05,9152,1,1,1,0,150.0,0,0,a,a,"Mar,Jun,Sept,Dec"
105,2014-09-05,4492,1,1,1,1,6190.0,0,0,a,c,"Mar,Jun,Sept,Dec"
10,2014-09-05,5391,1,1,0,1,3160.0,0,0,a,a,No_Promo2
57,2014-09-05,8864,1,1,0,0,420.0,0,0,d,c,No_Promo2
50,2014-09-05,4343,1,1,0,1,6260.0,0,0,d,a,No_Promo2
49,2014-09-05,7828,1,1,0,1,16160.0,0,0,d,c,No_Promo2
1115,2014-09-05,8138,1,1,1,1,5350.0,0,0,d,c,"Mar,Jun,Sept,Dec"
1086,2014-09-05,6669,1,1,1,1,180.0,0,0,a,a,"Feb,May,Aug,Nov"
85,2014-09-06,5170,1,0,0,0,1870.0,0,0,b,a,No_Promo2
71,2014-09-06,6625,1,0,1,0,16160.0,0,0,a,a,"Mar,Jun,Sept,Dec"
102,2014-09-06,6523,1,0,1,0,150.0,0,0,a,a,"Mar,Jun,Sept,Dec"
105,2014-09-06,2722,1,0,1,0,6190.0,0,0,a,c,"Mar,Jun,Sept,Dec"
10,2014-09-06,4228,1,0,0,1,3160.0,0,0,a,a,No_Promo2
57,2014-09-06,6520,1,0,0,0,420.0,0,0,d,c,No_Promo2
50,2014-09-06,3865,1,0,0,0,6260.0,0,0,d,a,No_Promo2
49,2014-09-06,6580,1,0,0,0,16160.0,0,0,d,c,No_Promo2
1115,2014-09-06,7505,1,0,1,0,5350.0,0,0,d,c,"Mar,Jun,Sept,Dec"
1086,2014-09-06,3593,1,0,1,0,180.0,0,0,a,a,"Feb,May,Aug,Nov"
85,2014-09-07,8080,1,0,0,0,1870.0,0,0,b,a,No_Promo2
71,2014-09-07,0,0,0,1,0,16160.0,0,0,a,a,"Mar,Jun,Sept,Dec"
102,2014-09-07,0,0,0,1,0,150.0,0,0,a,a,"Mar,Jun,Sept,Dec"
105,2014-09-07,0,0,0,1,0,6190.0,0,0,a,c,"Mar,Jun,Sept,Dec"
10,2014-09-07,0,0,0,0,1,3160.0,0,0,a,a,No_Promo2
57,2014-09-07,0,0,0,0,0,420.0,0,0,d,c,No_Promo2
50,2014-09-07,0,0,0,0,0,6260.0,0,0,d,a,No_Promo2
49,2014-09-07,0,0,0,0,0,16160.0,0,0,d,c,No_Promo2
1086,2014-09-07,0,0,0,1,0,180.0,0,0,a,a,"Feb,May,Aug,Nov"
1115,2014-09-07,0,0,0,1,0,5350.0,0,0,d,c,"Mar,Jun,Sept,Dec"
85,2014-09-08,5962,1,0,0,0,1870.0,0,0,b,a,No_Promo2
71,2014-09-08,7143,1,0,1,0,16160.0,0,0,a,a,"Mar,Jun,Sept,Dec"
105,2014-09-08,4208,1,0,1,1,6190.0,0,0,a,c,"Mar,Jun,Sept,Dec"
102,2014-09-08,6654,1,0,1,0,150.0,0,0,a,a,"Mar,Jun,Sept,Dec"
10,2014-09-08,5329,1,0,0,1,3160.0,0,0,a,a,No_Promo2
57,2014-09-08,7706,1,0,0,0,420.0,0,0,d,c,No_Promo2
50,2014-09-08,3346,1,0,0,0,6260.0,0,0,d,a,No_Promo2
49,2014-09-08,5667,1,0,0,1,16160.0,0,0,d,c,No_Promo2
1115,2014-09-08,6485,1,0,1,0,5350.0,0,0,d,c,"Mar,Jun,Sept,Dec"
1086,2014-09-08,4507,1,0,1,0,180.0,0,0,a,a,"Feb,May,Aug,Nov"
85,2014-09-09,5318,1,0,0,0,1870.0,0,0,b,a,No_Promo2
71,2014-09-09,7045,1,0,1,0,16160.0,0,0,a,a,"Mar,Jun,Sept,Dec"
102,2014-09-09,5949,1,0,1,0,150.0,0,0,a,a,"Mar,Jun,Sept,Dec"
105,2014-09-09,4031,1,0,1,1,6190.0,0,0,a,c,"Mar,Jun,Sept,Dec"
10,2014-09-09,4785,1,0,0,1,3160.0,0,0,a,a,No_Promo2
57,2014-09-09,6514,1,0,0,0,420.0,0,0,d,c,No_Promo2
50,2014-09-09,2735,1,0,0,0,6260.0,0,0,d,a,No_Promo2
49,2014-09-09,5594,1,0,0,1,16160.0,0,0,d,c,No_Promo2
1115,2014-09-09,5447,1,0,1,0,5350.0,0,0,d,c,"Mar,Jun,Sept,Dec"
1086,2014-09-09,4021,1,0,1,0,180.0,0,0,a,a,"Feb,May,Aug,Nov"
85,2014-09-10,5329,1,0,0,0,1870.0,0,0,b,a,No_Promo2
71,2014-09-10,6711,1,0,1,0,16160.0,0,0,a,a,"Mar,Jun,Sept,Dec"
102,2014-09-10,5210,1,0,1,0,150.0,0,0,a,a,"Mar,Jun,Sept,Dec"
105,2014-09-10,4149,1,0,1,1,6190.0,0,0,a,c,"Mar,Jun,Sept,Dec"
10,2014-09-10,5488,1,0,0,1,3160.0,0,0,a,a,No_Promo2
57,2014-09-10,6740,1,0,0,0,420.0,0,0,d,c,No_Promo2
50,2014-09-10,2885,1,0,0,0,6260.0,0,0,d,a,No_Promo2
49,2014-09-10,5823,1,0,0,1,16160.0,0,0,d,c,No_Promo2
1115,2014-09-10,6102,1,0,1,0,5350.0,0,0,d,c,"Mar,Jun,Sept,Dec"
1086,2014-09-10,4458,1,0,1,0,180.0,0,0,a,a,"Feb,May,Aug,Nov"
85,2014-09-11,5659,1,0,0,0,1870.0,0,0,b,a,No_Promo2
71,2014-09-11,7036,1,0,1,0,16160.0,0,0,a,a,"Mar,Jun,Sept,Dec"
102,2014-09-11,5084,1,0,1,0,150.0,0,0,a,a,"Mar,Jun,Sept,Dec"
105,2014-09-11,3581,1,0,1,1,6190.0,0,0,a,c,"Mar,Jun,Sept,Dec"
10,2014-09-11,4512,1,0,0,0,3160.0,0,0,a,a,No_Promo2
57,2014-09-11,6891,1,0,0,0,420.0,0,0,d,c,No_Promo2
50,2014-09-11,3239,1,0,0,0,6260.0,0,0,d,a,No_Promo2
49,2014-09-11,5612,1,0,0,1,16160.0,0,0,d,c,No_Promo2
1115,2014-09-11,5536,1,0,1,0,5350.0,0,0,d,c,"Mar,Jun,Sept,Dec"
1086,2014-09-11,4654,1,0,1,0,180.0,0,0,a,a,"Feb,May,Aug,Nov"
85,2014-09-12,5446,1,0,0,0,1870.0,0,0,b,a,No_Promo2
71,2014-09-12,7065,1,0,1,0,16160.0,0,0,a,a,"Mar,Jun,Sept,Dec"
105,2014-09-12,3447,1,0,1,1,6190.0,0,0,a,c,"Mar,Jun,Sept,Dec"
102,2014-09-12,4995,1,0,1,0,150.0,0,0,a,a,"Mar,Jun,Sept,Dec"
10,2014-09-12,5471,1,0,0,0,3160.0,0,0,a,a,No_Promo2
57,2014-09-12,7694,1,0,0,0,420.0,0,0,d,c,No_Promo2
50,2014-09-12,3538,1,0,0,0,6260.0,0,0,d,a,No_Promo2
49,2014-09-12,6324,1,0,0,1,16160.0,0,0,d,c,No_Promo2
1115,2014-09-12,5285,1,0,1,0,5350.0,0,0,d,c,"Mar,Jun,Sept,Dec"
1086,2014-09-12,4570,1,0,1,0,180.0,0,0,a,a,"Feb,May,Aug,Nov"
85,2014-09-13,5082,1,0,0,0,1870.0,0,0,b,a,No_Promo2
71,2014-09-13,7019,1,0,1,0,16160.0,0,0,a,a,"Mar,Jun,Sept,Dec"
102,2014-09-13,5905,1,0,1,0,150.0,0,0,a,a,"Mar,Jun,Sept,Dec"
105,2014-09-13,3132,1,0,1,0,6190.0,0,0,a,c,"Mar,Jun,Sept,Dec"
10,2014-09-13,4601,1,0,0,0,3160.0,0,0,a,a,No_Promo2
57,2014-09-13,5943,1,0,0,0,420.0,0,0,d,c,No_Promo2
50,2014-09-13,4298,1,0,0,0,6260.0,0,0,d,a,No_Promo2
49,2014-09-13,7948,1,0,0,0,16160.0,0,0,d,c,No_Promo2
1115,2014-09-13,6783,1,0,1,0,5350.0,0,0,d,c,"Mar,Jun,Sept,Dec"
1086,2014-09-13,3861,1,0,1,0,180.0,0,0,a,a,"Feb,May,Aug,Nov"
85,2014-09-14,12609,1,0,0,0,1870.0,0,0,b,a,No_Promo2
71,2014-09-14,0,0,0,1,0,16160.0,0,0,a,a,"Mar,Jun,Sept,Dec"
102,2014-09-14,0,0,0,1,0,150.0,0,0,a,a,"Mar,Jun,Sept,Dec"
105,2014-09-14,0,0,0,1,0,6190.0,0,0,a,c,"Mar,Jun,Sept,Dec"
10,2014-09-14,0,0,0,0,0,3160.0,0,0,a,a,No_Promo2
57,2014-09-14,0,0,0,0,0,420.0,0,0,d,c,No_Promo2
49,2014-09-14,0,0,0,0,0,16160.0,0,0,d,c,No_Promo2
50,2014-09-14,0,0,0,0,0,6260.0,0,0,d,a,No_Promo2
1115,2014-09-14,0,0,0,1,0,5350.0,0,0,d,c,"Mar,Jun,Sept,Dec"
1086,2014-09-14,0,0,0,1,0,180.0,0,0,a,a,"Feb,May,Aug,Nov"
85,2014-09-15,7614,1,1,0,0,1870.0,0,0,b,a,No_Promo2
71,2014-09-15,13452,1,1,1,0,16160.0,0,0,a,a,"Mar,Jun,Sept,Dec"
102,2014-09-15,11899,1,1,1,0,150.0,0,0,a,a,"Mar,Jun,Sept,Dec"
105,2014-09-15,7741,1,1,1,0,6190.0,0,0,a,c,"Mar,Jun,Sept,Dec"
10,2014-09-15,7583,1,1,0,0,3160.0,0,0,a,a,No_Promo2
57,2014-09-15,13634,1,1,0,0,420.0,0,0,d,c,No_Promo2
50,2014-09-15,5396,1,1,0,0,6260.0,0,0,d,a,No_Promo2
49,2014-09-15,10707,1,1,0,0,16160.0,0,0,d,c,No_Promo2
1115,2014-09-15,8174,1,1,1,0,5350.0,0,0,d,c,"Mar,Jun,Sept,Dec"
1086,2014-09-15,10745,1,1,1,0,180.0,0,0,a,a,"Feb,May,Aug,Nov"
85,2014-09-16,6651,1,1,0,0,1870.0,0,0,b,a,No_Promo2
71,2014-09-16,11009,1,1,1,0,16160.0,0,0,a,a,"Mar,Jun,Sept,Dec"
102,2014-09-16,9186,1,1,1,0,150.0,0,0,a,a,"Mar,Jun,Sept,Dec"
105,2014-09-16,5409,1,1,1,0,6190.0,0,0,a,c,"Mar,Jun,Sept,Dec"
10,2014-09-16,6124,1,1,0,0,3160.0,0,0,a,a,No_Promo2
57,2014-09-16,10728,1,1,0,0,420.0,0,0,d,c,No_Promo2
49,2014-09-16,8721,1,1,0,0,16160.0,0,0,d,c,No_Promo2
50,2014-09-16,4666,1,1,0,0,6260.0,0,0,d,a,No_Promo2
1115,2014-09-16,6670,1,1,1,0,5350.0,0,0,d,c,"Mar,Jun,Sept,Dec"
1086,2014-09-16,7983,1,1,1,0,180.0,0,0,a,a,"Feb,May,Aug,Nov"
85,2014-09-17,6559,1,1,0,0,1870.0,0,0,b,a,No_Promo2
71,2014-09-17,9540,1,1,1,0,16160.0,0,0,a,a,"Mar,Jun,Sept,Dec"
102,2014-09-17,7559,1,1,1,0,150.0,0,0,a,a,"Mar,Jun,Sept,Dec"
105,2014-09-17,5007,1,1,1,0,6190.0,0,0,a,c,"Mar,Jun,Sept,Dec"
10,2014-09-17,5714,1,1,0,0,3160.0,0,0,a,a,No_Promo2
57,2014-09-17,9191,1,1,0,0,420.0,0,0,d,c,No_Promo2
50,2014-09-17,3709,1,1,0,0,6260.0,0,0,d,a,No_Promo2
49,2014-09-17,7472,1,1,0,0,16160.0,0,0,d,c,No_Promo2
1115,2014-09-17,6661,1,1,1,0,5350.0,0,0,d,c,"Mar,Jun,Sept,Dec"
1086,2014-09-17,6501,1,1,1,0,180.0,0,0,a,a,"Feb,May,Aug,Nov"
85,2014-09-18,5971,1,1,0,0,1870.0,0,0,b,a,No_Promo2
71,2014-09-18,9052,1,1,1,0,16160.0,0,0,a,a,"Mar,Jun,Sept,Dec"
102,2014-09-18,6873,1,1,1,0,150.0,0,0,a,a,"Mar,Jun,Sept,Dec"
105,2014-09-18,4547,1,1,1,0,6190.0,0,0,a,c,"Mar,Jun,Sept,Dec"
10,2014-09-18,5511,1,1,0,0,3160.0,0,0,a,a,No_Promo2
57,2014-09-18,9270,1,1,0,0,420.0,0,0,d,c,No_Promo2
49,2014-09-18,7093,1,1,0,0,16160.0,0,0,d,c,No_Promo2
50,2014-09-18,4300,1,1,0,0,6260.0,0,0,d,a,No_Promo2
1115,2014-09-18,5911,1,1,1,0,5350.0,0,0,d,c,"Mar,Jun,Sept,Dec"
1086,2014-09-18,6537,1,1,1,0,180.0,0,0,a,a,"Feb,May,Aug,Nov"
85,2014-09-19,6650,1,1,0,0,1870.0,0,0,b,a,No_Promo2
71,2014-09-19,9413,1,1,1,0,16160.0,0,0,a,a,"Mar,Jun,Sept,Dec"
102,2014-09-19,6716,1,1,1,0,150.0,0,0,a,a,"Mar,Jun,Sept,Dec"
105,2014-09-19,4868,1,1,1,0,6190.0,0,0,a,c,"Mar,Jun,Sept,Dec"
10,2014-09-19,5512,1,1,0,0,3160.0,0,0,a,a,No_Promo2
57,2014-09-19,9030,1,1,0,0,420.0,0,0,d,c,No_Promo2
50,2014-09-19,4371,1,1,0,0,6260.0,0,0,d,a,No_Promo2
49,2014-09-19,8339,1,1,0,0,16160.0,0,0,d,c,No_Promo2
1086,2014-09-19,6316,1,1,1,0,180.0,0,0,a,a,"Feb,May,Aug,Nov"
1115,2014-09-19,6900,1,1,1,0,5350.0,0,0,d,c,"Mar,Jun,Sept,Dec"
85,2014-09-20,5183,1,0,0,0,1870.0,0,0,b,a,No_Promo2
71,2014-09-20,5886,1,0,1,0,16160.0,0,0,a,a,"Mar,Jun,Sept,Dec"
105,2014-09-20,3056,1,0,1,0,6190.0,0,0,a,c,"Mar,Jun,Sept,Dec"
102,2014-09-20,4652,1,0,1,0,150.0,0,0,a,a,"Mar,Jun,Sept,Dec"
10,2014-09-20,5075,1,0,0,0,3160.0,0,0,a,a,No_Promo2
57,2014-09-20,5507,1,0,0,0,420.0,0,0,d,c,No_Promo2
50,2014-09-20,3417,1,0,0,0,6260.0,0,0,d,a,No_Promo2
49,2014-09-20,6802,1,0,0,0,16160.0,0,0,d,c,No_Promo2
1086,2014-09-20,3301,1,0,1,0,180.0,0,0,a,a,"Feb,May,Aug,Nov"
1115,2014-09-20,6299,1,0,1,0,5350.0,0,0,d,c,"Mar,Jun,Sept,Dec"
85,2014-09-21,11875,1,0,0,0,1870.0,0,0,b,a,No_Promo2
71,2014-09-21,0,0,0,1,0,16160.0,0,0,a,a,"Mar,Jun,Sept,Dec"
105,2014-09-21,0,0,0,1,0,6190.0,0,0,a,c,"Mar,Jun,Sept,Dec"
102,2014-09-21,0,0,0,1,0,150.0,0,0,a,a,"Mar,Jun,Sept,Dec"
10,2014-09-21,0,0,0,0,0,3160.0,0,0,a,a,No_Promo2
57,2014-09-21,0,0,0,0,0,420.0,0,0,d,c,No_Promo2
50,2014-09-21,0,0,0,0,0,6260.0,0,0,d,a,No_Promo2
49,2014-09-21,0,0,0,0,0,16160.0,0,0,d,c,No_Promo2
1115,2014-09-21,0,0,0,1,0,5350.0,0,0,d,c,"Mar,Jun,Sept,Dec"
1086,2014-09-21,0,0,0,1,0,180.0,0,0,a,a,"Feb,May,Aug,Nov"
85,2014-09-22,5641,1,0,0,0,1870.0,0,0,b,a,No_Promo2
71,2014-09-22,6670,1,0,1,0,16160.0,0,0,a,a,"Mar,Jun,Sept,Dec"
102,2014-09-22,5347,1,0,1,0,150.0,0,0,a,a,"Mar,Jun,Sept,Dec"
105,2014-09-22,4480,1,0,1,0,6190.0,0,0,a,c,"Mar,Jun,Sept,Dec"
10,2014-09-22,5177,1,0,0,0,3160.0,0,0,a,a,No_Promo2
57,2014-09-22,6637,1,0,0,0,420.0,0,0,d,c,No_Promo2
50,2014-09-22,2731,1,0,0,0,6260.0,0,0,d,a,No_Promo2
49,2014-09-22,5721,1,0,0,0,16160.0,0,0,d,c,No_Promo2
1115,2014-09-22,4848,1,0,1,0,5350.0,0,0,d,c,"Mar,Jun,Sept,Dec"
1086,2014-09-22,4417,1,0,1,0,180.0,0,0,a,a,"Feb,May,Aug,Nov"
85,2014-09-23,5052,1,0,0,0,1870.0,0,0,b,a,No_Promo2
71,2014-09-23,6236,1,0,1,0,16160.0,0,0,a,a,"Mar,Jun,Sept,Dec"
102,2014-09-23,4921,1,0,1,0,150.0,0,0,a,a,"Mar,Jun,Sept,Dec"
105,2014-09-23,3589,1,0,1,0,6190.0,0,0,a,c,"Mar,Jun,Sept,Dec"
10,2014-09-23,4787,1,0,0,0,3160.0,0,0,a,a,No_Promo2
57,2014-09-23,6314,1,0,0,0,420.0,0,0,d,c,No_Promo2
50,2014-09-23,2447,1,0,0,0,6260.0,0,0,d,a,No_Promo2
49,2014-09-23,5073,1,0,0,0,16160.0,0,0,d,c,No_Promo2
1115,2014-09-23,4096,1,0,1,0,5350.0,0,0,d,c,"Mar,Jun,Sept,Dec"
1086,2014-09-23,3818,1,0,1,0,180.0,0,0,a,a,"Feb,May,Aug,Nov"
85,2014-09-24,4773,1,0,0,0,1870.0,0,0,b,a,No_Promo2
71,2014-09-24,6654,1,0,1,0,16160.0,0,0,a,a,"Mar,Jun,Sept,Dec"
102,2014-09-24,4202,1,0,1,0,150.0,0,0,a,a,"Mar,Jun,Sept,Dec"
105,2014-09-24,3890,1,0,1,0,6190.0,0,0,a,c,"Mar,Jun,Sept,Dec"
10,2014-09-24,4679,1,0,0,0,3160.0,0,0,a,a,No_Promo2
57,2014-09-24,6336,1,0,0,0,420.0,0,0,d,c,No_Promo2
50,2014-09-24,2618,1,0,0,0,6260.0,0,0,d,a,No_Promo2
49,2014-09-24,5586,1,0,0,0,16160.0,0,0,d,c,No_Promo2
1086,2014-09-24,3937,1,0,1,0,180.0,0,0,a,a,"Feb,May,Aug,Nov"
1115,2014-09-24,4874,1,0,1,0,5350.0,0,0,d,c,"Mar,Jun,Sept,Dec"
85,2014-09-25,5202,1,0,0,0,1870.0,0,0,b,a,No_Promo2
71,2014-09-25,6617,1,0,1,0,16160.0,0,0,a,a,"Mar,Jun,Sept,Dec"
105,2014-09-25,3574,1,0,1,0,6190.0,0,0,a,c,"Mar,Jun,Sept,Dec"
102,2014-09-25,4514,1,0,1,0,150.0,0,0,a,a,"Mar,Jun,Sept,Dec"
10,2014-09-25,4547,1,0,0,0,3160.0,0,0,a,a,No_Promo2
57,2014-09-25,6361,1,0,0,0,420.0,0,0,d,c,No_Promo2
50,2014-09-25,2653,1,0,0,0,6260.0,0,0,d,a,No_Promo2
49,2014-09-25,5329,1,0,0,0,16160.0,0,0,d,c,No_Promo2
1115,2014-09-25,4607,1,0,1,0,5350.0,0,0,d,c,"Mar,Jun,Sept,Dec"
1086,2014-09-25,4591,1,0,1,0,180.0,0,0,a,a,"Feb,May,Aug,Nov"
85,2014-09-26,6038,1,0,0,0,1870.0,0,0,b,a,No_Promo2
71,2014-09-26,7295,1,0,1,0,16160.0,0,0,a,a,"Mar,Jun,Sept,Dec"
102,2014-09-26,4877,1,0,1,0,150.0,0,0,a,a,"Mar,Jun,Sept,Dec"
105,2014-09-26,4276,1,0,1,0,6190.0,0,0,a,c,"Mar,Jun,Sept,Dec"
10,2014-09-26,4750,1,0,0,0,3160.0,0,0,a,a,No_Promo2
57,2014-09-26,6454,1,0,0,0,420.0,0,0,d,c,No_Promo2
50,2014-09-26,2935,1,0,0,0,6260.0,0,0,d,a,No_Promo2
49,2014-09-26,6343,1,0,0,0,16160.0,0,0,d,c,No_Promo2
1115,2014-09-26,5609,1,0,1,0,5350.0,0,0,d,c,"Mar,Jun,Sept,Dec"
1086,2014-09-26,4049,1,0,1,0,180.0,0,0,a,a,"Feb,May,Aug,Nov"
85,2014-09-27,5260,1,0,0,0,1870.0,0,0,b,a,No_Promo2
71,2014-09-27,6012,1,0,1,0,16160.0,0,0,a,a,"Mar,Jun,Sept,Dec"
102,2014-09-27,5553,1,0,1,0,150.0,0,0,a,a,"Mar,Jun,Sept,Dec"
105,2014-09-27,2803,1,0,1,0,6190.0,0,0,a,c,"Mar,Jun,Sept,Dec"
10,2014-09-27,4113,1,0,0,0,3160.0,0,0,a,a,No_Promo2
57,2014-09-27,6203,1,0,0,0,420.0,0,0,d,c,No_Promo2
49,2014-09-27,6588,1,0,0,0,16160.0,0,0,d,c,No_Promo2
50,2014-09-27,4168,1,0,0,0,6260.0,0,0,d,a,No_Promo2
1086,2014-09-27,3231,1,0,1,0,180.0,0,0,a,a,"Feb,May,Aug,Nov"
1115,2014-09-27,6701,1,0,1,0,5350.0,0,0,d,c,"Mar,Jun,Sept,Dec"
85,2014-09-28,11147,1,0,0,0,1870.0,0,0,b,a,No_Promo2
71,2014-09-28,0,0,0,1,0,16160.0,0,0,a,a,"Mar,Jun,Sept,Dec"
102,2014-09-28,0,0,0,1,0,150.0,0,0,a,a,"Mar,Jun,Sept,Dec"
105,2014-09-28,0,0,0,1,0,6190.0,0,0,a,c,"Mar,Jun,Sept,Dec"
10,2014-09-28,0,0,0,0,0,3160.0,0,0,a,a,No_Promo2
57,2014-09-28,0,0,0,0,0,420.0,0,0,d,c,No_Promo2
50,2014-09-28,0,0,0,0,0,6260.0,0,0,d,a,No_Promo2
49,2014-09-28,0,0,0,0,0,16160.0,0,0,d,c,No_Promo2
1115,2014-09-28,0,0,0,1,0,5350.0,0,0,d,c,"Mar,Jun,Sept,Dec"
1086,2014-09-28,0,0,0,1,0,180.0,0,0,a,a,"Feb,May,Aug,Nov"
85,2014-09-29,8273,1,1,0,0,1870.0,0,0,b,a,No_Promo2
71,2014-09-29,12121,1,1,1,0,16160.0,0,0,a,a,"Mar,Jun,Sept,Dec"
105,2014-09-29,6693,1,1,1,0,6190.0,0,0,a,c,"Mar,Jun,Sept,Dec"
102,2014-09-29,9070,1,1,1,0,150.0,0,0,a,a,"Mar,Jun,Sept,Dec"
10,2014-09-29,7302,1,1,0,0,3160.0,0,0,a,a,No_Promo2
57,2014-09-29,12513,1,1,0,0,420.0,0,0,d,c,No_Promo2
50,2014-09-29,5427,1,1,0,0,6260.0,0,0,d,a,No_Promo2
49,2014-09-29,9231,1,1,0,0,16160.0,0,0,d,c,No_Promo2
1115,2014-09-29,7895,1,1,1,0,5350.0,0,0,d,c,"Mar,Jun,Sept,Dec"
1086,2014-09-29,9333,1,1,1,0,180.0,0,0,a,a,"Feb,May,Aug,Nov"
85,2014-09-30,8594,1,1,0,0,1870.0,0,0,b,a,No_Promo2
71,2014-09-30,12748,1,1,1,0,16160.0,0,0,a,a,"Mar,Jun,Sept,Dec"
102,2014-09-30,11885,1,1,1,0,150.0,0,0,a,a,"Mar,Jun,Sept,Dec"
105,2014-09-30,5819,1,1,1,0,6190.0,0,0,a,c,"Mar,Jun,Sept,Dec"
10,2014-09-30,6790,1,1,0,0,3160.0,0,0,a,a,No_Promo2
57,2014-09-30,12029,1,1,0,0,420.0,0,0,d,c,No_Promo2
50,2014-09-30,5636,1,1,0,0,6260.0,0,0,d,a,No_Promo2
49,2014-09-30,8694,1,1,0,0,16160.0,0,0,d,c,No_Promo2
1115,2014-09-30,7483,1,1,1,0,5350.0,0,0,d,c,"Mar,Jun,Sept,Dec"
1086,2014-09-30,8779,1,1,1,0,180.0,0,0,a,a,"Feb,May,Aug,Nov"
102,2014-10-01,9771,1,1,1,0,150.0,0,0,a,a,"Mar,Jun,Sept,Dec"
85,2014-10-01,7653,1,1,0,0,1870.0,0,0,b,a,No_Promo2
71,2014-10-01,11675,1,1,1,0,16160.0,0,0,a,a,"Mar,Jun,Sept,Dec"
105,2014-10-01,5558,1,1,1,0,6190.0,0,0,a,c,"Mar,Jun,Sept,Dec"
10,2014-10-01,6982,1,1,0,0,3160.0,0,0,a,a,No_Promo2
57,2014-10-01,11185,1,1,0,0,420.0,0,0,d,c,No_Promo2
50,2014-10-01,4626,1,1,0,0,6260.0,0,0,d,a,No_Promo2
49,2014-10-01,8450,1,1,0,0,16160.0,0,0,d,c,No_Promo2
1115,2014-10-01,7211,1,1,1,0,5350.0,0,0,d,c,"Mar,Jun,Sept,Dec"
1086,2014-10-01,7728,1,1,1,0,180.0,0,0,a,a,"Feb,May,Aug,Nov"
85,2014-10-02,8067,1,1,0,0,1870.0,0,0,b,a,No_Promo2
71,2014-10-02,11305,1,1,1,0,16160.0,0,0,a,a,"Mar,Jun,Sept,Dec"
102,2014-10-02,8489,1,1,1,0,150.0,0,0,a,a,"Mar,Jun,Sept,Dec"
105,2014-10-02,6281,1,1,1,0,6190.0,0,0,a,c,"Mar,Jun,Sept,Dec"
10,2014-10-02,7145,1,1,0,0,3160.0,0,0,a,a,No_Promo2
57,2014-10-02,10745,1,1,0,0,420.0,0,0,d,c,No_Promo2
50,2014-10-02,5131,1,1,0,0,6260.0,0,0,d,a,No_Promo2
49,2014-10-02,10296,1,1,0,0,16160.0,0,0,d,c,No_Promo2
1086,2014-10-02,7669,1,1,1,0,180.0,0,0,a,a,"Feb,May,Aug,Nov"
1115,2014-10-02,8072,1,1,1,0,5350.0,0,0,d,c,"Mar,Jun,Sept,Dec"
85,2014-10-03,13076,1,1,0,0,1870.0,0,a,b,a,No_Promo2
71,2014-10-03,0,0,1,1,0,16160.0,0,a,a,a,"Mar,Jun,Sept,Dec"
102,2014-10-03,0,0,1,1,0,150.0,0,a,a,a,"Mar,Jun,Sept,Dec"
105,2014-10-03,0,0,1,1,0,6190.0,0,a,a,c,"Mar,Jun,Sept,Dec"
10,2014-10-03,0,0,1,0,0,3160.0,0,a,a,a,No_Promo2
57,2014-10-03,0,0,1,0,0,420.0,0,a,d,c,No_Promo2
49,2014-10-03,0,0,1,0,0,16160.0,0,a,d,c,No_Promo2
50,2014-10-03,0,0,1,0,0,6260.0,0,a,d,a,No_Promo2
1115,2014-10-03,0,0,1,1,0,5350.0,0,a,d,c,"Mar,Jun,Sept,Dec"
1086,2014-10-03,0,0,1,1,0,180.0,0,a,a,a,"Feb,May,Aug,Nov"
85,2014-10-04,6511,1,0,0,0,1870.0,0,0,b,a,No_Promo2
71,2014-10-04,8080,1,0,1,0,16160.0,0,0,a,a,"Mar,Jun,Sept,Dec"
102,2014-10-04,6663,1,0,1,0,150.0,0,0,a,a,"Mar,Jun,Sept,Dec"
105,2014-10-04,3702,1,0,1,0,6190.0,0,0,a,c,"Mar,Jun,Sept,Dec"
10,2014-10-04,5966,1,0,0,0,3160.0,0,0,a,a,No_Promo2
57,2014-10-04,7632,1,0,0,0,420.0,0,0,d,c,No_Promo2
50,2014-10-04,5435,1,0,0,0,6260.0,0,0,d,a,No_Promo2
49,2014-10-04,8527,1,0,0,0,16160.0,0,0,d,c,No_Promo2
1115,2014-10-04,8622,1,0,1,0,5350.0,0,0,d,c,"Mar,Jun,Sept,Dec"
1086,2014-10-04,4931,1,0,1,0,180.0,0,0,a,a,"Feb,May,Aug,Nov"
85,2014-10-05,7923,1,0,0,0,1870.0,0,0,b,a,No_Promo2
71,2014-10-05,0,0,0,1,0,16160.0,0,0,a,a,"Mar,Jun,Sept,Dec"
102,2014-10-05,0,0,0,1,0,150.0,0,0,a,a,"Mar,Jun,Sept,Dec"
105,2014-10-05,0,0,0,1,0,6190.0,0,0,a,c,"Mar,Jun,Sept,Dec"
10,2014-10-05,0,0,0,0,0,3160.0,0,0,a,a,No_Promo2
57,2014-10-05,0,0,0,0,0,420.0,0,0,d,c,No_Promo2
50,2014-10-05,0,0,0,0,0,6260.0,0,0,d,a,No_Promo2
49,2014-10-05,0,0,0,0,0,16160.0,0,0,d,c,No_Promo2
1115,2014-10-05,0,0,0,1,0,5350.0,0,0,d,c,"Mar,Jun,Sept,Dec"
1086,2014-10-05,0,0,0,1,0,180.0,0,0,a,a,"Feb,May,Aug,Nov"
85,2014-10-06,8206,1,1,0,0,1870.0,0,0,b,a,No_Promo2
71,2014-10-06,14350,1,1,1,1,16160.0,0,0,a,a,"Mar,Jun,Sept,Dec"
102,2014-10-06,9689,1,1,1,1,150.0,0,0,a,a,"Mar,Jun,Sept,Dec"
105,2014-10-06,7197,1,1,1,0,6190.0,0,0,a,c,"Mar,Jun,Sept,Dec"
10,2014-10-06,7405,1,1,0,0,3160.0,0,0,a,a,No_Promo2
57,2014-10-06,14538,1,1,0,0,420.0,0,0,d,c,No_Promo2
50,2014-10-06,6564,1,1,0,0,6260.0,0,0,d,a,No_Promo2
49,2014-10-06,9656,1,1,0,0,16160.0,0,0,d,c,No_Promo2
1086,2014-10-06,11717,1,1,1,0,180.0,0,0,a,a,"Feb,May,Aug,Nov"
1115,2014-10-06,9080,1,1,1,0,5350.0,0,0,d,c,"Mar,Jun,Sept,Dec"
85,2014-10-07,7174,1,1,0,0,1870.0,0,0,b,a,No_Promo2
71,2014-10-07,10891,1,1,1,1,16160.0,0,0,a,a,"Mar,Jun,Sept,Dec"
105,2014-10-07,5349,1,1,1,0,6190.0,0,0,a,c,"Mar,Jun,Sept,Dec"
102,2014-10-07,7169,1,1,1,1,150.0,0,0,a,a,"Mar,Jun,Sept,Dec"
10,2014-10-07,6298,1,1,0,0,3160.0,0,0,a,a,No_Promo2
57,2014-10-07,10722,1,1,0,0,420.0,0,0,d,c,No_Promo2
50,2014-10-07,4625,1,1,0,0,6260.0,0,0,d,a,No_Promo2
49,2014-10-07,8634,1,1,0,0,16160.0,0,0,d,c,No_Promo2
1086,2014-10-07,7320,1,1,1,0,180.0,0,0,a,a,"Feb,May,Aug,Nov"
1115,2014-10-07,7213,1,1,1,0,5350.0,0,0,d,c,"Mar,Jun,Sept,Dec"
85,2014-10-08,6685,1,1,0,0,1870.0,0,0,b,a,No_Promo2
71,2014-10-08,9279,1,1,1,1,16160.0,0,0,a,a,"Mar,Jun,Sept,Dec"
105,2014-10-08,5311,1,1,1,0,6190.0,0,0,a,c,"Mar,Jun,Sept,Dec"
102,2014-10-08,7358,1,1,1,1,150.0,0,0,a,a,"Mar,Jun,Sept,Dec"
10,2014-10-08,5903,1,1,0,0,3160.0,0,0,a,a,No_Promo2
57,2014-10-08,8755,1,1,0,0,420.0,0,0,d,c,No_Promo2
50,2014-10-08,5041,1,1,0,0,6260.0,0,0,d,a,No_Promo2
49,2014-10-08,7863,1,1,0,0,16160.0,0,0,d,c,No_Promo2
1115,2014-10-08,6371,1,1,1,0,5350.0,0,0,d,c,"Mar,Jun,Sept,Dec"
1086,2014-10-08,7049,1,1,1,0,180.0,0,0,a,a,"Feb,May,Aug,Nov"
85,2014-10-09,6887,1,1,0,0,1870.0,0,0,b,a,No_Promo2
71,2014-10-09,9475,1,1,1,1,16160.0,0,0,a,a,"Mar,Jun,Sept,Dec"
102,2014-10-09,7348,1,1,1,1,150.0,0,0,a,a,"Mar,Jun,Sept,Dec"
105,2014-10-09,4852,1,1,1,0,6190.0,0,0,a,c,"Mar,Jun,Sept,Dec"
10,2014-10-09,6334,1,1,0,0,3160.0,0,0,a,a,No_Promo2
57,2014-10-09,9339,1,1,0,0,420.0,0,0,d,c,No_Promo2
50,2014-10-09,4135,1,1,0,0,6260.0,0,0,d,a,No_Promo2
49,2014-10-09,6902,1,1,0,0,16160.0,0,0,d,c,No_Promo2
1115,2014-10-09,6626,1,1,1,0,5350.0,0,0,d,c,"Mar,Jun,Sept,Dec"
1086,2014-10-09,7488,1,1,1,0,180.0,0,0,a,a,"Feb,May,Aug,Nov"
85,2014-10-10,7435,1,1,0,0,1870.0,0,0,b,a,No_Promo2
71,2014-10-10,9984,1,1,1,1,16160.0,0,0,a,a,"Mar,Jun,Sept,Dec"
102,2014-10-10,7156,1,1,1,1,150.0,0,0,a,a,"Mar,Jun,Sept,Dec"
105,2014-10-10,5240,1,1,1,0,6190.0,0,0,a,c,"Mar,Jun,Sept,Dec"
10,2014-10-10,6059,1,1,0,0,3160.0,0,0,a,a,No_Promo2
57,2014-10-10,9297,1,1,0,0,420.0,0,0,d,c,No_Promo2
50,2014-10-10,5385,1,1,0,0,6260.0,0,0,d,a,No_Promo2
49,2014-10-10,8322,1,1,0,0,16160.0,0,0,d,c,No_Promo2
1115,2014-10-10,7102,1,1,1,0,5350.0,0,0,d,c,"Mar,Jun,Sept,Dec"
1086,2014-10-10,7341,1,1,1,0,180.0,0,0,a,a,"Feb,May,Aug,Nov"
85,2014-10-11,6096,1,0,0,0,1870.0,0,0,b,a,No_Promo2
71,2014-10-11,6318,1,0,1,0,16160.0,0,0,a,a,"Mar,Jun,Sept,Dec"
102,2014-10-11,4625,1,0,1,0,150.0,0,0,a,a,"Mar,Jun,Sept,Dec"
105,2014-10-11,3332,1,0,1,0,6190.0,0,0,a,c,"Mar,Jun,Sept,Dec"
10,2014-10-11,4898,1,0,0,0,3160.0,0,0,a,a,No_Promo2
57,2014-10-11,6442,1,0,0,0,420.0,0,0,d,c,No_Promo2
50,2014-10-11,3694,1,0,0,0,6260.0,0,0,d,a,No_Promo2
49,2014-10-11,7030,1,0,0,0,16160.0,0,0,d,c,No_Promo2
1086,2014-10-11,3814,1,0,1,0,180.0,0,0,a,a,"Feb,May,Aug,Nov"
1115,2014-10-11,7352,1,0,1,0,5350.0,0,0,d,c,"Mar,Jun,Sept,Dec"
85,2014-10-12,13117,1,0,0,0,1870.0,0,0,b,a,No_Promo2
71,2014-10-12,0,0,0,1,0,16160.0,0,0,a,a,"Mar,Jun,Sept,Dec"
105,2014-10-12,0,0,0,1,0,6190.0,0,0,a,c,"Mar,Jun,Sept,Dec"
102,2014-10-12,0,0,0,1,0,150.0,0,0,a,a,"Mar,Jun,Sept,Dec"
10,2014-10-12,0,0,0,0,0,3160.0,0,0,a,a,No_Promo2
57,2014-10-12,0,0,0,0,0,420.0,0,0,d,c,No_Promo2
50,2014-10-12,0,0,0,0,0,6260.0,0,0,d,a,No_Promo2
49,2014-10-12,0,0,0,0,0,16160.0,0,0,d,c,No_Promo2
1115,2014-10-12,0,0,0,1,0,5350.0,0,0,d,c,"Mar,Jun,Sept,Dec"
1086,2014-10-12,0,0,0,1,0,180.0,0,0,a,a,"Feb,May,Aug,Nov"
85,2014-10-13,6414,1,0,0,0,1870.0,0,0,b,a,No_Promo2
71,2014-10-13,6565,1,0,1,1,16160.0,0,0,a,a,"Mar,Jun,Sept,Dec"
102,2014-10-13,5373,1,0,1,1,150.0,0,0,a,a,"Mar,Jun,Sept,Dec"
105,2014-10-13,4208,1,0,1,0,6190.0,0,0,a,c,"Mar,Jun,Sept,Dec"
10,2014-10-13,5521,1,0,0,0,3160.0,0,0,a,a,No_Promo2
57,2014-10-13,6818,1,0,0,0,420.0,0,0,d,c,No_Promo2
50,2014-10-13,3583,1,0,0,0,6260.0,0,0,d,a,No_Promo2
49,2014-10-13,5524,1,0,0,0,16160.0,0,0,d,c,No_Promo2
1115,2014-10-13,4821,1,0,1,0,5350.0,0,0,d,c,"Mar,Jun,Sept,Dec"
1086,2014-10-13,3801,1,0,1,0,180.0,0,0,a,a,"Feb,May,Aug,Nov"
85,2014-10-14,5827,1,0,0,0,1870.0,0,0,b,a,No_Promo2
71,2014-10-14,6749,1,0,1,1,16160.0,0,0,a,a,"Mar,Jun,Sept,Dec"
102,2014-10-14,5256,1,0,1,1,150.0,0,0,a,a,"Mar,Jun,Sept,Dec"
105,2014-10-14,4272,1,0,1,0,6190.0,0,0,a,c,"Mar,Jun,Sept,Dec"
10,2014-10-14,4852,1,0,0,0,3160.0,0,0,a,a,No_Promo2
57,2014-10-14,6561,1,0,0,0,420.0,0,0,d,c,No_Promo2
50,2014-10-14,2686,1,0,0,0,6260.0,0,0,d,a,No_Promo2
49,2014-10-14,4617,1,0,0,0,16160.0,0,0,d,c,No_Promo2
1115,2014-10-14,4345,1,0,1,0,5350.0,0,0,d,c,"Mar,Jun,Sept,Dec"
1086,2014-10-14,4065,1,0,1,0,180.0,0,0,a,a,"Feb,May,Aug,Nov"
85,2014-10-15,5185,1,0,0,0,1870.0,0,0,b,a,No_Promo2
71,2014-10-15,6854,1,0,1,1,16160.0,0,0,a,a,"Mar,Jun,Sept,Dec"
102,2014-10-15,4852,1,0,1,1,150.0,0,0,a,a,"Mar,Jun,Sept,Dec"
105,2014-10-15,3995,1,0,1,0,6190.0,0,0,a,c,"Mar,Jun,Sept,Dec"
10,2014-10-15,4508,1,0,0,0,3160.0,0,0,a,a,No_Promo2
57,2014-10-15,6535,1,0,0,0,420.0,0,0,d,c,No_Promo2
50,2014-10-15,3200,1,0,0,0,6260.0,0,0,d,a,No_Promo2
49,2014-10-15,5440,1,0,0,0,16160.0,0,0,d,c,No_Promo2
1115,2014-10-15,4626,1,0,1,0,5350.0,0,0,d,c,"Mar,Jun,Sept,Dec"
1086,2014-10-15,4336,1,0,1,0,180.0,0,0,a,a,"Feb,May,Aug,Nov"
85,2014-10-16,6304,1,0,0,0,1870.0,0,0,b,a,No_Promo2
71,2014-10-16,6352,1,0,1,1,16160.0,0,0,a,a,"Mar,Jun,Sept,Dec"
105,2014-10-16,3689,1,0,1,0,6190.0,0,0,a,c,"Mar,Jun,Sept,Dec"
102,2014-10-16,4717,1,0,1,1,150.0,0,0,a,a,"Mar,Jun,Sept,Dec"
10,2014-10-16,4876,1,0,0,0,3160.0,0,0,a,a,No_Promo2
57,2014-10-16,7215,1,0,0,0,420.0,0,0,d,c,No_Promo2
50,2014-10-16,2981,1,0,0,0,6260.0,0,0,d,a,No_Promo2
49,2014-10-16,5586,1,0,0,0,16160.0,0,0,d,c,No_Promo2
1115,2014-10-16,4117,1,0,1,0,5350.0,0,0,d,c,"Mar,Jun,Sept,Dec"
1086,2014-10-16,4298,1,0,1,0,180.0,0,0,a,a,"Feb,May,Aug,Nov"
85,2014-10-17,6711,1,0,0,0,1870.0,0,0,b,a,No_Promo2
71,2014-10-17,6830,1,0,1,1,16160.0,0,0,a,a,"Mar,Jun,Sept,Dec"
102,2014-10-17,4870,1,0,1,1,150.0,0,0,a,a,"Mar,Jun,Sept,Dec"
105,2014-10-17,4173,1,0,1,0,6190.0,0,0,a,c,"Mar,Jun,Sept,Dec"
10,2014-10-17,5317,1,0,0,0,3160.0,0,0,a,a,No_Promo2
57,2014-10-17,6807,1,0,0,0,420.0,0,0,d,c,No_Promo2
50,2014-10-17,3809,1,0,0,0,6260.0,0,0,d,a,No_Promo2
49,2014-10-17,6078,1,0,0,0,16160.0,0,0,d,c,No_Promo2
1115,2014-10-17,5663,1,0,1,0,5350.0,0,0,d,c,"Mar,Jun,Sept,Dec"
1086,2014-10-17,4850,1,0,1,0,180.0,0,0,a,a,"Feb,May,Aug,Nov"
85,2014-10-18,4563,1,0,0,0,1870.0,0,0,b,a,No_Promo2
71,2014-10-18,6121,1,0,1,0,16160.0,0,0,a,a,"Mar,Jun,Sept,Dec"
102,2014-10-18,4809,1,0,1,0,150.0,0,0,a,a,"Mar,Jun,Sept,Dec"
105,2014-10-18,3493,1,0,1,0,6190.0,0,0,a,c,"Mar,Jun,Sept,Dec"
10,2014-10-18,4816,1,0,0,0,3160.0,0,0,a,a,No_Promo2
57,2014-10-18,5947,1,0,0,0,420.0,0,0,d,c,No_Promo2
49,2014-10-18,6424,1,0,0,0,16160.0,0,0,d,c,No_Promo2
50,2014-10-18,3499,1,0,0,0,6260.0,0,0,d,a,No_Promo2
1115,2014-10-18,6531,1,0,1,0,5350.0,0,0,d,c,"Mar,Jun,Sept,Dec"
1086,2014-10-18,3465,1,0,1,0,180.0,0,0,a,a,"Feb,May,Aug,Nov"
85,2014-10-19,10221,1,0,0,0,1870.0,0,0,b,a,No_Promo2
71,2014-10-19,0,0,0,1,0,16160.0,0,0,a,a,"Mar,Jun,Sept,Dec"
102,2014-10-19,0,0,0,1,0,150.0,0,0,a,a,"Mar,Jun,Sept,Dec"
105,2014-10-19,0,0,0,1,0,6190.0,0,0,a,c,"Mar,Jun,Sept,Dec"
10,2014-10-19,0,0,0,0,0,3160.0,0,0,a,a,No_Promo2
57,2014-10-19,0,0,0,0,0,420.0,0,0,d,c,No_Promo2
50,2014-10-19,0,0,0,0,0,6260.0,0,0,d,a,No_Promo2
49,2014-10-19,0,0,0,0,0,16160.0,0,0,d,c,No_Promo2
1115,2014-10-19,0,0,0,1,0,5350.0,0,0,d,c,"Mar,Jun,Sept,Dec"
1086,2014-10-19,0,0,0,1,0,180.0,0,0,a,a,"Feb,May,Aug,Nov"
85,2014-10-20,8521,1,1,0,1,1870.0,0,0,b,a,No_Promo2
71,2014-10-20,11849,1,1,1,0,16160.0,0,0,a,a,"Mar,Jun,Sept,Dec"
102,2014-10-20,8956,1,1,1,0,150.0,0,0,a,a,"Mar,Jun,Sept,Dec"
105,2014-10-20,6402,1,1,1,0,6190.0,0,0,a,c,"Mar,Jun,Sept,Dec"
10,2014-10-20,7410,1,1,0,0,3160.0,0,0,a,a,No_Promo2
57,2014-10-20,12854,1,1,0,1,420.0,0,0,d,c,No_Promo2
49,2014-10-20,8854,1,1,0,0,16160.0,0,0,d,c,No_Promo2
50,2014-10-20,5742,1,1,0,1,6260.0,0,0,d,a,No_Promo2
1115,2014-10-20,7772,1,1,1,1,5350.0,0,0,d,c,"Mar,Jun,Sept,Dec"
1086,2014-10-20,9575,1,1,1,1,180.0,0,0,a,a,"Feb,May,Aug,Nov"
85,2014-10-21,6780,1,1,0,1,1870.0,0,0,b,a,No_Promo2
71,2014-10-21,9396,1,1,1,0,16160.0,0,0,a,a,"Mar,Jun,Sept,Dec"
102,2014-10-21,6070,1,1,1,0,150.0,0,0,a,a,"Mar,Jun,Sept,Dec"
105,2014-10-21,4989,1,1,1,0,6190.0,0,0,a,c,"Mar,Jun,Sept,Dec"
10,2014-10-21,5604,1,1,0,0,3160.0,0,0,a,a,No_Promo2
57,2014-10-21,9366,1,1,0,1,420.0,0,0,d,c,No_Promo2
50,2014-10-21,4316,1,1,0,1,6260.0,0,0,d,a,No_Promo2
49,2014-10-21,6419,1,1,0,0,16160.0,0,0,d,c,No_Promo2
1115,2014-10-21,6731,1,1,1,1,5350.0,0,0,d,c,"Mar,Jun,Sept,Dec"
1086,2014-10-21,6934,1,1,1,1,180.0,0,0,a,a,"Feb,May,Aug,Nov"
85,2014-10-22,6518,1,1,0,1,1870.0,0,0,b,a,No_Promo2
71,2014-10-22,9591,1,1,1,0,16160.0,0,0,a,a,"Mar,Jun,Sept,Dec"
102,2014-10-22,6165,1,1,1,0,150.0,0,0,a,a,"Mar,Jun,Sept,Dec"
105,2014-10-22,4309,1,1,1,0,6190.0,0,0,a,c,"Mar,Jun,Sept,Dec"
10,2014-10-22,4773,1,1,0,0,3160.0,0,0,a,a,No_Promo2
57,2014-10-22,8198,1,1,0,1,420.0,0,0,d,c,No_Promo2
49,2014-10-22,6730,1,1,0,0,16160.0,0,0,d,c,No_Promo2
50,2014-10-22,3993,1,1,0,1,6260.0,0,0,d,a,No_Promo2
1115,2014-10-22,5996,1,1,1,1,5350.0,0,0,d,c,"Mar,Jun,Sept,Dec"
1086,2014-10-22,6022,1,1,1,1,180.0,0,0,a,a,"Feb,May,Aug,Nov"
85,2014-10-23,6913,1,1,0,1,1870.0,0,0,b,a,No_Promo2
71,2014-10-23,8896,1,1,1,0,16160.0,0,0,a,a,"Mar,Jun,Sept,Dec"
105,2014-10-23,4191,1,1,1,0,6190.0,0,0,a,c,"Mar,Jun,Sept,Dec"
102,2014-10-23,6719,1,1,1,0,150.0,0,0,a,a,"Mar,Jun,Sept,Dec"
10,2014-10-23,5836,1,1,0,0,3160.0,0,0,a,a,No_Promo2
57,2014-10-23,9288,1,1,0,1,420.0,0,0,d,c,No_Promo2
50,2014-10-23,3881,1,1,0,1,6260.0,0,0,d,a,No_Promo2
49,2014-10-23,5842,1,1,0,0,16160.0,0,0,d,c,No_Promo2
1086,2014-10-23,6704,1,1,1,1,180.0,0,0,a,a,"Feb,May,Aug,Nov"
1115,2014-10-23,5881,1,1,1,1,5350.0,0,0,d,c,"Mar,Jun,Sept,Dec"
85,2014-10-24,6956,1,1,0,1,1870.0,0,0,b,a,No_Promo2
71,2014-10-24,9568,1,1,1,0,16160.0,0,0,a,a,"Mar,Jun,Sept,Dec"
105,2014-10-24,4972,1,1,1,0,6190.0,0,0,a,c,"Mar,Jun,Sept,Dec"
102,2014-10-24,6562,1,1,1,0,150.0,0,0,a,a,"Mar,Jun,Sept,Dec"
10,2014-10-24,6059,1,1,0,0,3160.0,0,0,a,a,No_Promo2
57,2014-10-24,8517,1,1,0,1,420.0,0,0,d,c,No_Promo2
50,2014-10-24,4233,1,1,0,1,6260.0,0,0,d,a,No_Promo2
49,2014-10-24,7643,1,1,0,0,16160.0,0,0,d,c,No_Promo2
1115,2014-10-24,5534,1,1,1,1,5350.0,0,0,d,c,"Mar,Jun,Sept,Dec"
1086,2014-10-24,6348,1,1,1,1,180.0,0,0,a,a,"Feb,May,Aug,Nov"
85,2014-10-25,5209,1,0,0,0,1870.0,0,0,b,a,No_Promo2
71,2014-10-25,6101,1,0,1,0,16160.0,0,0,a,a,"Mar,Jun,Sept,Dec"
102,2014-10-25,4893,1,0,1,0,150.0,0,0,a,a,"Mar,Jun,Sept,Dec"
105,2014-10-25,3157,1,0,1,0,6190.0,0,0,a,c,"Mar,Jun,Sept,Dec"
10,2014-10-25,5062,1,0,0,0,3160.0,0,0,a,a,No_Promo2
57,2014-10-25,5674,1,0,0,0,420.0,0,0,d,c,No_Promo2
50,2014-10-25,3752,1,0,0,0,6260.0,0,0,d,a,No_Promo2
49,2014-10-25,6942,1,0,0,0,16160.0,0,0,d,c,No_Promo2
1115,2014-10-25,7230,1,0,1,1,5350.0,0,0,d,c,"Mar,Jun,Sept,Dec"
1086,2014-10-25,3478,1,0,1,1,180.0,0,0,a,a,"Feb,May,Aug,Nov"
85,2014-10-26,10524,1,0,0,0,1870.0,0,0,b,a,No_Promo2
71,2014-10-26,0,0,0,1,0,16160.0,0,0,a,a,"Mar,Jun,Sept,Dec"
102,2014-10-26,0,0,0,1,0,150.0,0,0,a,a,"Mar,Jun,Sept,Dec"
105,2014-10-26,0,0,0,1,0,6190.0,0,0,a,c,"Mar,Jun,Sept,Dec"
10,2014-10-26,0,0,0,0,0,3160.0,0,0,a,a,No_Promo2
57,2014-10-26,0,0,0,0,0,420.0,0,0,d,c,No_Promo2
50,2014-10-26,0,0,0,0,0,6260.0,0,0,d,a,No_Promo2
49,2014-10-26,0,0,0,0,0,16160.0,0,0,d,c,No_Promo2
1115,2014-10-26,0,0,0,1,1,5350.0,0,0,d,c,"Mar,Jun,Sept,Dec"
1086,2014-10-26,0,0,0,1,1,180.0,0,0,a,a,"Feb,May,Aug,Nov"
85,2014-10-27,5708,1,0,0,1,1870.0,0,0,b,a,No_Promo2
71,2014-10-27,6852,1,0,1,0,16160.0,0,0,a,a,"Mar,Jun,Sept,Dec"
102,2014-10-27,4765,1,0,1,0,150.0,0,0,a,a,"Mar,Jun,Sept,Dec"
105,2014-10-27,3720,1,0,1,1,6190.0,0,0,a,c,"Mar,Jun,Sept,Dec"
10,2014-10-27,4800,1,0,0,1,3160.0,0,0,a,a,No_Promo2
57,2014-10-27,8129,1,0,0,1,420.0,0,0,d,c,No_Promo2
50,2014-10-27,2790,1,0,0,1,6260.0,0,0,d,a,No_Promo2
49,2014-10-27,6208,1,0,0,1,16160.0,0,0,d,c,No_Promo2
1115,2014-10-27,5424,1,0,1,1,5350.0,0,0,d,c,"Mar,Jun,Sept,Dec"
1086,2014-10-27,4727,1,0,1,1,180.0,0,0,a,a,"Feb,May,Aug,Nov"
85,2014-10-28,5977,1,0,0,1,1870.0,0,0,b,a,No_Promo2
71,2014-10-28,6405,1,0,1,0,16160.0,0,0,a,a,"Mar,Jun,Sept,Dec"
102,2014-10-28,4218,1,0,1,0,150.0,0,0,a,a,"Mar,Jun,Sept,Dec"
105,2014-10-28,3347,1,0,1,1,6190.0,0,0,a,c,"Mar,Jun,Sept,Dec"
10,2014-10-28,4910,1,0,0,1,3160.0,0,0,a,a,No_Promo2
57,2014-10-28,7398,1,0,0,1,420.0,0,0,d,c,No_Promo2
50,2014-10-28,2421,1,0,0,1,6260.0,0,0,d,a,No_Promo2
49,2014-10-28,5289,1,0,0,1,16160.0,0,0,d,c,No_Promo2
1086,2014-10-28,4425,1,0,1,1,180.0,0,0,a,a,"Feb,May,Aug,Nov"
1115,2014-10-28,4401,1,0,1,1,5350.0,0,0,d,c,"Mar,Jun,Sept,Dec"
85,2014-10-29,5227,1,0,0,1,1870.0,0,0,b,a,No_Promo2
71,2014-10-29,6858,1,0,1,0,16160.0,0,0,a,a,"Mar,Jun,Sept,Dec"
105,2014-10-29,4270,1,0,1,1,6190.0,0,0,a,c,"Mar,Jun,Sept,Dec"
102,2014-10-29,4429,1,0,1,0,150.0,0,0,a,a,"Mar,Jun,Sept,Dec"
10,2014-10-29,4402,1,0,0,1,3160.0,0,0,a,a,No_Promo2
57,2014-10-29,7521,1,0,0,1,420.0,0,0,d,c,No_Promo2
50,2014-10-29,3123,1,0,0,1,6260.0,0,0,d,a,No_Promo2
49,2014-10-29,6274,1,0,0,1,16160.0,0,0,d,c,No_Promo2
1115,2014-10-29,4906,1,0,1,1,5350.0,0,0,d,c,"Mar,Jun,Sept,Dec"
1086,2014-10-29,4616,1,0,1,1,180.0,0,0,a,a,"Feb,May,Aug,Nov"
85,2014-10-30,5862,1,0,0,1,1870.0,0,0,b,a,No_Promo2
71,2014-10-30,8057,1,0,1,0,16160.0,0,0,a,a,"Mar,Jun,Sept,Dec"
102,2014-10-30,6369,1,0,1,0,150.0,0,0,a,a,"Mar,Jun,Sept,Dec"
105,2014-10-30,4382,1,0,1,1,6190.0,0,0,a,c,"Mar,Jun,Sept,Dec"
10,2014-10-30,5090,1,0,0,1,3160.0,0,0,a,a,No_Promo2
57,2014-10-30,9518,1,0,0,1,420.0,0,0,d,c,No_Promo2
50,2014-10-30,3311,1,0,0,1,6260.0,0,0,d,a,No_Promo2
49,2014-10-30,6811,1,0,0,1,16160.0,0,0,d,c,No_Promo2
1115,2014-10-30,5676,1,0,1,1,5350.0,0,0,d,c,"Mar,Jun,Sept,Dec"
1086,2014-10-30,5892,1,0,1,1,180.0,0,0,a,a,"Feb,May,Aug,Nov"
85,2014-10-31,6722,1,0,0,1,1870.0,0,0,b,a,No_Promo2
71,2014-10-31,8833,1,0,1,0,16160.0,0,0,a,a,"Mar,Jun,Sept,Dec"
102,2014-10-31,7435,1,0,1,0,150.0,0,0,a,a,"Mar,Jun,Sept,Dec"
105,2014-10-31,5114,1,0,1,0,6190.0,0,0,a,c,"Mar,Jun,Sept,Dec"
10,2014-10-31,5597,1,0,0,1,3160.0,0,0,a,a,No_Promo2
57,2014-10-31,0,0,0,0,1,420.0,0,a,d,c,No_Promo2
50,2014-10-31,4615,1,0,0,1,6260.0,0,0,d,a,No_Promo2
49,2014-10-31,9612,1,0,0,0,16160.0,0,0,d,c,No_Promo2
1115,2014-10-31,6470,1,0,1,1,5350.0,0,0,d,c,"Mar,Jun,Sept,Dec"
1086,2014-10-31,6127,1,0,1,1,180.0,0,0,a,a,"Feb,May,Aug,Nov"
85,2014-11-01,5865,1,0,0,0,1870.0,0,0,b,a,No_Promo2
71,2014-11-01,0,0,0,1,0,16160.0,0,a,a,a,"Mar,Jun,Sept,Dec"
102,2014-11-01,0,0,0,1,0,150.0,0,a,a,a,"Mar,Jun,Sept,Dec"
105,2014-11-01,0,0,0,1,0,6190.0,0,a,a,c,"Mar,Jun,Sept,Dec"
10,2014-11-01,4349,1,0,0,0,3160.0,0,0,a,a,No_Promo2
57,2014-11-01,8315,1,0,0,0,420.0,0,0,d,c,No_Promo2
50,2014-11-01,0,0,0,0,0,6260.0,0,a,d,a,No_Promo2
49,2014-11-01,0,0,0,0,0,16160.0,0,a,d,c,No_Promo2
1115,2014-11-01,6466,1,0,1,0,5350.0,0,0,d,c,"Mar,Jun,Sept,Dec"
1086,2014-11-01,4773,1,0,1,0,180.0,0,0,a,a,"Feb,May,Aug,Nov"
85,2014-11-02,11557,1,0,0,0,1870.0,0,0,b,a,No_Promo2
71,2014-11-02,0,0,0,1,0,16160.0,0,0,a,a,"Mar,Jun,Sept,Dec"
105,2014-11-02,0,0,0,1,0,6190.0,0,0,a,c,"Mar,Jun,Sept,Dec"
102,2014-11-02,0,0,0,1,0,150.0,0,0,a,a,"Mar,Jun,Sept,Dec"
10,2014-11-02,0,0,0,0,0,3160.0,0,0,a,a,No_Promo2
57,2014-11-02,0,0,0,0,0,420.0,0,0,d,c,No_Promo2
50,2014-11-02,0,0,0,0,0,6260.0,0,0,d,a,No_Promo2
49,2014-11-02,0,0,0,0,0,16160.0,0,0,d,c,No_Promo2
1115,2014-11-02,0,0,0,1,0,5350.0,0,0,d,c,"Mar,Jun,Sept,Dec"
1086,2014-11-02,0,0,0,1,0,180.0,0,0,a,a,"Feb,May,Aug,Nov"
85,2014-11-03,8670,1,1,0,0,1870.0,0,0,b,a,No_Promo2
71,2014-11-03,15114,1,1,1,0,16160.0,0,0,a,a,"Mar,Jun,Sept,Dec"
102,2014-11-03,11523,1,1,1,0,150.0,0,0,a,a,"Mar,Jun,Sept,Dec"
105,2014-11-03,8254,1,1,1,0,6190.0,0,0,a,c,"Mar,Jun,Sept,Dec"
10,2014-11-03,7438,1,1,0,1,3160.0,0,0,a,a,No_Promo2
57,2014-11-03,13910,1,1,0,0,420.0,0,0,d,c,No_Promo2
50,2014-11-03,7529,1,1,0,0,6260.0,0,0,d,a,No_Promo2
49,2014-11-03,7780,1,1,0,0,16160.0,0,0,d,c,No_Promo2
1086,2014-11-03,10689,1,1,1,0,180.0,0,0,a,a,"Feb,May,Aug,Nov"
1115,2014-11-03,8825,1,1,1,0,5350.0,0,0,d,c,"Mar,Jun,Sept,Dec"
85,2014-11-04,7020,1,1,0,0,1870.0,0,0,b,a,No_Promo2
71,2014-11-04,11727,1,1,1,0,16160.0,0,0,a,a,"Mar,Jun,Sept,Dec"
105,2014-11-04,6708,1,1,1,0,6190.0,0,0,a,c,"Mar,Jun,Sept,Dec"
102,2014-11-04,8961,1,1,1,0,150.0,0,0,a,a,"Mar,Jun,Sept,Dec"
10,2014-11-04,6331,1,1,0,1,3160.0,0,0,a,a,No_Promo2
57,2014-11-04,11699,1,1,0,0,420.0,0,0,d,c,No_Promo2
50,2014-11-04,4855,1,1,0,0,6260.0,0,0,d,a,No_Promo2
49,2014-11-04,7835,1,1,0,0,16160.0,0,0,d,c,No_Promo2
1115,2014-11-04,7607,1,1,1,0,5350.0,0,0,d,c,"Mar,Jun,Sept,Dec"
1086,2014-11-04,8780,1,1,1,0,180.0,0,0,a,a,"Feb,May,Aug,Nov"
85,2014-11-05,6855,1,1,0,0,1870.0,0,0,b,a,No_Promo2
71,2014-11-05,10686,1,1,1,0,16160.0,0,0,a,a,"Mar,Jun,Sept,Dec"
102,2014-11-05,8661,1,1,1,0,150.0,0,0,a,a,"Mar,Jun,Sept,Dec"
105,2014-11-05,5519,1,1,1,0,6190.0,0,0,a,c,"Mar,Jun,Sept,Dec"
10,2014-11-05,4965,1,1,0,1,3160.0,0,0,a,a,No_Promo2
57,2014-11-05,10673,1,1,0,0,420.0,0,0,d,c,No_Promo2
50,2014-11-05,4736,1,1,0,0,6260.0,0,0,d,a,No_Promo2
49,2014-11-05,6880,1,1,0,0,16160.0,0,0,d,c,No_Promo2
1115,2014-11-05,7442,1,1,1,0,5350.0,0,0,d,c,"Mar,Jun,Sept,Dec"
1086,2014-11-05,8098,1,1,1,0,180.0,0,0,a,a,"Feb,May,Aug,Nov"
85,2014-11-06,5491,1,1,0,0,1870.0,0,0,b,a,No_Promo2
71,2014-11-06,10701,1,1,1,0,16160.0,0,0,a,a,"Mar,Jun,Sept,Dec"
102,2014-11-06,7428,1,1,1,0,150.0,0,0,a,a,"Mar,Jun,Sept,Dec"
105,2014-11-06,5880,1,1,1,0,6190.0,0,0,a,c,"Mar,Jun,Sept,Dec"
10,2014-11-06,5907,1,1,0,1,3160.0,0,0,a,a,No_Promo2
57,2014-11-06,9934,1,1,0,0,420.0,0,0,d,c,No_Promo2
50,2014-11-06,4135,1,1,0,0,6260.0,0,0,d,a,No_Promo2
49,2014-11-06,6799,1,1,0,0,16160.0,0,0,d,c,No_Promo2
1115,2014-11-06,6707,1,1,1,0,5350.0,0,0,d,c,"Mar,Jun,Sept,Dec"
1086,2014-11-06,7275,1,1,1,0,180.0,0,0,a,a,"Feb,May,Aug,Nov"
85,2014-11-07,6856,1,1,0,0,1870.0,0,0,b,a,No_Promo2
71,2014-11-07,12742,1,1,1,0,16160.0,0,0,a,a,"Mar,Jun,Sept,Dec"
102,2014-11-07,7164,1,1,1,0,150.0,0,0,a,a,"Mar,Jun,Sept,Dec"
105,2014-11-07,5535,1,1,1,0,6190.0,0,0,a,c,"Mar,Jun,Sept,Dec"
10,2014-11-07,6498,1,1,0,1,3160.0,0,0,a,a,No_Promo2
57,2014-11-07,9167,1,1,0,0,420.0,0,0,d,c,No_Promo2
50,2014-11-07,4755,1,1,0,0,6260.0,0,0,d,a,No_Promo2
49,2014-11-07,8060,1,1,0,0,16160.0,0,0,d,c,No_Promo2
1115,2014-11-07,7996,1,1,1,0,5350.0,0,0,d,c,"Mar,Jun,Sept,Dec"
1086,2014-11-07,6877,1,1,1,0,180.0,0,0,a,a,"Feb,May,Aug,Nov"
85,2014-11-08,5201,1,0,0,0,1870.0,0,0,b,a,No_Promo2
71,2014-11-08,6612,1,0,1,0,16160.0,0,0,a,a,"Mar,Jun,Sept,Dec"
102,2014-11-08,6236,1,0,1,0,150.0,0,0,a,a,"Mar,Jun,Sept,Dec"
105,2014-11-08,3648,1,0,1,0,6190.0,0,0,a,c,"Mar,Jun,Sept,Dec"
10,2014-11-08,5561,1,0,0,0,3160.0,0,0,a,a,No_Promo2
57,2014-11-08,6550,1,0,0,0,420.0,0,0,d,c,No_Promo2
49,2014-11-08,7846,1,0,0,0,16160.0,0,0,d,c,No_Promo2
50,2014-11-08,4357,1,0,0,0,6260.0,0,0,d,a,No_Promo2
1115,2014-11-08,7062,1,0,1,0,5350.0,0,0,d,c,"Mar,Jun,Sept,Dec"
1086,2014-11-08,3840,1,0,1,0,180.0,0,0,a,a,"Feb,May,Aug,Nov"
85,2014-11-09,7487,1,0,0,0,1870.0,0,0,b,a,No_Promo2
71,2014-11-09,0,0,0,1,0,16160.0,0,0,a,a,"Mar,Jun,Sept,Dec"
102,2014-11-09,0,0,0,1,0,150.0,0,0,a,a,"Mar,Jun,Sept,Dec"
105,2014-11-09,0,0,0,1,0,6190.0,0,0,a,c,"Mar,Jun,Sept,Dec"
10,2014-11-09,0,0,0,0,0,3160.0,0,0,a,a,No_Promo2
57,2014-11-09,0,0,0,0,0,420.0,0,0,d,c,No_Promo2
50,2014-11-09,0,0,0,0,0,6260.0,0,0,d,a,No_Promo2
49,2014-11-09,0,0,0,0,0,16160.0,0,0,d,c,No_Promo2
1086,2014-11-09,0,0,0,1,0,180.0,0,0,a,a,"Feb,May,Aug,Nov"
1115,2014-11-09,0,0,0,1,0,5350.0,0,0,d,c,"Mar,Jun,Sept,Dec"
85,2014-11-10,8308,1,1,0,0,1870.0,0,0,b,a,No_Promo2
71,2014-11-10,11642,1,1,1,0,16160.0,0,0,a,a,"Mar,Jun,Sept,Dec"
105,2014-11-10,6551,1,1,1,0,6190.0,0,0,a,c,"Mar,Jun,Sept,Dec"
102,2014-11-10,10457,1,1,1,0,150.0,0,0,a,a,"Mar,Jun,Sept,Dec"
10,2014-11-10,6811,1,1,0,0,3160.0,0,0,a,a,No_Promo2
57,2014-11-10,12139,1,1,0,0,420.0,0,0,d,c,No_Promo2
50,2014-11-10,4711,1,1,0,0,6260.0,0,0,d,a,No_Promo2
49,2014-11-10,9136,1,1,0,0,16160.0,0,0,d,c,No_Promo2
1086,2014-11-10,8992,1,1,1,0,180.0,0,0,a,a,"Feb,May,Aug,Nov"
1115,2014-11-10,7704,1,1,1,0,5350.0,0,0,d,c,"Mar,Jun,Sept,Dec"
85,2014-11-11,6606,1,1,0,0,1870.0,0,0,b,a,No_Promo2
71,2014-11-11,11052,1,1,1,0,16160.0,0,0,a,a,"Mar,Jun,Sept,Dec"
105,2014-11-11,5419,1,1,1,0,6190.0,0,0,a,c,"Mar,Jun,Sept,Dec"
102,2014-11-11,7420,1,1,1,0,150.0,0,0,a,a,"Mar,Jun,Sept,Dec"
10,2014-11-11,7009,1,1,0,0,3160.0,0,0,a,a,No_Promo2
57,2014-11-11,10301,1,1,0,0,420.0,0,0,d,c,No_Promo2
50,2014-11-11,3989,1,1,0,0,6260.0,0,0,d,a,No_Promo2
49,2014-11-11,7554,1,1,0,0,16160.0,0,0,d,c,No_Promo2
1115,2014-11-11,7254,1,1,1,0,5350.0,0,0,d,c,"Mar,Jun,Sept,Dec"
1086,2014-11-11,7697,1,1,1,0,180.0,0,0,a,a,"Feb,May,Aug,Nov"
85,2014-11-12,6883,1,1,0,0,1870.0,0,0,b,a,No_Promo2
71,2014-11-12,9730,1,1,1,0,16160.0,0,0,a,a,"Mar,Jun,Sept,Dec"
102,2014-11-12,7646,1,1,1,0,150.0,0,0,a,a,"Mar,Jun,Sept,Dec"
105,2014-11-12,5101,1,1,1,0,6190.0,0,0,a,c,"Mar,Jun,Sept,Dec"
10,2014-11-12,6226,1,1,0,0,3160.0,0,0,a,a,No_Promo2
57,2014-11-12,8461,1,1,0,0,420.0,0,0,d,c,No_Promo2
50,2014-11-12,3866,1,1,0,0,6260.0,0,0,d,a,No_Promo2
49,2014-11-12,8073,1,1,0,0,16160.0,0,0,d,c,No_Promo2
1115,2014-11-12,7441,1,1,1,0,5350.0,0,0,d,c,"Mar,Jun,Sept,Dec"
1086,2014-11-12,7094,1,1,1,0,180.0,0,0,a,a,"Feb,May,Aug,Nov"
85,2014-11-13,6702,1,1,0,0,1870.0,0,0,b,a,No_Promo2
71,2014-11-13,8986,1,1,1,0,16160.0,0,0,a,a,"Mar,Jun,Sept,Dec"
102,2014-11-13,7775,1,1,1,0,150.0,0,0,a,a,"Mar,Jun,Sept,Dec"
105,2014-11-13,4644,1,1,1,0,6190.0,0,0,a,c,"Mar,Jun,Sept,Dec"
10,2014-11-13,5766,1,1,0,0,3160.0,0,0,a,a,No_Promo2
57,2014-11-13,8975,1,1,0,0,420.0,0,0,d,c,No_Promo2
50,2014-11-13,4743,1,1,0,0,6260.0,0,0,d,a,No_Promo2
49,2014-11-13,7709,1,1,0,0,16160.0,0,0,d,c,No_Promo2
1115,2014-11-13,6617,1,1,1,0,5350.0,0,0,d,c,"Mar,Jun,Sept,Dec"
1086,2014-11-13,7254,1,1,1,0,180.0,0,0,a,a,"Feb,May,Aug,Nov"
85,2014-11-14,6970,1,1,0,0,1870.0,0,0,b,a,No_Promo2
71,2014-11-14,10213,1,1,1,0,16160.0,0,0,a,a,"Mar,Jun,Sept,Dec"
102,2014-11-14,6869,1,1,1,0,150.0,0,0,a,a,"Mar,Jun,Sept,Dec"
105,2014-11-14,5583,1,1,1,0,6190.0,0,0,a,c,"Mar,Jun,Sept,Dec"
10,2014-11-14,6239,1,1,0,0,3160.0,0,0,a,a,No_Promo2
57,2014-11-14,9365,1,1,0,0,420.0,0,0,d,c,No_Promo2
50,2014-11-14,4502,1,1,0,0,6260.0,0,0,d,a,No_Promo2
49,2014-11-14,7979,1,1,0,0,16160.0,0,0,d,c,No_Promo2
1086,2014-11-14,7003,1,1,1,0,180.0,0,0,a,a,"Feb,May,Aug,Nov"
1115,2014-11-14,6623,1,1,1,0,5350.0,0,0,d,c,"Mar,Jun,Sept,Dec"
85,2014-11-15,5552,1,0,0,0,1870.0,0,0,b,a,No_Promo2
71,2014-11-15,7079,1,0,1,0,16160.0,0,0,a,a,"Mar,Jun,Sept,Dec"
105,2014-11-15,3286,1,0,1,0,6190.0,0,0,a,c,"Mar,Jun,Sept,Dec"
102,2014-11-15,5787,1,0,1,0,150.0,0,0,a,a,"Mar,Jun,Sept,Dec"
10,2014-11-15,4895,1,0,0,0,3160.0,0,0,a,a,No_Promo2
57,2014-11-15,6381,1,0,0,0,420.0,0,0,d,c,No_Promo2
50,2014-11-15,4694,1,0,0,0,6260.0,0,0,d,a,No_Promo2
49,2014-11-15,8424,1,0,0,0,16160.0,0,0,d,c,No_Promo2
1115,2014-11-15,7588,1,0,1,0,5350.0,0,0,d,c,"Mar,Jun,Sept,Dec"
1086,2014-11-15,4234,1,0,1,0,180.0,0,0,a,a,"Feb,May,Aug,Nov"
85,2014-11-16,12932,1,0,0,0,1870.0,0,0,b,a,No_Promo2
71,2014-11-16,0,0,0,1,0,16160.0,0,0,a,a,"Mar,Jun,Sept,Dec"
102,2014-11-16,0,0,0,1,0,150.0,0,0,a,a,"Mar,Jun,Sept,Dec"
105,2014-11-16,0,0,0,1,0,6190.0,0,0,a,c,"Mar,Jun,Sept,Dec"
10,2014-11-16,0,0,0,0,0,3160.0,0,0,a,a,No_Promo2
57,2014-11-16,0,0,0,0,0,420.0,0,0,d,c,No_Promo2
50,2014-11-16,0,0,0,0,0,6260.0,0,0,d,a,No_Promo2
49,2014-11-16,0,0,0,0,0,16160.0,0,0,d,c,No_Promo2
1115,2014-11-16,0,0,0,1,0,5350.0,0,0,d,c,"Mar,Jun,Sept,Dec"
1086,2014-11-16,0,0,0,1,0,180.0,0,0,a,a,"Feb,May,Aug,Nov"
85,2014-11-17,6051,1,0,0,0,1870.0,0,0,b,a,No_Promo2
71,2014-11-17,7864,1,0,1,0,16160.0,0,0,a,a,"Mar,Jun,Sept,Dec"
102,2014-11-17,5399,1,0,1,0,150.0,0,0,a,a,"Mar,Jun,Sept,Dec"
105,2014-11-17,5032,1,0,1,0,6190.0,0,0,a,c,"Mar,Jun,Sept,Dec"
10,2014-11-17,5346,1,0,0,0,3160.0,0,0,a,a,No_Promo2
57,2014-11-17,7529,1,0,0,0,420.0,0,0,d,c,No_Promo2
49,2014-11-17,6084,1,0,0,0,16160.0,0,0,d,c,No_Promo2
50,2014-11-17,3366,1,0,0,0,6260.0,0,0,d,a,No_Promo2
1086,2014-11-17,5034,1,0,1,0,180.0,0,0,a,a,"Feb,May,Aug,Nov"
1115,2014-11-17,5053,1,0,1,0,5350.0,0,0,d,c,"Mar,Jun,Sept,Dec"
85,2014-11-18,6086,1,0,0,0,1870.0,0,0,b,a,No_Promo2
71,2014-11-18,7314,1,0,1,0,16160.0,0,0,a,a,"Mar,Jun,Sept,Dec"
102,2014-11-18,4486,1,0,1,0,150.0,0,0,a,a,"Mar,Jun,Sept,Dec"
105,2014-11-18,3471,1,0,1,0,6190.0,0,0,a,c,"Mar,Jun,Sept,Dec"
10,2014-11-18,5290,1,0,0,0,3160.0,0,0,a,a,No_Promo2
57,2014-11-18,8260,1,0,0,0,420.0,0,0,d,c,No_Promo2
50,2014-11-18,2840,1,0,0,0,6260.0,0,0,d,a,No_Promo2
49,2014-11-18,5943,1,0,0,0,16160.0,0,0,d,c,No_Promo2
1115,2014-11-18,4628,1,0,1,0,5350.0,0,0,d,c,"Mar,Jun,Sept,Dec"
1086,2014-11-18,4131,1,0,1,0,180.0,0,0,a,a,"Feb,May,Aug,Nov"
85,2014-11-19,6061,1,0,0,0,1870.0,0,0,b,a,No_Promo2
71,2014-11-19,7126,1,0,1,0,16160.0,0,0,a,a,"Mar,Jun,Sept,Dec"
105,2014-11-19,4111,1,0,1,0,6190.0,0,0,a,c,"Mar,Jun,Sept,Dec"
102,2014-11-19,4738,1,0,1,0,150.0,0,0,a,a,"Mar,Jun,Sept,Dec"
10,2014-11-19,5340,1,0,0,0,3160.0,0,0,a,a,No_Promo2
57,2014-11-19,0,0,0,0,0,420.0,0,a,d,c,No_Promo2
50,2014-11-19,2928,1,0,0,0,6260.0,0,0,d,a,No_Promo2
49,2014-11-19,6408,1,0,0,0,16160.0,0,0,d,c,No_Promo2
1115,2014-11-19,5042,1,0,1,0,5350.0,0,0,d,c,"Mar,Jun,Sept,Dec"
1086,2014-11-19,4374,1,0,1,0,180.0,0,0,a,a,"Feb,May,Aug,Nov"
85,2014-11-20,5395,1,0,0,0,1870.0,0,0,b,a,No_Promo2
71,2014-11-20,6944,1,0,1,0,16160.0,0,0,a,a,"Mar,Jun,Sept,Dec"
102,2014-11-20,5608,1,0,1,0,150.0,0,0,a,a,"Mar,Jun,Sept,Dec"
105,2014-11-20,3978,1,0,1,0,6190.0,0,0,a,c,"Mar,Jun,Sept,Dec"
10,2014-11-20,4753,1,0,0,0,3160.0,0,0,a,a,No_Promo2
57,2014-11-20,8978,1,0,0,0,420.0,0,0,d,c,No_Promo2
50,2014-11-20,3187,1,0,0,0,6260.0,0,0,d,a,No_Promo2
49,2014-11-20,5548,1,0,0,0,16160.0,0,0,d,c,No_Promo2
1115,2014-11-20,4581,1,0,1,0,5350.0,0,0,d,c,"Mar,Jun,Sept,Dec"
1086,2014-11-20,4571,1,0,1,0,180.0,0,0,a,a,"Feb,May,Aug,Nov"
102,2014-11-21,5152,1,0,1,0,150.0,0,0,a,a,"Mar,Jun,Sept,Dec"
85,2014-11-21,6193,1,0,0,0,1870.0,0,0,b,a,No_Promo2
71,2014-11-21,7935,1,0,1,0,16160.0,0,0,a,a,"Mar,Jun,Sept,Dec"
105,2014-11-21,4201,1,0,1,0,6190.0,0,0,a,c,"Mar,Jun,Sept,Dec"
10,2014-11-21,5577,1,0,0,0,3160.0,0,0,a,a,No_Promo2
57,2014-11-21,8482,1,0,0,0,420.0,0,0,d,c,No_Promo2
50,2014-11-21,2944,1,0,0,0,6260.0,0,0,d,a,No_Promo2
49,2014-11-21,6177,1,0,0,0,16160.0,0,0,d,c,No_Promo2
1115,2014-11-21,5325,1,0,1,0,5350.0,0,0,d,c,"Mar,Jun,Sept,Dec"
1086,2014-11-21,4474,1,0,1,0,180.0,0,0,a,a,"Feb,May,Aug,Nov"
85,2014-11-22,5787,1,0,0,0,1870.0,0,0,b,a,No_Promo2
71,2014-11-22,7237,1,0,1,0,16160.0,0,0,a,a,"Mar,Jun,Sept,Dec"
102,2014-11-22,5422,1,0,1,0,150.0,0,0,a,a,"Mar,Jun,Sept,Dec"
105,2014-11-22,3200,1,0,1,0,6190.0,0,0,a,c,"Mar,Jun,Sept,Dec"
10,2014-11-22,5337,1,0,0,0,3160.0,0,0,a,a,No_Promo2
57,2014-11-22,6744,1,0,0,0,420.0,0,0,d,c,No_Promo2
50,2014-11-22,3817,1,0,0,0,6260.0,0,0,d,a,No_Promo2
49,2014-11-22,7776,1,0,0,0,16160.0,0,0,d,c,No_Promo2
1086,2014-11-22,3546,1,0,1,0,180.0,0,0,a,a,"Feb,May,Aug,Nov"
1115,2014-11-22,7413,1,0,1,0,5350.0,0,0,d,c,"Mar,Jun,Sept,Dec"
85,2014-11-23,12060,1,0,0,0,1870.0,0,0,b,a,No_Promo2
71,2014-11-23,0,0,0,1,0,16160.0,0,0,a,a,"Mar,Jun,Sept,Dec"
102,2014-11-23,0,0,0,1,0,150.0,0,0,a,a,"Mar,Jun,Sept,Dec"
105,2014-11-23,0,0,0,1,0,6190.0,0,0,a,c,"Mar,Jun,Sept,Dec"
10,2014-11-23,0,0,0,0,0,3160.0,0,0,a,a,No_Promo2
57,2014-11-23,0,0,0,0,0,420.0,0,0,d,c,No_Promo2
49,2014-11-23,0,0,0,0,0,16160.0,0,0,d,c,No_Promo2
50,2014-11-23,0,0,0,0,0,6260.0,0,0,d,a,No_Promo2
1115,2014-11-23,0,0,0,1,0,5350.0,0,0,d,c,"Mar,Jun,Sept,Dec"
1086,2014-11-23,0,0,0,1,0,180.0,0,0,a,a,"Feb,May,Aug,Nov"
85,2014-11-24,8259,1,1,0,0,1870.0,0,0,b,a,No_Promo2
71,2014-11-24,12912,1,1,1,0,16160.0,0,0,a,a,"Mar,Jun,Sept,Dec"
102,2014-11-24,10052,1,1,1,0,150.0,0,0,a,a,"Mar,Jun,Sept,Dec"
105,2014-11-24,8075,1,1,1,0,6190.0,0,0,a,c,"Mar,Jun,Sept,Dec"
10,2014-11-24,7774,1,1,0,0,3160.0,0,0,a,a,No_Promo2
57,2014-11-24,14709,1,1,0,0,420.0,0,0,d,c,No_Promo2
50,2014-11-24,5786,1,1,0,0,6260.0,0,0,d,a,No_Promo2
49,2014-11-24,10104,1,1,0,0,16160.0,0,0,d,c,No_Promo2
1115,2014-11-24,8642,1,1,1,0,5350.0,0,0,d,c,"Mar,Jun,Sept,Dec"
1086,2014-11-24,10332,1,1,1,0,180.0,0,0,a,a,"Feb,May,Aug,Nov"
85,2014-11-25,7636,1,1,0,0,1870.0,0,0,b,a,No_Promo2
71,2014-11-25,10901,1,1,1,0,16160.0,0,0,a,a,"Mar,Jun,Sept,Dec"
102,2014-11-25,8034,1,1,1,0,150.0,0,0,a,a,"Mar,Jun,Sept,Dec"
105,2014-11-25,5993,1,1,1,0,6190.0,0,0,a,c,"Mar,Jun,Sept,Dec"
10,2014-11-25,6454,1,1,0,0,3160.0,0,0,a,a,No_Promo2
57,2014-11-25,12233,1,1,0,0,420.0,0,0,d,c,No_Promo2
50,2014-11-25,4767,1,1,0,0,6260.0,0,0,d,a,No_Promo2
49,2014-11-25,8270,1,1,0,0,16160.0,0,0,d,c,No_Promo2
1115,2014-11-25,8004,1,1,1,0,5350.0,0,0,d,c,"Mar,Jun,Sept,Dec"
1086,2014-11-25,8027,1,1,1,0,180.0,0,0,a,a,"Feb,May,Aug,Nov"
85,2014-11-26,7496,1,1,0,0,1870.0,0,0,b,a,No_Promo2
71,2014-11-26,10607,1,1,1,0,16160.0,0,0,a,a,"Mar,Jun,Sept,Dec"
105,2014-11-26,6069,1,1,1,0,6190.0,0,0,a,c,"Mar,Jun,Sept,Dec"
102,2014-11-26,7109,1,1,1,0,150.0,0,0,a,a,"Mar,Jun,Sept,Dec"
10,2014-11-26,6882,1,1,0,0,3160.0,0,0,a,a,No_Promo2
57,2014-11-26,10045,1,1,0,0,420.0,0,0,d,c,No_Promo2
50,2014-11-26,4947,1,1,0,0,6260.0,0,0,d,a,No_Promo2
49,2014-11-26,8237,1,1,0,0,16160.0,0,0,d,c,No_Promo2
1115,2014-11-26,8475,1,1,1,0,5350.0,0,0,d,c,"Mar,Jun,Sept,Dec"
1086,2014-11-26,7513,1,1,1,0,180.0,0,0,a,a,"Feb,May,Aug,Nov"
85,2014-11-27,7719,1,1,0,0,1870.0,0,0,b,a,No_Promo2
71,2014-11-27,10923,1,1,1,0,16160.0,0,0,a,a,"Mar,Jun,Sept,Dec"
102,2014-11-27,8111,1,1,1,0,150.0,0,0,a,a,"Mar,Jun,Sept,Dec"
105,2014-11-27,6173,1,1,1,0,6190.0,0,0,a,c,"Mar,Jun,Sept,Dec"
10,2014-11-27,7212,1,1,0,0,3160.0,0,0,a,a,No_Promo2
57,2014-11-27,11499,1,1,0,0,420.0,0,0,d,c,No_Promo2
50,2014-11-27,4411,1,1,0,0,6260.0,0,0,d,a,No_Promo2
49,2014-11-27,8450,1,1,0,0,16160.0,0,0,d,c,No_Promo2
1115,2014-11-27,8165,1,1,1,0,5350.0,0,0,d,c,"Mar,Jun,Sept,Dec"
1086,2014-11-27,7571,1,1,1,0,180.0,0,0,a,a,"Feb,May,Aug,Nov"
85,2014-11-28,8836,1,1,0,0,1870.0,0,0,b,a,No_Promo2
71,2014-11-28,13818,1,1,1,0,16160.0,0,0,a,a,"Mar,Jun,Sept,Dec"
102,2014-11-28,11811,1,1,1,0,150.0,0,0,a,a,"Mar,Jun,Sept,Dec"
105,2014-11-28,7490,1,1,1,0,6190.0,0,0,a,c,"Mar,Jun,Sept,Dec"
10,2014-11-28,7421,1,1,0,0,3160.0,0,0,a,a,No_Promo2
57,2014-11-28,12494,1,1,0,0,420.0,0,0,d,c,No_Promo2
50,2014-11-28,6050,1,1,0,0,6260.0,0,0,d,a,No_Promo2
49,2014-11-28,11126,1,1,0,0,16160.0,0,0,d,c,No_Promo2
1115,2014-11-28,10435,1,1,1,0,5350.0,0,0,d,c,"Mar,Jun,Sept,Dec"
1086,2014-11-28,7752,1,1,1,0,180.0,0,0,a,a,"Feb,May,Aug,Nov"
85,2014-11-29,7461,1,0,0,0,1870.0,0,0,b,a,No_Promo2
71,2014-11-29,9890,1,0,1,0,16160.0,0,0,a,a,"Mar,Jun,Sept,Dec"
102,2014-11-29,8973,1,0,1,0,150.0,0,0,a,a,"Mar,Jun,Sept,Dec"
105,2014-11-29,4918,1,0,1,0,6190.0,0,0,a,c,"Mar,Jun,Sept,Dec"
10,2014-11-29,6517,1,0,0,0,3160.0,0,0,a,a,No_Promo2
57,2014-11-29,8565,1,0,0,0,420.0,0,0,d,c,No_Promo2
50,2014-11-29,6272,1,0,0,0,6260.0,0,0,d,a,No_Promo2
49,2014-11-29,9602,1,0,0,0,16160.0,0,0,d,c,No_Promo2
1115,2014-11-29,9353,1,0,1,0,5350.0,0,0,d,c,"Mar,Jun,Sept,Dec"
1086,2014-11-29,4715,1,0,1,0,180.0,0,0,a,a,"Feb,May,Aug,Nov"
85,2014-11-30,15386,1,0,0,0,1870.0,0,0,b,a,No_Promo2
71,2014-11-30,0,0,0,1,0,16160.0,0,0,a,a,"Mar,Jun,Sept,Dec"
102,2014-11-30,0,0,0,1,0,150.0,0,0,a,a,"Mar,Jun,Sept,Dec"
105,2014-11-30,0,0,0,1,0,6190.0,0,0,a,c,"Mar,Jun,Sept,Dec"
10,2014-11-30,0,0,0,0,0,3160.0,0,0,a,a,No_Promo2
57,2014-11-30,0,0,0,0,0,420.0,0,0,d,c,No_Promo2
50,2014-11-30,0,0,0,0,0,6260.0,0,0,d,a,No_Promo2
49,2014-11-30,0,0,0,0,0,16160.0,0,0,d,c,No_Promo2
1115,2014-11-30,0,0,0,1,0,5350.0,0,0,d,c,"Mar,Jun,Sept,Dec"
1086,2014-11-30,0,0,0,1,0,180.0,0,0,a,a,"Feb,May,Aug,Nov"
85,2014-12-01,9096,1,1,0,0,1870.0,0,0,b,a,No_Promo2
71,2014-12-01,12131,1,1,1,0,16160.0,0,0,a,a,"Mar,Jun,Sept,Dec"
102,2014-12-01,10756,1,1,1,0,150.0,0,0,a,a,"Mar,Jun,Sept,Dec"
105,2014-12-01,7654,1,1,1,0,6190.0,0,0,a,c,"Mar,Jun,Sept,Dec"
10,2014-12-01,7440,1,1,0,0,3160.0,0,0,a,a,No_Promo2
57,2014-12-01,16314,1,1,0,0,420.0,0,0,d,c,No_Promo2
50,2014-12-01,7103,1,1,0,0,6260.0,0,0,d,a,No_Promo2
49,2014-12-01,11580,1,1,0,0,16160.0,0,0,d,c,No_Promo2
1086,2014-12-01,11209,1,1,1,0,180.0,0,0,a,a,"Feb,May,Aug,Nov"
1115,2014-12-01,9864,1,1,1,0,5350.0,0,0,d,c,"Mar,Jun,Sept,Dec"
85,2014-12-02,7245,1,1,0,0,1870.0,0,0,b,a,No_Promo2
71,2014-12-02,10911,1,1,1,0,16160.0,0,0,a,a,"Mar,Jun,Sept,Dec"
105,2014-12-02,5350,1,1,1,0,6190.0,0,0,a,c,"Mar,Jun,Sept,Dec"
102,2014-12-02,9364,1,1,1,0,150.0,0,0,a,a,"Mar,Jun,Sept,Dec"
10,2014-12-02,7432,1,1,0,0,3160.0,0,0,a,a,No_Promo2
57,2014-12-02,14307,1,1,0,0,420.0,0,0,d,c,No_Promo2
50,2014-12-02,6145,1,1,0,0,6260.0,0,0,d,a,No_Promo2
49,2014-12-02,9377,1,1,0,0,16160.0,0,0,d,c,No_Promo2
1115,2014-12-02,6983,1,1,1,0,5350.0,0,0,d,c,"Mar,Jun,Sept,Dec"
1086,2014-12-02,9161,1,1,1,0,180.0,0,0,a,a,"Feb,May,Aug,Nov"
85,2014-12-03,9119,1,1,0,0,1870.0,0,0,b,a,No_Promo2
71,2014-12-03,11919,1,1,1,0,16160.0,0,0,a,a,"Mar,Jun,Sept,Dec"
102,2014-12-03,9026,1,1,1,0,150.0,0,0,a,a,"Mar,Jun,Sept,Dec"
105,2014-12-03,5909,1,1,1,0,6190.0,0,0,a,c,"Mar,Jun,Sept,Dec"
10,2014-12-03,6532,1,1,0,0,3160.0,0,0,a,a,No_Promo2
57,2014-12-03,12867,1,1,0,0,420.0,0,0,d,c,No_Promo2
50,2014-12-03,4829,1,1,0,0,6260.0,0,0,d,a,No_Promo2
49,2014-12-03,9286,1,1,0,0,16160.0,0,0,d,c,No_Promo2
1115,2014-12-03,8837,1,1,1,0,5350.0,0,0,d,c,"Mar,Jun,Sept,Dec"
1086,2014-12-03,7755,1,1,1,0,180.0,0,0,a,a,"Feb,May,Aug,Nov"
85,2014-12-04,8249,1,1,0,0,1870.0,0,0,b,a,No_Promo2
71,2014-12-04,13306,1,1,1,0,16160.0,0,0,a,a,"Mar,Jun,Sept,Dec"
102,2014-12-04,8465,1,1,1,0,150.0,0,0,a,a,"Mar,Jun,Sept,Dec"
105,2014-12-04,6439,1,1,1,0,6190.0,0,0,a,c,"Mar,Jun,Sept,Dec"
10,2014-12-04,6665,1,1,0,0,3160.0,0,0,a,a,No_Promo2
57,2014-12-04,12998,1,1,0,0,420.0,0,0,d,c,No_Promo2
50,2014-12-04,4615,1,1,0,0,6260.0,0,0,d,a,No_Promo2
49,2014-12-04,10680,1,1,0,0,16160.0,0,0,d,c,No_Promo2
1115,2014-12-04,9775,1,1,1,0,5350.0,0,0,d,c,"Mar,Jun,Sept,Dec"
1086,2014-12-04,8147,1,1,1,0,180.0,0,0,a,a,"Feb,May,Aug,Nov"
85,2014-12-05,9835,1,1,0,0,1870.0,0,0,b,a,No_Promo2
71,2014-12-05,14106,1,1,1,0,16160.0,0,0,a,a,"Mar,Jun,Sept,Dec"
102,2014-12-05,10101,1,1,1,0,150.0,0,0,a,a,"Mar,Jun,Sept,Dec"
105,2014-12-05,7000,1,1,1,0,6190.0,0,0,a,c,"Mar,Jun,Sept,Dec"
10,2014-12-05,7349,1,1,0,0,3160.0,0,0,a,a,No_Promo2
57,2014-12-05,17021,1,1,0,0,420.0,0,0,d,c,No_Promo2
50,2014-12-05,5624,1,1,0,0,6260.0,0,0,d,a,No_Promo2
49,2014-12-05,13817,1,1,0,0,16160.0,0,0,d,c,No_Promo2
1115,2014-12-05,10636,1,1,1,0,5350.0,0,0,d,c,"Mar,Jun,Sept,Dec"
1086,2014-12-05,8979,1,1,1,0,180.0,0,0,a,a,"Feb,May,Aug,Nov"
85,2014-12-06,6101,1,0,0,0,1870.0,0,0,b,a,No_Promo2
71,2014-12-06,8740,1,0,1,0,16160.0,0,0,a,a,"Mar,Jun,Sept,Dec"
105,2014-12-06,4612,1,0,1,0,6190.0,0,0,a,c,"Mar,Jun,Sept,Dec"
102,2014-12-06,7210,1,0,1,0,150.0,0,0,a,a,"Mar,Jun,Sept,Dec"
10,2014-12-06,5292,1,0,0,0,3160.0,0,0,a,a,No_Promo2
57,2014-12-06,8110,1,0,0,0,420.0,0,0,d,c,No_Promo2
50,2014-12-06,5179,1,0,0,0,6260.0,0,0,d,a,No_Promo2
49,2014-12-06,8701,1,0,0,0,16160.0,0,0,d,c,No_Promo2
1115,2014-12-06,8572,1,0,1,0,5350.0,0,0,d,c,"Mar,Jun,Sept,Dec"
1086,2014-12-06,5102,1,0,1,0,180.0,0,0,a,a,"Feb,May,Aug,Nov"
85,2014-12-07,8394,1,0,0,0,1870.0,0,0,b,a,No_Promo2
71,2014-12-07,0,0,0,1,0,16160.0,0,0,a,a,"Mar,Jun,Sept,Dec"
102,2014-12-07,0,0,0,1,0,150.0,0,0,a,a,"Mar,Jun,Sept,Dec"
105,2014-12-07,0,0,0,1,0,6190.0,0,0,a,c,"Mar,Jun,Sept,Dec"
10,2014-12-07,0,0,0,0,0,3160.0,0,0,a,a,No_Promo2
57,2014-12-07,0,0,0,0,0,420.0,0,0,d,c,No_Promo2
50,2014-12-07,0,0,0,0,0,6260.0,0,0,d,a,No_Promo2
49,2014-12-07,0,0,0,0,0,16160.0,0,0,d,c,No_Promo2
1115,2014-12-07,0,0,0,1,0,5350.0,0,0,d,c,"Mar,Jun,Sept,Dec"
1086,2014-12-07,0,0,0,1,0,180.0,0,0,a,a,"Feb,May,Aug,Nov"
85,2014-12-08,6960,1,0,0,0,1870.0,0,0,b,a,No_Promo2
71,2014-12-08,7933,1,0,1,0,16160.0,0,0,a,a,"Mar,Jun,Sept,Dec"
102,2014-12-08,6065,1,0,1,0,150.0,0,0,a,a,"Mar,Jun,Sept,Dec"
105,2014-12-08,5517,1,0,1,0,6190.0,0,0,a,c,"Mar,Jun,Sept,Dec"
10,2014-12-08,5202,1,0,0,0,3160.0,0,0,a,a,No_Promo2
57,2014-12-08,9786,1,0,0,0,420.0,0,0,d,c,No_Promo2
49,2014-12-08,7187,1,0,0,0,16160.0,0,0,d,c,No_Promo2
50,2014-12-08,3600,1,0,0,0,6260.0,0,0,d,a,No_Promo2
1115,2014-12-08,6195,1,0,1,0,5350.0,0,0,d,c,"Mar,Jun,Sept,Dec"
1086,2014-12-08,6274,1,0,1,0,180.0,0,0,a,a,"Feb,May,Aug,Nov"
85,2014-12-09,5821,1,0,0,0,1870.0,0,0,b,a,No_Promo2
71,2014-12-09,8767,1,0,1,0,16160.0,0,0,a,a,"Mar,Jun,Sept,Dec"
102,2014-12-09,6300,1,0,1,0,150.0,0,0,a,a,"Mar,Jun,Sept,Dec"
105,2014-12-09,4526,1,0,1,0,6190.0,0,0,a,c,"Mar,Jun,Sept,Dec"
10,2014-12-09,5636,1,0,0,0,3160.0,0,0,a,a,No_Promo2
57,2014-12-09,9084,1,0,0,0,420.0,0,0,d,c,No_Promo2
50,2014-12-09,2889,1,0,0,0,6260.0,0,0,d,a,No_Promo2
49,2014-12-09,6522,1,0,0,0,16160.0,0,0,d,c,No_Promo2
1115,2014-12-09,5860,1,0,1,0,5350.0,0,0,d,c,"Mar,Jun,Sept,Dec"
1086,2014-12-09,6343,1,0,1,0,180.0,0,0,a,a,"Feb,May,Aug,Nov"
85,2014-12-10,5683,1,0,0,0,1870.0,0,0,b,a,No_Promo2
71,2014-12-10,7720,1,0,1,0,16160.0,0,0,a,a,"Mar,Jun,Sept,Dec"
102,2014-12-10,5749,1,0,1,0,150.0,0,0,a,a,"Mar,Jun,Sept,Dec"
105,2014-12-10,4873,1,0,1,0,6190.0,0,0,a,c,"Mar,Jun,Sept,Dec"
10,2014-12-10,5268,1,0,0,0,3160.0,0,0,a,a,No_Promo2
57,2014-12-10,8447,1,0,0,0,420.0,0,0,d,c,No_Promo2
49,2014-12-10,7087,1,0,0,0,16160.0,0,0,d,c,No_Promo2
50,2014-12-10,3147,1,0,0,0,6260.0,0,0,d,a,No_Promo2
1115,2014-12-10,5784,1,0,1,0,5350.0,0,0,d,c,"Mar,Jun,Sept,Dec"
1086,2014-12-10,4358,1,0,1,0,180.0,0,0,a,a,"Feb,May,Aug,Nov"
85,2014-12-11,6044,1,0,0,0,1870.0,0,0,b,a,No_Promo2
71,2014-12-11,8267,1,0,1,0,16160.0,0,0,a,a,"Mar,Jun,Sept,Dec"
102,2014-12-11,5647,1,0,1,0,150.0,0,0,a,a,"Mar,Jun,Sept,Dec"
105,2014-12-11,4938,1,0,1,0,6190.0,0,0,a,c,"Mar,Jun,Sept,Dec"
10,2014-12-11,4621,1,0,0,0,3160.0,0,0,a,a,No_Promo2
57,2014-12-11,8935,1,0,0,0,420.0,0,0,d,c,No_Promo2
50,2014-12-11,3455,1,0,0,0,6260.0,0,0,d,a,No_Promo2
49,2014-12-11,6539,1,0,0,0,16160.0,0,0,d,c,No_Promo2
1115,2014-12-11,5884,1,0,1,0,5350.0,0,0,d,c,"Mar,Jun,Sept,Dec"
1086,2014-12-11,5617,1,0,1,0,180.0,0,0,a,a,"Feb,May,Aug,Nov"
85,2014-12-12,6610,1,0,0,0,1870.0,0,0,b,a,No_Promo2
71,2014-12-12,7660,1,0,1,0,16160.0,0,0,a,a,"Mar,Jun,Sept,Dec"
102,2014-12-12,5328,1,0,1,0,150.0,0,0,a,a,"Mar,Jun,Sept,Dec"
105,2014-12-12,4675,1,0,1,0,6190.0,0,0,a,c,"Mar,Jun,Sept,Dec"
10,2014-12-12,5211,1,0,0,0,3160.0,0,0,a,a,No_Promo2
57,2014-12-12,8995,1,0,0,0,420.0,0,0,d,c,No_Promo2
49,2014-12-12,8185,1,0,0,0,16160.0,0,0,d,c,No_Promo2
50,2014-12-12,4624,1,0,0,0,6260.0,0,0,d,a,No_Promo2
1115,2014-12-12,5341,1,0,1,0,5350.0,0,0,d,c,"Mar,Jun,Sept,Dec"
1086,2014-12-12,5822,1,0,1,0,180.0,0,0,a,a,"Feb,May,Aug,Nov"
85,2014-12-13,6764,1,0,0,0,1870.0,0,0,b,a,No_Promo2
71,2014-12-13,9455,1,0,1,0,16160.0,0,0,a,a,"Mar,Jun,Sept,Dec"
105,2014-12-13,4002,1,0,1,0,6190.0,0,0,a,c,"Mar,Jun,Sept,Dec"
102,2014-12-13,8128,1,0,1,0,150.0,0,0,a,a,"Mar,Jun,Sept,Dec"
10,2014-12-13,6041,1,0,0,0,3160.0,0,0,a,a,No_Promo2
57,2014-12-13,7280,1,0,0,0,420.0,0,0,d,c,No_Promo2
50,2014-12-13,5177,1,0,0,0,6260.0,0,0,d,a,No_Promo2
49,2014-12-13,8885,1,0,0,0,16160.0,0,0,d,c,No_Promo2
1086,2014-12-13,5603,1,0,1,0,180.0,0,0,a,a,"Feb,May,Aug,Nov"
1115,2014-12-13,7880,1,0,1,0,5350.0,0,0,d,c,"Mar,Jun,Sept,Dec"
85,2014-12-14,13194,1,0,0,0,1870.0,0,0,b,a,No_Promo2
71,2014-12-14,0,0,0,1,0,16160.0,0,0,a,a,"Mar,Jun,Sept,Dec"
105,2014-12-14,0,0,0,1,0,6190.0,0,0,a,c,"Mar,Jun,Sept,Dec"
102,2014-12-14,0,0,0,1,0,150.0,0,0,a,a,"Mar,Jun,Sept,Dec"
10,2014-12-14,0,0,0,0,0,3160.0,0,0,a,a,No_Promo2
57,2014-12-14,0,0,0,0,0,420.0,0,0,d,c,No_Promo2
50,2014-12-14,0,0,0,0,0,6260.0,0,0,d,a,No_Promo2
49,2014-12-14,0,0,0,0,0,16160.0,0,0,d,c,No_Promo2
1086,2014-12-14,0,0,0,1,0,180.0,0,0,a,a,"Feb,May,Aug,Nov"
1115,2014-12-14,0,0,0,1,0,5350.0,0,0,d,c,"Mar,Jun,Sept,Dec"
85,2014-12-15,9509,1,1,0,0,1870.0,0,0,b,a,No_Promo2
71,2014-12-15,18210,1,1,1,0,16160.0,0,0,a,a,"Mar,Jun,Sept,Dec"
105,2014-12-15,9180,1,1,1,0,6190.0,0,0,a,c,"Mar,Jun,Sept,Dec"
102,2014-12-15,14435,1,1,1,0,150.0,0,0,a,a,"Mar,Jun,Sept,Dec"
10,2014-12-15,8833,1,1,0,0,3160.0,0,0,a,a,No_Promo2
57,2014-12-15,20438,1,1,0,0,420.0,0,0,d,c,No_Promo2
50,2014-12-15,9205,1,1,0,0,6260.0,0,0,d,a,No_Promo2
49,2014-12-15,13306,1,1,0,0,16160.0,0,0,d,c,No_Promo2
1115,2014-12-15,12491,1,1,1,0,5350.0,0,0,d,c,"Mar,Jun,Sept,Dec"
1086,2014-12-15,15191,1,1,1,0,180.0,0,0,a,a,"Feb,May,Aug,Nov"
85,2014-12-16,8282,1,1,0,0,1870.0,0,0,b,a,No_Promo2
71,2014-12-16,15253,1,1,1,0,16160.0,0,0,a,a,"Mar,Jun,Sept,Dec"
102,2014-12-16,12300,1,1,1,0,150.0,0,0,a,a,"Mar,Jun,Sept,Dec"
105,2014-12-16,7737,1,1,1,0,6190.0,0,0,a,c,"Mar,Jun,Sept,Dec"
10,2014-12-16,7707,1,1,0,0,3160.0,0,0,a,a,No_Promo2
57,2014-12-16,16615,1,1,0,0,420.0,0,0,d,c,No_Promo2
50,2014-12-16,6880,1,1,0,0,6260.0,0,0,d,a,No_Promo2
49,2014-12-16,11217,1,1,0,0,16160.0,0,0,d,c,No_Promo2
1086,2014-12-16,12189,1,1,1,0,180.0,0,0,a,a,"Feb,May,Aug,Nov"
1115,2014-12-16,11238,1,1,1,0,5350.0,0,0,d,c,"Mar,Jun,Sept,Dec"
85,2014-12-17,8513,1,1,0,0,1870.0,0,0,b,a,No_Promo2
71,2014-12-17,14199,1,1,1,0,16160.0,0,0,a,a,"Mar,Jun,Sept,Dec"
105,2014-12-17,6749,1,1,1,0,6190.0,0,0,a,c,"Mar,Jun,Sept,Dec"
102,2014-12-17,9624,1,1,1,0,150.0,0,0,a,a,"Mar,Jun,Sept,Dec"
10,2014-12-17,7015,1,1,0,0,3160.0,0,0,a,a,No_Promo2
57,2014-12-17,13647,1,1,0,0,420.0,0,0,d,c,No_Promo2
50,2014-12-17,6412,1,1,0,0,6260.0,0,0,d,a,No_Promo2
49,2014-12-17,12613,1,1,0,0,16160.0,0,0,d,c,No_Promo2
1115,2014-12-17,9269,1,1,1,0,5350.0,0,0,d,c,"Mar,Jun,Sept,Dec"
1086,2014-12-17,9316,1,1,1,0,180.0,0,0,a,a,"Feb,May,Aug,Nov"
85,2014-12-18,8765,1,1,0,0,1870.0,0,0,b,a,No_Promo2
71,2014-12-18,15190,1,1,1,0,16160.0,0,0,a,a,"Mar,Jun,Sept,Dec"
102,2014-12-18,10687,1,1,1,0,150.0,0,0,a,a,"Mar,Jun,Sept,Dec"
105,2014-12-18,6825,1,1,1,0,6190.0,0,0,a,c,"Mar,Jun,Sept,Dec"
10,2014-12-18,6569,1,1,0,0,3160.0,0,0,a,a,No_Promo2
57,2014-12-18,14818,1,1,0,0,420.0,0,0,d,c,No_Promo2
50,2014-12-18,6919,1,1,0,0,6260.0,0,0,d,a,No_Promo2
49,2014-12-18,13286,1,1,0,0,16160.0,0,0,d,c,No_Promo2
1086,2014-12-18,9519,1,1,1,0,180.0,0,0,a,a,"Feb,May,Aug,Nov"
1115,2014-12-18,10205,1,1,1,0,5350.0,0,0,d,c,"Mar,Jun,Sept,Dec"
85,2014-12-19,8671,1,1,0,0,1870.0,0,0,b,a,No_Promo2
71,2014-12-19,13958,1,1,1,0,16160.0,0,0,a,a,"Mar,Jun,Sept,Dec"
105,2014-12-19,7449,1,1,1,0,6190.0,0,0,a,c,"Mar,Jun,Sept,Dec"
102,2014-12-19,9019,1,1,1,0,150.0,0,0,a,a,"Mar,Jun,Sept,Dec"
10,2014-12-19,6922,1,1,0,0,3160.0,0,0,a,a,No_Promo2
57,2014-12-19,12753,1,1,0,0,420.0,0,0,d,c,No_Promo2
50,2014-12-19,5902,1,1,0,0,6260.0,0,0,d,a,No_Promo2
49,2014-12-19,11541,1,1,0,0,16160.0,0,0,d,c,No_Promo2
1086,2014-12-19,8704,1,1,1,0,180.0,0,0,a,a,"Feb,May,Aug,Nov"
1115,2014-12-19,11673,1,1,1,0,5350.0,0,0,d,c,"Mar,Jun,Sept,Dec"
85,2014-12-20,7533,1,0,0,0,1870.0,0,0,b,a,No_Promo2
71,2014-12-20,11780,1,0,1,0,16160.0,0,0,a,a,"Mar,Jun,Sept,Dec"
102,2014-12-20,8824,1,0,1,0,150.0,0,0,a,a,"Mar,Jun,Sept,Dec"
105,2014-12-20,4851,1,0,1,0,6190.0,0,0,a,c,"Mar,Jun,Sept,Dec"
10,2014-12-20,6482,1,0,0,0,3160.0,0,0,a,a,No_Promo2
57,2014-12-20,11043,1,0,0,0,420.0,0,0,d,c,No_Promo2
50,2014-12-20,6922,1,0,0,0,6260.0,0,0,d,a,No_Promo2
49,2014-12-20,11508,1,0,0,0,16160.0,0,0,d,c,No_Promo2
1115,2014-12-20,10898,1,0,1,0,5350.0,0,0,d,c,"Mar,Jun,Sept,Dec"
1086,2014-12-20,6635,1,0,1,0,180.0,0,0,a,a,"Feb,May,Aug,Nov"
85,2014-12-21,8739,1,0,0,0,1870.0,0,0,b,a,No_Promo2
71,2014-12-21,0,0,0,1,0,16160.0,0,0,a,a,"Mar,Jun,Sept,Dec"
105,2014-12-21,0,0,0,1,0,6190.0,0,0,a,c,"Mar,Jun,Sept,Dec"
102,2014-12-21,0,0,0,1,0,150.0,0,0,a,a,"Mar,Jun,Sept,Dec"
10,2014-12-21,0,0,0,0,0,3160.0,0,0,a,a,No_Promo2
57,2014-12-21,0,0,0,0,0,420.0,0,0,d,c,No_Promo2
50,2014-12-21,0,0,0,0,0,6260.0,0,0,d,a,No_Promo2
49,2014-12-21,0,0,0,0,0,16160.0,0,0,d,c,No_Promo2
1086,2014-12-21,0,0,0,1,0,180.0,0,0,a,a,"Feb,May,Aug,Nov"
1115,2014-12-21,0,0,0,1,0,5350.0,0,0,d,c,"Mar,Jun,Sept,Dec"
85,2014-12-22,8088,1,0,0,1,1870.0,0,0,b,a,No_Promo2
71,2014-12-22,16058,1,0,1,1,16160.0,0,0,a,a,"Mar,Jun,Sept,Dec"
105,2014-12-22,7767,1,0,1,1,6190.0,0,0,a,c,"Mar,Jun,Sept,Dec"
102,2014-12-22,11016,1,0,1,1,150.0,0,0,a,a,"Mar,Jun,Sept,Dec"
10,2014-12-22,8597,1,0,0,1,3160.0,0,0,a,a,No_Promo2
57,2014-12-22,18442,1,0,0,1,420.0,0,0,d,c,No_Promo2
50,2014-12-22,7693,1,0,0,1,6260.0,0,0,d,a,No_Promo2
49,2014-12-22,15331,1,0,0,1,16160.0,0,0,d,c,No_Promo2
1086,2014-12-22,10491,1,0,1,1,180.0,0,0,a,a,"Feb,May,Aug,Nov"
1115,2014-12-22,11361,1,0,1,1,5350.0,0,0,d,c,"Mar,Jun,Sept,Dec"
85,2014-12-23,8532,1,0,0,1,1870.0,0,0,b,a,No_Promo2
71,2014-12-23,15241,1,0,1,1,16160.0,0,0,a,a,"Mar,Jun,Sept,Dec"
105,2014-12-23,7632,1,0,1,1,6190.0,0,0,a,c,"Mar,Jun,Sept,Dec"
102,2014-12-23,10081,1,0,1,1,150.0,0,0,a,a,"Mar,Jun,Sept,Dec"
10,2014-12-23,8406,1,0,0,1,3160.0,0,0,a,a,No_Promo2
57,2014-12-23,17302,1,0,0,1,420.0,0,0,d,c,No_Promo2
50,2014-12-23,6846,1,0,0,1,6260.0,0,0,d,a,No_Promo2
49,2014-12-23,17743,1,0,0,1,16160.0,0,0,d,c,No_Promo2
1086,2014-12-23,9271,1,0,1,1,180.0,0,0,a,a,"Feb,May,Aug,Nov"
1115,2014-12-23,12214,1,0,1,1,5350.0,0,0,d,c,"Mar,Jun,Sept,Dec"
85,2014-12-24,3609,1,0,0,1,1870.0,0,0,b,a,No_Promo2
71,2014-12-24,6174,1,0,1,1,16160.0,0,0,a,a,"Mar,Jun,Sept,Dec"
102,2014-12-24,3841,1,0,1,1,150.0,0,0,a,a,"Mar,Jun,Sept,Dec"
105,2014-12-24,4569,1,0,1,1,6190.0,0,0,a,c,"Mar,Jun,Sept,Dec"
10,2014-12-24,5239,1,0,0,1,3160.0,0,0,a,a,No_Promo2
57,2014-12-24,6922,1,0,0,1,420.0,0,0,d,c,No_Promo2
50,2014-12-24,2686,1,0,0,1,6260.0,0,0,d,a,No_Promo2
49,2014-12-24,7207,1,0,0,1,16160.0,0,0,d,c,No_Promo2
1115,2014-12-24,5603,1,0,1,1,5350.0,0,0,d,c,"Mar,Jun,Sept,Dec"
1086,2014-12-24,3501,1,0,1,1,180.0,0,0,a,a,"Feb,May,Aug,Nov"
85,2014-12-25,7612,1,0,0,1,1870.0,0,c,b,a,No_Promo2
71,2014-12-25,0,0,0,1,1,16160.0,0,c,a,a,"Mar,Jun,Sept,Dec"
105,2014-12-25,0,0,0,1,1,6190.0,0,c,a,c,"Mar,Jun,Sept,Dec"
102,2014-12-25,0,0,0,1,1,150.0,0,c,a,a,"Mar,Jun,Sept,Dec"
10,2014-12-25,0,0,0,0,1,3160.0,0,c,a,a,No_Promo2
57,2014-12-25,0,0,0,0,1,420.0,0,c,d,c,No_Promo2
50,2014-12-25,0,0,0,0,1,6260.0,0,c,d,a,No_Promo2
49,2014-12-25,0,0,0,0,1,16160.0,0,c,d,c,No_Promo2
1086,2014-12-25,0,0,0,1,1,180.0,0,c,a,a,"Feb,May,Aug,Nov"
1115,2014-12-25,0,0,0,1,1,5350.0,0,c,d,c,"Mar,Jun,Sept,Dec"
85,2014-12-26,9741,1,0,0,1,1870.0,0,c,b,a,No_Promo2
71,2014-12-26,0,0,0,1,1,16160.0,0,c,a,a,"Mar,Jun,Sept,Dec"
102,2014-12-26,0,0,0,1,1,150.0,0,c,a,a,"Mar,Jun,Sept,Dec"
105,2014-12-26,0,0,0,1,1,6190.0,0,c,a,c,"Mar,Jun,Sept,Dec"
10,2014-12-26,0,0,0,0,1,3160.0,0,c,a,a,No_Promo2
57,2014-12-26,0,0,0,0,1,420.0,0,c,d,c,No_Promo2
50,2014-12-26,0,0,0,0,1,6260.0,0,c,d,a,No_Promo2
49,2014-12-26,0,0,0,0,1,16160.0,0,c,d,c,No_Promo2
1086,2014-12-26,0,0,0,1,1,180.0,0,c,a,a,"Feb,May,Aug,Nov"
1115,2014-12-26,0,0,0,1,1,5350.0,0,c,d,c,"Mar,Jun,Sept,Dec"
85,2014-12-27,5686,1,0,0,0,1870.0,0,0,b,a,No_Promo2
71,2014-12-27,7029,1,0,1,0,16160.0,0,0,a,a,"Mar,Jun,Sept,Dec"
102,2014-12-27,5677,1,0,1,0,150.0,0,0,a,a,"Mar,Jun,Sept,Dec"
105,2014-12-27,2955,1,0,1,0,6190.0,0,0,a,c,"Mar,Jun,Sept,Dec"
10,2014-12-27,4787,1,0,0,1,3160.0,0,0,a,a,No_Promo2
57,2014-12-27,7795,1,0,0,0,420.0,0,0,d,c,No_Promo2
50,2014-12-27,3116,1,0,0,0,6260.0,0,0,d,a,No_Promo2
49,2014-12-27,6044,1,0,0,0,16160.0,0,0,d,c,No_Promo2
1115,2014-12-27,6990,1,0,1,1,5350.0,0,0,d,c,"Mar,Jun,Sept,Dec"
1086,2014-12-27,3993,1,0,1,1,180.0,0,0,a,a,"Feb,May,Aug,Nov"
85,2014-12-28,11914,1,0,0,0,1870.0,0,0,b,a,No_Promo2
71,2014-12-28,0,0,0,1,0,16160.0,0,0,a,a,"Mar,Jun,Sept,Dec"
102,2014-12-28,0,0,0,1,0,150.0,0,0,a,a,"Mar,Jun,Sept,Dec"
105,2014-12-28,0,0,0,1,0,6190.0,0,0,a,c,"Mar,Jun,Sept,Dec"
10,2014-12-28,0,0,0,0,1,3160.0,0,0,a,a,No_Promo2
57,2014-12-28,0,0,0,0,0,420.0,0,0,d,c,No_Promo2
50,2014-12-28,0,0,0,0,0,6260.0,0,0,d,a,No_Promo2
49,2014-12-28,0,0,0,0,0,16160.0,0,0,d,c,No_Promo2
1115,2014-12-28,0,0,0,1,1,5350.0,0,0,d,c,"Mar,Jun,Sept,Dec"
1086,2014-12-28,0,0,0,1,1,180.0,0,0,a,a,"Feb,May,Aug,Nov"
85,2014-12-29,6665,1,0,0,1,1870.0,0,0,b,a,No_Promo2
71,2014-12-29,9962,1,0,1,1,16160.0,0,0,a,a,"Mar,Jun,Sept,Dec"
102,2014-12-29,7966,1,0,1,1,150.0,0,0,a,a,"Mar,Jun,Sept,Dec"
105,2014-12-29,5040,1,0,1,1,6190.0,0,0,a,c,"Mar,Jun,Sept,Dec"
10,2014-12-29,6157,1,0,0,1,3160.0,0,0,a,a,No_Promo2
57,2014-12-29,8846,1,0,0,1,420.0,0,0,d,c,No_Promo2
50,2014-12-29,4332,1,0,0,1,6260.0,0,0,d,a,No_Promo2
49,2014-12-29,6794,1,0,0,1,16160.0,0,0,d,c,No_Promo2
1086,2014-12-29,5592,1,0,1,1,180.0,0,0,a,a,"Feb,May,Aug,Nov"
1115,2014-12-29,7167,1,0,1,1,5350.0,0,0,d,c,"Mar,Jun,Sept,Dec"
85,2014-12-30,8490,1,0,0,1,1870.0,0,0,b,a,No_Promo2
71,2014-12-30,10214,1,0,1,1,16160.0,0,0,a,a,"Mar,Jun,Sept,Dec"
105,2014-12-30,4244,1,0,1,1,6190.0,0,0,a,c,"Mar,Jun,Sept,Dec"
102,2014-12-30,9070,1,0,1,1,150.0,0,0,a,a,"Mar,Jun,Sept,Dec"
10,2014-12-30,6862,1,0,0,1,3160.0,0,0,a,a,No_Promo2
57,2014-12-30,8582,1,0,0,1,420.0,0,0,d,c,No_Promo2
50,2014-12-30,4468,1,0,0,1,6260.0,0,0,d,a,No_Promo2
49,2014-12-30,6997,1,0,0,1,16160.0,0,0,d,c,No_Promo2
1086,2014-12-30,5980,1,0,1,1,180.0,0,0,a,a,"Feb,May,Aug,Nov"
1115,2014-12-30,7148,1,0,1,1,5350.0,0,0,d,c,"Mar,Jun,Sept,Dec"
85,2014-12-31,5377,1,0,0,1,1870.0,0,0,b,a,No_Promo2
71,2014-12-31,4226,1,0,1,1,16160.0,0,0,a,a,"Mar,Jun,Sept,Dec"
105,2014-12-31,3507,1,0,1,1,6190.0,0,0,a,c,"Mar,Jun,Sept,Dec"
102,2014-12-31,4310,1,0,1,1,150.0,0,0,a,a,"Mar,Jun,Sept,Dec"
10,2014-12-31,4216,1,0,0,1,3160.0,0,0,a,a,No_Promo2
57,2014-12-31,4168,1,0,0,1,420.0,0,0,d,c,No_Promo2
50,2014-12-31,2107,1,0,0,1,6260.0,0,0,d,a,No_Promo2
49,2014-12-31,4244,1,0,0,1,16160.0,0,0,d,c,No_Promo2
1086,2014-12-31,2385,1,0,1,1,180.0,0,0,a,a,"Feb,May,Aug,Nov"
1115,2014-12-31,3847,1,0,1,1,5350.0,0,0,d,c,"Mar,Jun,Sept,Dec"
85,2015-01-01,4576,1,0,0,1,1870.0,0,a,b,a,No_Promo2
71,2015-01-01,0,0,0,1,1,16160.0,0,a,a,a,"Mar,Jun,Sept,Dec"
102,2015-01-01,0,0,0,1,1,150.0,0,a,a,a,"Mar,Jun,Sept,Dec"
105,2015-01-01,0,0,0,1,1,6190.0,0,a,a,c,"Mar,Jun,Sept,Dec"
10,2015-01-01,0,0,0,0,1,3160.0,0,a,a,a,No_Promo2
57,2015-01-01,0,0,0,0,1,420.0,0,a,d,c,No_Promo2
50,2015-01-01,0,0,0,0,1,6260.0,0,a,d,a,No_Promo2
49,2015-01-01,0,0,0,0,1,16160.0,0,a,d,c,No_Promo2
1086,2015-01-01,0,0,0,1,1,180.0,0,a,a,a,"Feb,May,Aug,Nov"
1115,2015-01-01,0,0,0,1,1,5350.0,0,a,d,c,"Mar,Jun,Sept,Dec"
85,2015-01-02,6252,1,0,0,1,1870.0,0,0,b,a,No_Promo2
71,2015-01-02,8981,1,0,1,1,16160.0,0,0,a,a,"Mar,Jun,Sept,Dec"
102,2015-01-02,6939,1,0,1,1,150.0,0,0,a,a,"Mar,Jun,Sept,Dec"
105,2015-01-02,5618,1,0,1,1,6190.0,0,0,a,c,"Mar,Jun,Sept,Dec"
10,2015-01-02,4902,1,0,0,1,3160.0,0,0,a,a,No_Promo2
57,2015-01-02,9765,1,0,0,1,420.0,0,0,d,c,No_Promo2
50,2015-01-02,3670,1,0,0,1,6260.0,0,0,d,a,No_Promo2
49,2015-01-02,7731,1,0,0,1,16160.0,0,0,d,c,No_Promo2
1086,2015-01-02,5573,1,0,1,1,180.0,0,0,a,a,"Feb,May,Aug,Nov"
1115,2015-01-02,7558,1,0,1,1,5350.0,0,0,d,c,"Mar,Jun,Sept,Dec"
85,2015-01-03,5951,1,0,0,0,1870.0,0,0,b,a,No_Promo2
71,2015-01-03,6103,1,0,1,0,16160.0,0,0,a,a,"Mar,Jun,Sept,Dec"
102,2015-01-03,5396,1,0,1,0,150.0,0,0,a,a,"Mar,Jun,Sept,Dec"
105,2015-01-03,3050,1,0,1,0,6190.0,0,0,a,c,"Mar,Jun,Sept,Dec"
10,2015-01-03,4956,1,0,0,0,3160.0,0,0,a,a,No_Promo2
57,2015-01-03,7216,1,0,0,0,420.0,0,0,d,c,No_Promo2
50,2015-01-03,3927,1,0,0,0,6260.0,0,0,d,a,No_Promo2
49,2015-01-03,6941,1,0,0,0,16160.0,0,0,d,c,No_Promo2
1115,2015-01-03,6468,1,0,1,1,5350.0,0,0,d,c,"Mar,Jun,Sept,Dec"
1086,2015-01-03,3765,1,0,1,1,180.0,0,0,a,a,"Feb,May,Aug,Nov"
85,2015-01-04,9957,1,0,0,0,1870.0,0,0,b,a,No_Promo2
71,2015-01-04,0,0,0,1,0,16160.0,0,0,a,a,"Mar,Jun,Sept,Dec"
102,2015-01-04,0,0,0,1,0,150.0,0,0,a,a,"Mar,Jun,Sept,Dec"
105,2015-01-04,0,0,0,1,0,6190.0,0,0,a,c,"Mar,Jun,Sept,Dec"
10,2015-01-04,0,0,0,0,0,3160.0,0,0,a,a,No_Promo2
57,2015-01-04,0,0,0,0,0,420.0,0,0,d,c,No_Promo2
50,2015-01-04,0,0,0,0,0,6260.0,0,0,d,a,No_Promo2
49,2015-01-04,0,0,0,0,0,16160.0,0,0,d,c,No_Promo2
1115,2015-01-04,0,0,0,1,1,5350.0,0,0,d,c,"Mar,Jun,Sept,Dec"
1086,2015-01-04,0,0,0,1,1,180.0,0,0,a,a,"Feb,May,Aug,Nov"
71,2015-01-05,13934,1,1,1,1,16160.0,0,0,a,a,"Mar,Jun,Sept,Dec"
85,2015-01-05,8482,1,1,0,0,1870.0,0,0,b,a,No_Promo2
102,2015-01-05,11784,1,1,1,1,150.0,0,0,a,a,"Mar,Jun,Sept,Dec"
105,2015-01-05,8990,1,1,1,1,6190.0,0,0,a,c,"Mar,Jun,Sept,Dec"
10,2015-01-05,7581,1,1,0,1,3160.0,0,0,a,a,No_Promo2
57,2015-01-05,13869,1,1,0,0,420.0,0,0,d,c,No_Promo2
50,2015-01-05,5987,1,1,0,1,6260.0,0,0,d,a,No_Promo2
49,2015-01-05,12465,1,1,0,1,16160.0,0,0,d,c,No_Promo2
1115,2015-01-05,9102,1,1,1,1,5350.0,0,0,d,c,"Mar,Jun,Sept,Dec"
1086,2015-01-05,11277,1,1,1,1,180.0,0,0,a,a,"Feb,May,Aug,Nov"
102,2015-01-06,8172,1,1,1,1,150.0,0,0,a,a,"Mar,Jun,Sept,Dec"
85,2015-01-06,6854,1,1,0,0,1870.0,0,0,b,a,No_Promo2
71,2015-01-06,11715,1,1,1,1,16160.0,0,0,a,a,"Mar,Jun,Sept,Dec"
105,2015-01-06,0,0,1,1,0,6190.0,0,a,a,c,"Mar,Jun,Sept,Dec"
10,2015-01-06,6192,1,1,0,0,3160.0,0,0,a,a,No_Promo2
57,2015-01-06,12747,1,1,0,0,420.0,0,0,d,c,No_Promo2
49,2015-01-06,0,0,1,0,0,16160.0,0,a,d,c,No_Promo2
50,2015-01-06,4959,1,1,0,1,6260.0,0,0,d,a,No_Promo2
1115,2015-01-06,7380,1,1,1,1,5350.0,0,0,d,c,"Mar,Jun,Sept,Dec"
1086,2015-01-06,7774,1,1,1,1,180.0,0,0,a,a,"Feb,May,Aug,Nov"
85,2015-01-07,6930,1,1,0,0,1870.0,0,0,b,a,No_Promo2
71,2015-01-07,10334,1,1,1,0,16160.0,0,0,a,a,"Mar,Jun,Sept,Dec"
102,2015-01-07,7113,1,1,1,0,150.0,0,0,a,a,"Mar,Jun,Sept,Dec"
105,2015-01-07,6853,1,1,1,0,6190.0,0,0,a,c,"Mar,Jun,Sept,Dec"
10,2015-01-07,5200,1,1,0,0,3160.0,0,0,a,a,No_Promo2
57,2015-01-07,9648,1,1,0,0,420.0,0,0,d,c,No_Promo2
50,2015-01-07,4417,1,1,0,1,6260.0,0,0,d,a,No_Promo2
49,2015-01-07,9091,1,1,0,0,16160.0,0,0,d,c,No_Promo2
1086,2015-01-07,6973,1,1,1,1,180.0,0,0,a,a,"Feb,May,Aug,Nov"
1115,2015-01-07,6615,1,1,1,1,5350.0,0,0,d,c,"Mar,Jun,Sept,Dec"
85,2015-01-08,6429,1,1,0,0,1870.0,0,0,b,a,No_Promo2
71,2015-01-08,7957,1,1,1,0,16160.0,0,0,a,a,"Mar,Jun,Sept,Dec"
102,2015-01-08,5005,1,1,1,0,150.0,0,0,a,a,"Mar,Jun,Sept,Dec"
105,2015-01-08,5449,1,1,1,0,6190.0,0,0,a,c,"Mar,Jun,Sept,Dec"
10,2015-01-08,4534,1,1,0,0,3160.0,0,0,a,a,No_Promo2
57,2015-01-08,9473,1,1,0,0,420.0,0,0,d,c,No_Promo2
50,2015-01-08,3548,1,1,0,0,6260.0,0,0,d,a,No_Promo2
49,2015-01-08,7428,1,1,0,0,16160.0,0,0,d,c,No_Promo2
1115,2015-01-08,6810,1,1,1,1,5350.0,0,0,d,c,"Mar,Jun,Sept,Dec"
1086,2015-01-08,6300,1,1,1,1,180.0,0,0,a,a,"Feb,May,Aug,Nov"
85,2015-01-09,6974,1,1,0,0,1870.0,0,0,b,a,No_Promo2
71,2015-01-09,10101,1,1,1,0,16160.0,0,0,a,a,"Mar,Jun,Sept,Dec"
102,2015-01-09,7803,1,1,1,0,150.0,0,0,a,a,"Mar,Jun,Sept,Dec"
105,2015-01-09,5152,1,1,1,0,6190.0,0,0,a,c,"Mar,Jun,Sept,Dec"
10,2015-01-09,5746,1,1,0,0,3160.0,0,0,a,a,No_Promo2
57,2015-01-09,8862,1,1,0,0,420.0,0,0,d,c,No_Promo2
50,2015-01-09,4774,1,1,0,0,6260.0,0,0,d,a,No_Promo2
49,2015-01-09,7744,1,1,0,0,16160.0,0,0,d,c,No_Promo2
1115,2015-01-09,7498,1,1,1,1,5350.0,0,0,d,c,"Mar,Jun,Sept,Dec"
1086,2015-01-09,5966,1,1,1,1,180.0,0,0,a,a,"Feb,May,Aug,Nov"
85,2015-01-10,5760,1,0,0,0,1870.0,0,0,b,a,No_Promo2
71,2015-01-10,6478,1,0,1,0,16160.0,0,0,a,a,"Mar,Jun,Sept,Dec"
102,2015-01-10,5217,1,0,1,0,150.0,0,0,a,a,"Mar,Jun,Sept,Dec"
105,2015-01-10,3462,1,0,1,0,6190.0,0,0,a,c,"Mar,Jun,Sept,Dec"
10,2015-01-10,4289,1,0,0,0,3160.0,0,0,a,a,No_Promo2
57,2015-01-10,6220,1,0,0,0,420.0,0,0,d,c,No_Promo2
50,2015-01-10,4259,1,0,0,0,6260.0,0,0,d,a,No_Promo2
49,2015-01-10,8124,1,0,0,0,16160.0,0,0,d,c,No_Promo2
1115,2015-01-10,6766,1,0,1,0,5350.0,0,0,d,c,"Mar,Jun,Sept,Dec"
1086,2015-01-10,3691,1,0,1,0,180.0,0,0,a,a,"Feb,May,Aug,Nov"
85,2015-01-11,10876,1,0,0,0,1870.0,0,0,b,a,No_Promo2
71,2015-01-11,0,0,0,1,0,16160.0,0,0,a,a,"Mar,Jun,Sept,Dec"
102,2015-01-11,0,0,0,1,0,150.0,0,0,a,a,"Mar,Jun,Sept,Dec"
105,2015-01-11,0,0,0,1,0,6190.0,0,0,a,c,"Mar,Jun,Sept,Dec"
10,2015-01-11,0,0,0,0,0,3160.0,0,0,a,a,No_Promo2
57,2015-01-11,0,0,0,0,0,420.0,0,0,d,c,No_Promo2
50,2015-01-11,0,0,0,0,0,6260.0,0,0,d,a,No_Promo2
49,2015-01-11,0,0,0,0,0,16160.0,0,0,d,c,No_Promo2
1115,2015-01-11,0,0,0,1,0,5350.0,0,0,d,c,"Mar,Jun,Sept,Dec"
1086,2015-01-11,0,0,0,1,0,180.0,0,0,a,a,"Feb,May,Aug,Nov"
85,2015-01-12,7967,1,1,0,0,1870.0,0,0,b,a,No_Promo2
71,2015-01-12,11592,1,1,1,0,16160.0,0,0,a,a,"Mar,Jun,Sept,Dec"
102,2015-01-12,9500,1,1,1,0,150.0,0,0,a,a,"Mar,Jun,Sept,Dec"
105,2015-01-12,7258,1,1,1,0,6190.0,0,0,a,c,"Mar,Jun,Sept,Dec"
10,2015-01-12,6460,1,1,0,0,3160.0,0,0,a,a,No_Promo2
57,2015-01-12,13728,1,1,0,0,420.0,0,0,d,c,No_Promo2
50,2015-01-12,5675,1,1,0,0,6260.0,0,0,d,a,No_Promo2
49,2015-01-12,8882,1,1,0,0,16160.0,0,0,d,c,No_Promo2
1115,2015-01-12,8068,1,1,1,0,5350.0,0,0,d,c,"Mar,Jun,Sept,Dec"
1086,2015-01-12,8658,1,1,1,0,180.0,0,0,a,a,"Feb,May,Aug,Nov"
85,2015-01-13,6673,1,1,0,0,1870.0,0,0,b,a,No_Promo2
71,2015-01-13,10089,1,1,1,0,16160.0,0,0,a,a,"Mar,Jun,Sept,Dec"
102,2015-01-13,7076,1,1,1,0,150.0,0,0,a,a,"Mar,Jun,Sept,Dec"
105,2015-01-13,5891,1,1,1,0,6190.0,0,0,a,c,"Mar,Jun,Sept,Dec"
10,2015-01-13,5802,1,1,0,0,3160.0,0,0,a,a,No_Promo2
57,2015-01-13,11121,1,1,0,0,420.0,0,0,d,c,No_Promo2
50,2015-01-13,4084,1,1,0,0,6260.0,0,0,d,a,No_Promo2
49,2015-01-13,7062,1,1,0,0,16160.0,0,0,d,c,No_Promo2
1086,2015-01-13,7620,1,1,1,0,180.0,0,0,a,a,"Feb,May,Aug,Nov"
1115,2015-01-13,6134,1,1,1,0,5350.0,0,0,d,c,"Mar,Jun,Sept,Dec"
71,2015-01-14,10110,1,1,1,0,16160.0,0,0,a,a,"Mar,Jun,Sept,Dec"
85,2015-01-14,7048,1,1,0,0,1870.0,0,0,b,a,No_Promo2
102,2015-01-14,7746,1,1,1,0,150.0,0,0,a,a,"Mar,Jun,Sept,Dec"
105,2015-01-14,4569,1,1,1,0,6190.0,0,0,a,c,"Mar,Jun,Sept,Dec"
10,2015-01-14,5049,1,1,0,0,3160.0,0,0,a,a,No_Promo2
57,2015-01-14,9544,1,1,0,0,420.0,0,0,d,c,No_Promo2
50,2015-01-14,3621,1,1,0,0,6260.0,0,0,d,a,No_Promo2
49,2015-01-14,6547,1,1,0,0,16160.0,0,0,d,c,No_Promo2
1115,2015-01-14,5491,1,1,1,0,5350.0,0,0,d,c,"Mar,Jun,Sept,Dec"
1086,2015-01-14,6675,1,1,1,0,180.0,0,0,a,a,"Feb,May,Aug,Nov"
85,2015-01-15,6284,1,1,0,0,1870.0,0,0,b,a,No_Promo2
71,2015-01-15,9764,1,1,1,0,16160.0,0,0,a,a,"Mar,Jun,Sept,Dec"
102,2015-01-15,5725,1,1,1,0,150.0,0,0,a,a,"Mar,Jun,Sept,Dec"
105,2015-01-15,5426,1,1,1,0,6190.0,0,0,a,c,"Mar,Jun,Sept,Dec"
10,2015-01-15,5656,1,1,0,0,3160.0,0,0,a,a,No_Promo2
57,2015-01-15,9238,1,1,0,0,420.0,0,0,d,c,No_Promo2
50,2015-01-15,4299,1,1,0,0,6260.0,0,0,d,a,No_Promo2
49,2015-01-15,7309,1,1,0,0,16160.0,0,0,d,c,No_Promo2
1086,2015-01-15,6465,1,1,1,0,180.0,0,0,a,a,"Feb,May,Aug,Nov"
1115,2015-01-15,6359,1,1,1,0,5350.0,0,0,d,c,"Mar,Jun,Sept,Dec"
85,2015-01-16,7343,1,1,0,0,1870.0,0,0,b,a,No_Promo2
71,2015-01-16,10945,1,1,1,0,16160.0,0,0,a,a,"Mar,Jun,Sept,Dec"
102,2015-01-16,8045,1,1,1,0,150.0,0,0,a,a,"Mar,Jun,Sept,Dec"
105,2015-01-16,4617,1,1,1,0,6190.0,0,0,a,c,"Mar,Jun,Sept,Dec"
10,2015-01-16,7036,1,1,0,0,3160.0,0,0,a,a,No_Promo2
57,2015-01-16,9357,1,1,0,0,420.0,0,0,d,c,No_Promo2
50,2015-01-16,4280,1,1,0,0,6260.0,0,0,d,a,No_Promo2
49,2015-01-16,7923,1,1,0,0,16160.0,0,0,d,c,No_Promo2
1115,2015-01-16,7720,1,1,1,0,5350.0,0,0,d,c,"Mar,Jun,Sept,Dec"
1086,2015-01-16,6378,1,1,1,0,180.0,0,0,a,a,"Feb,May,Aug,Nov"
85,2015-01-17,4068,1,0,0,0,1870.0,0,0,b,a,No_Promo2
71,2015-01-17,6713,1,0,1,0,16160.0,0,0,a,a,"Mar,Jun,Sept,Dec"
102,2015-01-17,6378,1,0,1,0,150.0,0,0,a,a,"Mar,Jun,Sept,Dec"
105,2015-01-17,3210,1,0,1,0,6190.0,0,0,a,c,"Mar,Jun,Sept,Dec"
10,2015-01-17,4867,1,0,0,0,3160.0,0,0,a,a,No_Promo2
57,2015-01-17,7713,1,0,0,0,420.0,0,0,d,c,No_Promo2
50,2015-01-17,4285,1,0,0,0,6260.0,0,0,d,a,No_Promo2
49,2015-01-17,8429,1,0,0,0,16160.0,0,0,d,c,No_Promo2
1115,2015-01-17,7280,1,0,1,0,5350.0,0,0,d,c,"Mar,Jun,Sept,Dec"
1086,2015-01-17,3970,1,0,1,0,180.0,0,0,a,a,"Feb,May,Aug,Nov"
85,2015-01-18,11754,1,0,0,0,1870.0,0,0,b,a,No_Promo2
71,2015-01-18,0,0,0,1,0,16160.0,0,0,a,a,"Mar,Jun,Sept,Dec"
102,2015-01-18,0,0,0,1,0,150.0,0,0,a,a,"Mar,Jun,Sept,Dec"
105,2015-01-18,0,0,0,1,0,6190.0,0,0,a,c,"Mar,Jun,Sept,Dec"
10,2015-01-18,0,0,0,0,0,3160.0,0,0,a,a,No_Promo2
57,2015-01-18,0,0,0,0,0,420.0,0,0,d,c,No_Promo2
50,2015-01-18,0,0,0,0,0,6260.0,0,0,d,a,No_Promo2
49,2015-01-18,0,0,0,0,0,16160.0,0,0,d,c,No_Promo2
1115,2015-01-18,0,0,0,1,0,5350.0,0,0,d,c,"Mar,Jun,Sept,Dec"
1086,2015-01-18,0,0,0,1,0,180.0,0,0,a,a,"Feb,May,Aug,Nov"
85,2015-01-19,6038,1,0,0,0,1870.0,0,0,b,a,No_Promo2
71,2015-01-19,6820,1,0,1,0,16160.0,0,0,a,a,"Mar,Jun,Sept,Dec"
102,2015-01-19,5131,1,0,1,0,150.0,0,0,a,a,"Mar,Jun,Sept,Dec"
105,2015-01-19,4488,1,0,1,0,6190.0,0,0,a,c,"Mar,Jun,Sept,Dec"
10,2015-01-19,5302,1,0,0,0,3160.0,0,0,a,a,No_Promo2
57,2015-01-19,6833,1,0,0,0,420.0,0,0,d,c,No_Promo2
50,2015-01-19,2864,1,0,0,0,6260.0,0,0,d,a,No_Promo2
49,2015-01-19,5659,1,0,0,0,16160.0,0,0,d,c,No_Promo2
1115,2015-01-19,4931,1,0,1,0,5350.0,0,0,d,c,"Mar,Jun,Sept,Dec"
1086,2015-01-19,4478,1,0,1,0,180.0,0,0,a,a,"Feb,May,Aug,Nov"
102,2015-01-20,5368,1,0,1,0,150.0,0,0,a,a,"Mar,Jun,Sept,Dec"
85,2015-01-20,5057,1,0,0,0,1870.0,0,0,b,a,No_Promo2
105,2015-01-20,3876,1,0,1,0,6190.0,0,0,a,c,"Mar,Jun,Sept,Dec"
71,2015-01-20,6596,1,0,1,0,16160.0,0,0,a,a,"Mar,Jun,Sept,Dec"
10,2015-01-20,4681,1,0,0,0,3160.0,0,0,a,a,No_Promo2
57,2015-01-20,6285,1,0,0,0,420.0,0,0,d,c,No_Promo2
49,2015-01-20,5528,1,0,0,0,16160.0,0,0,d,c,No_Promo2
50,2015-01-20,2675,1,0,0,0,6260.0,0,0,d,a,No_Promo2
1115,2015-01-20,4468,1,0,1,0,5350.0,0,0,d,c,"Mar,Jun,Sept,Dec"
1086,2015-01-20,4139,1,0,1,0,180.0,0,0,a,a,"Feb,May,Aug,Nov"
85,2015-01-21,5877,1,0,0,0,1870.0,0,0,b,a,No_Promo2
71,2015-01-21,6966,1,0,1,0,16160.0,0,0,a,a,"Mar,Jun,Sept,Dec"
102,2015-01-21,4845,1,0,1,0,150.0,0,0,a,a,"Mar,Jun,Sept,Dec"
105,2015-01-21,4008,1,0,1,0,6190.0,0,0,a,c,"Mar,Jun,Sept,Dec"
10,2015-01-21,3792,1,0,0,0,3160.0,0,0,a,a,No_Promo2
57,2015-01-21,6651,1,0,0,0,420.0,0,0,d,c,No_Promo2
50,2015-01-21,2769,1,0,0,0,6260.0,0,0,d,a,No_Promo2
49,2015-01-21,4507,1,0,0,0,16160.0,0,0,d,c,No_Promo2
1086,2015-01-21,3864,1,0,1,0,180.0,0,0,a,a,"Feb,May,Aug,Nov"
1115,2015-01-21,4000,1,0,1,0,5350.0,0,0,d,c,"Mar,Jun,Sept,Dec"
85,2015-01-22,5937,1,0,0,0,1870.0,0,0,b,a,No_Promo2
71,2015-01-22,6582,1,0,1,0,16160.0,0,0,a,a,"Mar,Jun,Sept,Dec"
102,2015-01-22,4812,1,0,1,0,150.0,0,0,a,a,"Mar,Jun,Sept,Dec"
105,2015-01-22,4041,1,0,1,0,6190.0,0,0,a,c,"Mar,Jun,Sept,Dec"
10,2015-01-22,4203,1,0,0,0,3160.0,0,0,a,a,No_Promo2
57,2015-01-22,6860,1,0,0,0,420.0,0,0,d,c,No_Promo2
50,2015-01-22,3000,1,0,0,0,6260.0,0,0,d,a,No_Promo2
49,2015-01-22,5108,1,0,0,0,16160.0,0,0,d,c,No_Promo2
1086,2015-01-22,4387,1,0,1,0,180.0,0,0,a,a,"Feb,May,Aug,Nov"
1115,2015-01-22,4304,1,0,1,0,5350.0,0,0,d,c,"Mar,Jun,Sept,Dec"
85,2015-01-23,5704,1,0,0,0,1870.0,0,0,b,a,No_Promo2
71,2015-01-23,6888,1,0,1,0,16160.0,0,0,a,a,"Mar,Jun,Sept,Dec"
102,2015-01-23,4660,1,0,1,0,150.0,0,0,a,a,"Mar,Jun,Sept,Dec"
105,2015-01-23,4194,1,0,1,0,6190.0,0,0,a,c,"Mar,Jun,Sept,Dec"
10,2015-01-23,5131,1,0,0,0,3160.0,0,0,a,a,No_Promo2
57,2015-01-23,7241,1,0,0,0,420.0,0,0,d,c,No_Promo2
50,2015-01-23,3638,1,0,0,0,6260.0,0,0,d,a,No_Promo2
49,2015-01-23,6512,1,0,0,0,16160.0,0,0,d,c,No_Promo2
1115,2015-01-23,5758,1,0,1,0,5350.0,0,0,d,c,"Mar,Jun,Sept,Dec"
1086,2015-01-23,3894,1,0,1,0,180.0,0,0,a,a,"Feb,May,Aug,Nov"
85,2015-01-24,5137,1,0,0,0,1870.0,0,0,b,a,No_Promo2
71,2015-01-24,5625,1,0,1,0,16160.0,0,0,a,a,"Mar,Jun,Sept,Dec"
102,2015-01-24,3999,1,0,1,0,150.0,0,0,a,a,"Mar,Jun,Sept,Dec"
105,2015-01-24,3273,1,0,1,0,6190.0,0,0,a,c,"Mar,Jun,Sept,Dec"
10,2015-01-24,4192,1,0,0,0,3160.0,0,0,a,a,No_Promo2
57,2015-01-24,5753,1,0,0,0,420.0,0,0,d,c,No_Promo2
50,2015-01-24,3715,1,0,0,0,6260.0,0,0,d,a,No_Promo2
49,2015-01-24,7636,1,0,0,0,16160.0,0,0,d,c,No_Promo2
1115,2015-01-24,6661,1,0,1,0,5350.0,0,0,d,c,"Mar,Jun,Sept,Dec"
1086,2015-01-24,2808,1,0,1,0,180.0,0,0,a,a,"Feb,May,Aug,Nov"
85,2015-01-25,7459,1,0,0,0,1870.0,0,0,b,a,No_Promo2
71,2015-01-25,0,0,0,1,0,16160.0,0,0,a,a,"Mar,Jun,Sept,Dec"
102,2015-01-25,0,0,0,1,0,150.0,0,0,a,a,"Mar,Jun,Sept,Dec"
105,2015-01-25,0,0,0,1,0,6190.0,0,0,a,c,"Mar,Jun,Sept,Dec"
10,2015-01-25,0,0,0,0,0,3160.0,0,0,a,a,No_Promo2
57,2015-01-25,0,0,0,0,0,420.0,0,0,d,c,No_Promo2
50,2015-01-25,0,0,0,0,0,6260.0,0,0,d,a,No_Promo2
49,2015-01-25,0,0,0,0,0,16160.0,0,0,d,c,No_Promo2
1115,2015-01-25,0,0,0,1,0,5350.0,0,0,d,c,"Mar,Jun,Sept,Dec"
1086,2015-01-25,0,0,0,1,0,180.0,0,0,a,a,"Feb,May,Aug,Nov"
85,2015-01-26,7583,1,1,0,0,1870.0,0,0,b,a,No_Promo2
71,2015-01-26,12129,1,1,1,0,16160.0,0,0,a,a,"Mar,Jun,Sept,Dec"
102,2015-01-26,8301,1,1,1,0,150.0,0,0,a,a,"Mar,Jun,Sept,Dec"
105,2015-01-26,7153,1,1,1,0,6190.0,0,0,a,c,"Mar,Jun,Sept,Dec"
10,2015-01-26,6088,1,1,0,0,3160.0,0,0,a,a,No_Promo2
57,2015-01-26,13590,1,1,0,0,420.0,0,0,d,c,No_Promo2
50,2015-01-26,5731,1,1,0,0,6260.0,0,0,d,a,No_Promo2
49,2015-01-26,8206,1,1,0,0,16160.0,0,0,d,c,No_Promo2
1115,2015-01-26,8007,1,1,1,0,5350.0,0,0,d,c,"Mar,Jun,Sept,Dec"
1086,2015-01-26,8573,1,1,1,0,180.0,0,0,a,a,"Feb,May,Aug,Nov"
102,2015-01-27,7823,1,1,1,0,150.0,0,0,a,a,"Mar,Jun,Sept,Dec"
85,2015-01-27,7161,1,1,0,0,1870.0,0,0,b,a,No_Promo2
71,2015-01-27,11850,1,1,1,0,16160.0,0,0,a,a,"Mar,Jun,Sept,Dec"
105,2015-01-27,5153,1,1,1,0,6190.0,0,0,a,c,"Mar,Jun,Sept,Dec"
10,2015-01-27,6137,1,1,0,0,3160.0,0,0,a,a,No_Promo2
57,2015-01-27,10301,1,1,0,0,420.0,0,0,d,c,No_Promo2
49,2015-01-27,7324,1,1,0,0,16160.0,0,0,d,c,No_Promo2
50,2015-01-27,4763,1,1,0,0,6260.0,0,0,d,a,No_Promo2
1115,2015-01-27,7445,1,1,1,0,5350.0,0,0,d,c,"Mar,Jun,Sept,Dec"
1086,2015-01-27,7194,1,1,1,0,180.0,0,0,a,a,"Feb,May,Aug,Nov"
71,2015-01-28,9936,1,1,1,0,16160.0,0,0,a,a,"Mar,Jun,Sept,Dec"
85,2015-01-28,6613,1,1,0,0,1870.0,0,0,b,a,No_Promo2
102,2015-01-28,6602,1,1,1,0,150.0,0,0,a,a,"Mar,Jun,Sept,Dec"
105,2015-01-28,5383,1,1,1,0,6190.0,0,0,a,c,"Mar,Jun,Sept,Dec"
10,2015-01-28,5173,1,1,0,0,3160.0,0,0,a,a,No_Promo2
57,2015-01-28,9766,1,1,0,0,420.0,0,0,d,c,No_Promo2
50,2015-01-28,4382,1,1,0,0,6260.0,0,0,d,a,No_Promo2
49,2015-01-28,7675,1,1,0,0,16160.0,0,0,d,c,No_Promo2
1115,2015-01-28,7198,1,1,1,0,5350.0,0,0,d,c,"Mar,Jun,Sept,Dec"
1086,2015-01-28,7163,1,1,1,0,180.0,0,0,a,a,"Feb,May,Aug,Nov"
85,2015-01-29,6168,1,1,0,0,1870.0,0,0,b,a,No_Promo2
71,2015-01-29,9405,1,1,1,0,16160.0,0,0,a,a,"Mar,Jun,Sept,Dec"
102,2015-01-29,6999,1,1,1,0,150.0,0,0,a,a,"Mar,Jun,Sept,Dec"
105,2015-01-29,5218,1,1,1,0,6190.0,0,0,a,c,"Mar,Jun,Sept,Dec"
10,2015-01-29,6203,1,1,0,0,3160.0,0,0,a,a,No_Promo2
57,2015-01-29,9529,1,1,0,0,420.0,0,0,d,c,No_Promo2
50,2015-01-29,4440,1,1,0,0,6260.0,0,0,d,a,No_Promo2
49,2015-01-29,7378,1,1,0,0,16160.0,0,0,d,c,No_Promo2
1086,2015-01-29,5686,1,1,1,0,180.0,0,0,a,a,"Feb,May,Aug,Nov"
1115,2015-01-29,6767,1,1,1,0,5350.0,0,0,d,c,"Mar,Jun,Sept,Dec"
85,2015-01-30,7499,1,1,0,0,1870.0,0,0,b,a,No_Promo2
71,2015-01-30,9889,1,1,1,0,16160.0,0,0,a,a,"Mar,Jun,Sept,Dec"
102,2015-01-30,10741,1,1,1,0,150.0,0,0,a,a,"Mar,Jun,Sept,Dec"
105,2015-01-30,5315,1,1,1,0,6190.0,0,0,a,c,"Mar,Jun,Sept,Dec"
10,2015-01-30,6350,1,1,0,0,3160.0,0,0,a,a,No_Promo2
57,2015-01-30,10486,1,1,0,0,420.0,0,0,d,c,No_Promo2
50,2015-01-30,5587,1,1,0,0,6260.0,0,0,d,a,No_Promo2
49,2015-01-30,8693,1,1,0,0,16160.0,0,0,d,c,No_Promo2
1115,2015-01-30,9525,1,1,1,0,5350.0,0,0,d,c,"Mar,Jun,Sept,Dec"
1086,2015-01-30,7152,1,1,1,0,180.0,0,0,a,a,"Feb,May,Aug,Nov"
102,2015-01-31,7522,1,0,1,0,150.0,0,0,a,a,"Mar,Jun,Sept,Dec"
85,2015-01-31,6737,1,0,0,0,1870.0,0,0,b,a,No_Promo2
71,2015-01-31,7967,1,0,1,0,16160.0,0,0,a,a,"Mar,Jun,Sept,Dec"
105,2015-01-31,3754,1,0,1,0,6190.0,0,0,a,c,"Mar,Jun,Sept,Dec"
10,2015-01-31,4806,1,0,0,0,3160.0,0,0,a,a,No_Promo2
57,2015-01-31,6624,1,0,0,0,420.0,0,0,d,c,No_Promo2
49,2015-01-31,8620,1,0,0,0,16160.0,0,0,d,c,No_Promo2
50,2015-01-31,4270,1,0,0,0,6260.0,0,0,d,a,No_Promo2
1086,2015-01-31,4186,1,0,1,0,180.0,0,0,a,a,"Feb,May,Aug,Nov"
1115,2015-01-31,8479,1,0,1,0,5350.0,0,0,d,c,"Mar,Jun,Sept,Dec"
71,2015-02-01,0,0,0,1,0,16160.0,0,0,a,a,"Mar,Jun,Sept,Dec"
85,2015-02-01,13899,1,0,0,0,1870.0,0,0,b,a,No_Promo2
102,2015-02-01,0,0,0,1,0,150.0,0,0,a,a,"Mar,Jun,Sept,Dec"
105,2015-02-01,0,0,0,1,0,6190.0,0,0,a,c,"Mar,Jun,Sept,Dec"
10,2015-02-01,0,0,0,0,0,3160.0,0,0,a,a,No_Promo2
57,2015-02-01,0,0,0,0,0,420.0,0,0,d,c,No_Promo2
50,2015-02-01,0,0,0,0,0,6260.0,0,0,d,a,No_Promo2
49,2015-02-01,0,0,0,0,0,16160.0,0,0,d,c,No_Promo2
1086,2015-02-01,0,0,0,1,0,180.0,0,0,a,a,"Feb,May,Aug,Nov"
1115,2015-02-01,0,0,0,1,0,5350.0,0,0,d,c,"Mar,Jun,Sept,Dec"
85,2015-02-02,8625,1,1,0,1,1870.0,0,0,b,a,No_Promo2
71,2015-02-02,13777,1,1,1,0,16160.0,0,0,a,a,"Mar,Jun,Sept,Dec"
102,2015-02-02,11126,1,1,1,0,150.0,0,0,a,a,"Mar,Jun,Sept,Dec"
105,2015-02-02,7032,1,1,1,0,6190.0,0,0,a,c,"Mar,Jun,Sept,Dec"
10,2015-02-02,7275,1,1,0,1,3160.0,0,0,a,a,No_Promo2
57,2015-02-02,14089,1,1,0,0,420.0,0,0,d,c,No_Promo2
50,2015-02-02,6572,1,1,0,0,6260.0,0,0,d,a,No_Promo2
49,2015-02-02,9369,1,1,0,0,16160.0,0,0,d,c,No_Promo2
1086,2015-02-02,10334,1,1,1,0,180.0,0,0,a,a,"Feb,May,Aug,Nov"
1115,2015-02-02,8090,1,1,1,0,5350.0,0,0,d,c,"Mar,Jun,Sept,Dec"
85,2015-02-03,7101,1,1,0,1,1870.0,0,0,b,a,No_Promo2
71,2015-02-03,11786,1,1,1,0,16160.0,0,0,a,a,"Mar,Jun,Sept,Dec"
102,2015-02-03,8618,1,1,1,0,150.0,0,0,a,a,"Mar,Jun,Sept,Dec"
105,2015-02-03,6171,1,1,1,0,6190.0,0,0,a,c,"Mar,Jun,Sept,Dec"
10,2015-02-03,5982,1,1,0,1,3160.0,0,0,a,a,No_Promo2
57,2015-02-03,11380,1,1,0,0,420.0,0,0,d,c,No_Promo2
50,2015-02-03,4517,1,1,0,0,6260.0,0,0,d,a,No_Promo2
49,2015-02-03,7191,1,1,0,0,16160.0,0,0,d,c,No_Promo2
1115,2015-02-03,7222,1,1,1,0,5350.0,0,0,d,c,"Mar,Jun,Sept,Dec"
1086,2015-02-03,8355,1,1,1,0,180.0,0,0,a,a,"Feb,May,Aug,Nov"
85,2015-02-04,6797,1,1,0,1,1870.0,0,0,b,a,No_Promo2
71,2015-02-04,11040,1,1,1,0,16160.0,0,0,a,a,"Mar,Jun,Sept,Dec"
102,2015-02-04,8224,1,1,1,0,150.0,0,0,a,a,"Mar,Jun,Sept,Dec"
105,2015-02-04,5351,1,1,1,0,6190.0,0,0,a,c,"Mar,Jun,Sept,Dec"
10,2015-02-04,6052,1,1,0,0,3160.0,0,0,a,a,No_Promo2
57,2015-02-04,9192,1,1,0,0,420.0,0,0,d,c,No_Promo2
50,2015-02-04,3859,1,1,0,0,6260.0,0,0,d,a,No_Promo2
49,2015-02-04,7864,1,1,0,0,16160.0,0,0,d,c,No_Promo2
1086,2015-02-04,7577,1,1,1,0,180.0,0,0,a,a,"Feb,May,Aug,Nov"
1115,2015-02-04,7066,1,1,1,0,5350.0,0,0,d,c,"Mar,Jun,Sept,Dec"
85,2015-02-05,6083,1,1,0,1,1870.0,0,0,b,a,No_Promo2
71,2015-02-05,10070,1,1,1,0,16160.0,0,0,a,a,"Mar,Jun,Sept,Dec"
102,2015-02-05,7265,1,1,1,0,150.0,0,0,a,a,"Mar,Jun,Sept,Dec"
105,2015-02-05,5012,1,1,1,0,6190.0,0,0,a,c,"Mar,Jun,Sept,Dec"
10,2015-02-05,5416,1,1,0,0,3160.0,0,0,a,a,No_Promo2
57,2015-02-05,9631,1,1,0,0,420.0,0,0,d,c,No_Promo2
50,2015-02-05,4246,1,1,0,0,6260.0,0,0,d,a,No_Promo2
49,2015-02-05,6885,1,1,0,0,16160.0,0,0,d,c,No_Promo2
1115,2015-02-05,6173,1,1,1,0,5350.0,0,0,d,c,"Mar,Jun,Sept,Dec"
1086,2015-02-05,6744,1,1,1,0,180.0,0,0,a,a,"Feb,May,Aug,Nov"
85,2015-02-06,6975,1,1,0,1,1870.0,0,0,b,a,No_Promo2
71,2015-02-06,10470,1,1,1,0,16160.0,0,0,a,a,"Mar,Jun,Sept,Dec"
102,2015-02-06,7558,1,1,1,0,150.0,0,0,a,a,"Mar,Jun,Sept,Dec"
105,2015-02-06,5511,1,1,1,0,6190.0,0,0,a,c,"Mar,Jun,Sept,Dec"
10,2015-02-06,5772,1,1,0,0,3160.0,0,0,a,a,No_Promo2
57,2015-02-06,10116,1,1,0,0,420.0,0,0,d,c,No_Promo2
50,2015-02-06,4933,1,1,0,0,6260.0,0,0,d,a,No_Promo2
49,2015-02-06,8480,1,1,0,0,16160.0,0,0,d,c,No_Promo2
1115,2015-02-06,7400,1,1,1,0,5350.0,0,0,d,c,"Mar,Jun,Sept,Dec"
1086,2015-02-06,6604,1,1,1,0,180.0,0,0,a,a,"Feb,May,Aug,Nov"
85,2015-02-07,5707,1,0,0,0,1870.0,0,0,b,a,No_Promo2
71,2015-02-07,6540,1,0,1,0,16160.0,0,0,a,a,"Mar,Jun,Sept,Dec"
102,2015-02-07,5163,1,0,1,0,150.0,0,0,a,a,"Mar,Jun,Sept,Dec"
105,2015-02-07,3608,1,0,1,0,6190.0,0,0,a,c,"Mar,Jun,Sept,Dec"
10,2015-02-07,4770,1,0,0,0,3160.0,0,0,a,a,No_Promo2
57,2015-02-07,6078,1,0,0,0,420.0,0,0,d,c,No_Promo2
50,2015-02-07,4338,1,0,0,0,6260.0,0,0,d,a,No_Promo2
49,2015-02-07,7653,1,0,0,0,16160.0,0,0,d,c,No_Promo2
1115,2015-02-07,7218,1,0,1,0,5350.0,0,0,d,c,"Mar,Jun,Sept,Dec"
1086,2015-02-07,3709,1,0,1,0,180.0,0,0,a,a,"Feb,May,Aug,Nov"
85,2015-02-08,11453,1,0,0,0,1870.0,0,0,b,a,No_Promo2
71,2015-02-08,0,0,0,1,0,16160.0,0,0,a,a,"Mar,Jun,Sept,Dec"
102,2015-02-08,0,0,0,1,0,150.0,0,0,a,a,"Mar,Jun,Sept,Dec"
105,2015-02-08,0,0,0,1,0,6190.0,0,0,a,c,"Mar,Jun,Sept,Dec"
10,2015-02-08,0,0,0,0,0,3160.0,0,0,a,a,No_Promo2
57,2015-02-08,0,0,0,0,0,420.0,0,0,d,c,No_Promo2
50,2015-02-08,0,0,0,0,0,6260.0,0,0,d,a,No_Promo2
49,2015-02-08,0,0,0,0,0,16160.0,0,0,d,c,No_Promo2
1115,2015-02-08,0,0,0,1,0,5350.0,0,0,d,c,"Mar,Jun,Sept,Dec"
1086,2015-02-08,0,0,0,1,0,180.0,0,0,a,a,"Feb,May,Aug,Nov"
85,2015-02-09,5957,1,0,0,0,1870.0,0,0,b,a,No_Promo2
71,2015-02-09,7574,1,0,1,0,16160.0,0,0,a,a,"Mar,Jun,Sept,Dec"
102,2015-02-09,4999,1,0,1,0,150.0,0,0,a,a,"Mar,Jun,Sept,Dec"
105,2015-02-09,4493,1,0,1,0,6190.0,0,0,a,c,"Mar,Jun,Sept,Dec"
10,2015-02-09,4795,1,0,0,0,3160.0,0,0,a,a,No_Promo2
57,2015-02-09,6103,1,0,0,1,420.0,0,0,d,c,No_Promo2
50,2015-02-09,3028,1,0,0,0,6260.0,0,0,d,a,No_Promo2
49,2015-02-09,5860,1,0,0,0,16160.0,0,0,d,c,No_Promo2
1115,2015-02-09,5604,1,0,1,0,5350.0,0,0,d,c,"Mar,Jun,Sept,Dec"
1086,2015-02-09,4791,1,0,1,0,180.0,0,0,a,a,"Feb,May,Aug,Nov"
71,2015-02-10,6982,1,0,1,0,16160.0,0,0,a,a,"Mar,Jun,Sept,Dec"
85,2015-02-10,5312,1,0,0,0,1870.0,0,0,b,a,No_Promo2
102,2015-02-10,5278,1,0,1,0,150.0,0,0,a,a,"Mar,Jun,Sept,Dec"
105,2015-02-10,4396,1,0,1,0,6190.0,0,0,a,c,"Mar,Jun,Sept,Dec"
10,2015-02-10,5094,1,0,0,0,3160.0,0,0,a,a,No_Promo2
57,2015-02-10,7122,1,0,0,1,420.0,0,0,d,c,No_Promo2
50,2015-02-10,2662,1,0,0,0,6260.0,0,0,d,a,No_Promo2
49,2015-02-10,5968,1,0,0,0,16160.0,0,0,d,c,No_Promo2
1086,2015-02-10,4630,1,0,1,0,180.0,0,0,a,a,"Feb,May,Aug,Nov"
1115,2015-02-10,4714,1,0,1,0,5350.0,0,0,d,c,"Mar,Jun,Sept,Dec"
85,2015-02-11,5556,1,0,0,0,1870.0,0,0,b,a,No_Promo2
71,2015-02-11,7441,1,0,1,0,16160.0,0,0,a,a,"Mar,Jun,Sept,Dec"
102,2015-02-11,5033,1,0,1,0,150.0,0,0,a,a,"Mar,Jun,Sept,Dec"
105,2015-02-11,4361,1,0,1,0,6190.0,0,0,a,c,"Mar,Jun,Sept,Dec"
10,2015-02-11,5530,1,0,0,0,3160.0,0,0,a,a,No_Promo2
57,2015-02-11,6483,1,0,0,1,420.0,0,0,d,c,No_Promo2
50,2015-02-11,3233,1,0,0,0,6260.0,0,0,d,a,No_Promo2
49,2015-02-11,5634,1,0,0,0,16160.0,0,0,d,c,No_Promo2
1086,2015-02-11,4328,1,0,1,0,180.0,0,0,a,a,"Feb,May,Aug,Nov"
1115,2015-02-11,5206,1,0,1,0,5350.0,0,0,d,c,"Mar,Jun,Sept,Dec"
85,2015-02-12,5710,1,0,0,0,1870.0,0,0,b,a,No_Promo2
71,2015-02-12,7680,1,0,1,0,16160.0,0,0,a,a,"Mar,Jun,Sept,Dec"
102,2015-02-12,5258,1,0,1,0,150.0,0,0,a,a,"Mar,Jun,Sept,Dec"
105,2015-02-12,3650,1,0,1,0,6190.0,0,0,a,c,"Mar,Jun,Sept,Dec"
10,2015-02-12,4602,1,0,0,0,3160.0,0,0,a,a,No_Promo2
57,2015-02-12,7436,1,0,0,1,420.0,0,0,d,c,No_Promo2
50,2015-02-12,3021,1,0,0,0,6260.0,0,0,d,a,No_Promo2
49,2015-02-12,6530,1,0,0,0,16160.0,0,0,d,c,No_Promo2
1086,2015-02-12,4266,1,0,1,0,180.0,0,0,a,a,"Feb,May,Aug,Nov"
1115,2015-02-12,4827,1,0,1,0,5350.0,0,0,d,c,"Mar,Jun,Sept,Dec"
85,2015-02-13,5810,1,0,0,0,1870.0,0,0,b,a,No_Promo2
71,2015-02-13,9236,1,0,1,0,16160.0,0,0,a,a,"Mar,Jun,Sept,Dec"
102,2015-02-13,5969,1,0,1,0,150.0,0,0,a,a,"Mar,Jun,Sept,Dec"
105,2015-02-13,5222,1,0,1,0,6190.0,0,0,a,c,"Mar,Jun,Sept,Dec"
10,2015-02-13,5285,1,0,0,0,3160.0,0,0,a,a,No_Promo2
57,2015-02-13,8617,1,0,0,1,420.0,0,0,d,c,No_Promo2
50,2015-02-13,4003,1,0,0,0,6260.0,0,0,d,a,No_Promo2
49,2015-02-13,7180,1,0,0,0,16160.0,0,0,d,c,No_Promo2
1115,2015-02-13,5852,1,0,1,0,5350.0,0,0,d,c,"Mar,Jun,Sept,Dec"
1086,2015-02-13,4622,1,0,1,0,180.0,0,0,a,a,"Feb,May,Aug,Nov"
85,2015-02-14,5591,1,0,0,0,1870.0,0,0,b,a,No_Promo2
71,2015-02-14,7359,1,0,1,0,16160.0,0,0,a,a,"Mar,Jun,Sept,Dec"
102,2015-02-14,5896,1,0,1,0,150.0,0,0,a,a,"Mar,Jun,Sept,Dec"
105,2015-02-14,3562,1,0,1,0,6190.0,0,0,a,c,"Mar,Jun,Sept,Dec"
10,2015-02-14,4610,1,0,0,0,3160.0,0,0,a,a,No_Promo2
57,2015-02-14,5884,1,0,0,0,420.0,0,0,d,c,No_Promo2
50,2015-02-14,4519,1,0,0,0,6260.0,0,0,d,a,No_Promo2
49,2015-02-14,7997,1,0,0,0,16160.0,0,0,d,c,No_Promo2
1115,2015-02-14,7102,1,0,1,0,5350.0,0,0,d,c,"Mar,Jun,Sept,Dec"
1086,2015-02-14,3694,1,0,1,0,180.0,0,0,a,a,"Feb,May,Aug,Nov"
85,2015-02-15,12273,1,0,0,0,1870.0,0,0,b,a,No_Promo2
71,2015-02-15,0,0,0,1,0,16160.0,0,0,a,a,"Mar,Jun,Sept,Dec"
102,2015-02-15,0,0,0,1,0,150.0,0,0,a,a,"Mar,Jun,Sept,Dec"
105,2015-02-15,0,0,0,1,0,6190.0,0,0,a,c,"Mar,Jun,Sept,Dec"
10,2015-02-15,0,0,0,0,0,3160.0,0,0,a,a,No_Promo2
57,2015-02-15,0,0,0,0,0,420.0,0,0,d,c,No_Promo2
50,2015-02-15,0,0,0,0,0,6260.0,0,0,d,a,No_Promo2
49,2015-02-15,0,0,0,0,0,16160.0,0,0,d,c,No_Promo2
1115,2015-02-15,0,0,0,1,0,5350.0,0,0,d,c,"Mar,Jun,Sept,Dec"
1086,2015-02-15,0,0,0,1,0,180.0,0,0,a,a,"Feb,May,Aug,Nov"
85,2015-02-16,8644,1,1,0,0,1870.0,0,0,b,a,No_Promo2
71,2015-02-16,15149,1,1,1,0,16160.0,0,0,a,a,"Mar,Jun,Sept,Dec"
102,2015-02-16,9354,1,1,1,0,150.0,0,0,a,a,"Mar,Jun,Sept,Dec"
105,2015-02-16,6476,1,1,1,0,6190.0,0,0,a,c,"Mar,Jun,Sept,Dec"
10,2015-02-16,7738,1,1,0,0,3160.0,0,0,a,a,No_Promo2
57,2015-02-16,13599,1,1,0,1,420.0,0,0,d,c,No_Promo2
50,2015-02-16,6261,1,1,0,0,6260.0,0,0,d,a,No_Promo2
49,2015-02-16,9209,1,1,0,0,16160.0,0,0,d,c,No_Promo2
1115,2015-02-16,9740,1,1,1,0,5350.0,0,0,d,c,"Mar,Jun,Sept,Dec"
1086,2015-02-16,10582,1,1,1,0,180.0,0,0,a,a,"Feb,May,Aug,Nov"
85,2015-02-17,7141,1,1,0,0,1870.0,0,0,b,a,No_Promo2
71,2015-02-17,11803,1,1,1,0,16160.0,0,0,a,a,"Mar,Jun,Sept,Dec"
102,2015-02-17,8491,1,1,1,0,150.0,0,0,a,a,"Mar,Jun,Sept,Dec"
105,2015-02-17,5101,1,1,1,0,6190.0,0,0,a,c,"Mar,Jun,Sept,Dec"
10,2015-02-17,6615,1,1,0,0,3160.0,0,0,a,a,No_Promo2
57,2015-02-17,10771,1,1,0,1,420.0,0,0,d,c,No_Promo2
50,2015-02-17,5149,1,1,0,0,6260.0,0,0,d,a,No_Promo2
49,2015-02-17,6999,1,1,0,0,16160.0,0,0,d,c,No_Promo2
1086,2015-02-17,8023,1,1,1,0,180.0,0,0,a,a,"Feb,May,Aug,Nov"
1115,2015-02-17,6120,1,1,1,0,5350.0,0,0,d,c,"Mar,Jun,Sept,Dec"
85,2015-02-18,6553,1,1,0,0,1870.0,0,0,b,a,No_Promo2
71,2015-02-18,9623,1,1,1,0,16160.0,0,0,a,a,"Mar,Jun,Sept,Dec"
102,2015-02-18,7600,1,1,1,0,150.0,0,0,a,a,"Mar,Jun,Sept,Dec"
105,2015-02-18,5232,1,1,1,0,6190.0,0,0,a,c,"Mar,Jun,Sept,Dec"
10,2015-02-18,6502,1,1,0,0,3160.0,0,0,a,a,No_Promo2
57,2015-02-18,8864,1,1,0,1,420.0,0,0,d,c,No_Promo2
50,2015-02-18,4470,1,1,0,0,6260.0,0,0,d,a,No_Promo2
49,2015-02-18,7123,1,1,0,0,16160.0,0,0,d,c,No_Promo2
1086,2015-02-18,6667,1,1,1,0,180.0,0,0,a,a,"Feb,May,Aug,Nov"
1115,2015-02-18,7007,1,1,1,0,5350.0,0,0,d,c,"Mar,Jun,Sept,Dec"
85,2015-02-19,6447,1,1,0,0,1870.0,0,0,b,a,No_Promo2
71,2015-02-19,8660,1,1,1,0,16160.0,0,0,a,a,"Mar,Jun,Sept,Dec"
102,2015-02-19,6998,1,1,1,0,150.0,0,0,a,a,"Mar,Jun,Sept,Dec"
105,2015-02-19,5280,1,1,1,0,6190.0,0,0,a,c,"Mar,Jun,Sept,Dec"
10,2015-02-19,5858,1,1,0,0,3160.0,0,0,a,a,No_Promo2
57,2015-02-19,9820,1,1,0,1,420.0,0,0,d,c,No_Promo2
50,2015-02-19,4542,1,1,0,0,6260.0,0,0,d,a,No_Promo2
49,2015-02-19,6160,1,1,0,0,16160.0,0,0,d,c,No_Promo2
1115,2015-02-19,6819,1,1,1,0,5350.0,0,0,d,c,"Mar,Jun,Sept,Dec"
1086,2015-02-19,7071,1,1,1,0,180.0,0,0,a,a,"Feb,May,Aug,Nov"
85,2015-02-20,6708,1,1,0,0,1870.0,0,0,b,a,No_Promo2
71,2015-02-20,6587,1,1,1,0,16160.0,0,0,a,a,"Mar,Jun,Sept,Dec"
102,2015-02-20,7496,1,1,1,0,150.0,0,0,a,a,"Mar,Jun,Sept,Dec"
105,2015-02-20,4816,1,1,1,0,6190.0,0,0,a,c,"Mar,Jun,Sept,Dec"
10,2015-02-20,5743,1,1,0,0,3160.0,0,0,a,a,No_Promo2
57,2015-02-20,9419,1,1,0,1,420.0,0,0,d,c,No_Promo2
50,2015-02-20,4093,1,1,0,0,6260.0,0,0,d,a,No_Promo2
49,2015-02-20,6836,1,1,0,0,16160.0,0,0,d,c,No_Promo2
1115,2015-02-20,7571,1,1,1,0,5350.0,0,0,d,c,"Mar,Jun,Sept,Dec"
1086,2015-02-20,6631,1,1,1,0,180.0,0,0,a,a,"Feb,May,Aug,Nov"
85,2015-02-21,5444,1,0,0,0,1870.0,0,0,b,a,No_Promo2
71,2015-02-21,4821,1,0,1,0,16160.0,0,0,a,a,"Mar,Jun,Sept,Dec"
102,2015-02-21,5368,1,0,1,0,150.0,0,0,a,a,"Mar,Jun,Sept,Dec"
105,2015-02-21,3662,1,0,1,0,6190.0,0,0,a,c,"Mar,Jun,Sept,Dec"
10,2015-02-21,5302,1,0,0,0,3160.0,0,0,a,a,No_Promo2
57,2015-02-21,6039,1,0,0,0,420.0,0,0,d,c,No_Promo2
50,2015-02-21,3523,1,0,0,0,6260.0,0,0,d,a,No_Promo2
49,2015-02-21,7220,1,0,0,0,16160.0,0,0,d,c,No_Promo2
1115,2015-02-21,6632,1,0,1,0,5350.0,0,0,d,c,"Mar,Jun,Sept,Dec"
1086,2015-02-21,3930,1,0,1,0,180.0,0,0,a,a,"Feb,May,Aug,Nov"
85,2015-02-22,12454,1,0,0,0,1870.0,0,0,b,a,No_Promo2
71,2015-02-22,0,0,0,1,0,16160.0,0,0,a,a,"Mar,Jun,Sept,Dec"
102,2015-02-22,0,0,0,1,0,150.0,0,0,a,a,"Mar,Jun,Sept,Dec"
105,2015-02-22,0,0,0,1,0,6190.0,0,0,a,c,"Mar,Jun,Sept,Dec"
10,2015-02-22,0,0,0,0,0,3160.0,0,0,a,a,No_Promo2
57,2015-02-22,0,0,0,0,0,420.0,0,0,d,c,No_Promo2
50,2015-02-22,0,0,0,0,0,6260.0,0,0,d,a,No_Promo2
49,2015-02-22,0,0,0,0,0,16160.0,0,0,d,c,No_Promo2
1115,2015-02-22,0,0,0,1,0,5350.0,0,0,d,c,"Mar,Jun,Sept,Dec"
1086,2015-02-22,0,0,0,1,0,180.0,0,0,a,a,"Feb,May,Aug,Nov"
85,2015-02-23,6250,1,0,0,0,1870.0,0,0,b,a,No_Promo2
71,2015-02-23,6634,1,0,1,0,16160.0,0,0,a,a,"Mar,Jun,Sept,Dec"
102,2015-02-23,4297,1,0,1,0,150.0,0,0,a,a,"Mar,Jun,Sept,Dec"
105,2015-02-23,4193,1,0,1,0,6190.0,0,0,a,c,"Mar,Jun,Sept,Dec"
10,2015-02-23,5348,1,0,0,0,3160.0,0,0,a,a,No_Promo2
57,2015-02-23,6887,1,0,0,0,420.0,0,0,d,c,No_Promo2
50,2015-02-23,2518,1,0,0,0,6260.0,0,0,d,a,No_Promo2
49,2015-02-23,5314,1,0,0,0,16160.0,0,0,d,c,No_Promo2
1115,2015-02-23,5102,1,0,1,0,5350.0,0,0,d,c,"Mar,Jun,Sept,Dec"
1086,2015-02-23,3427,1,0,1,0,180.0,0,0,a,a,"Feb,May,Aug,Nov"
85,2015-02-24,5425,1,0,0,0,1870.0,0,0,b,a,No_Promo2
71,2015-02-24,6907,1,0,1,0,16160.0,0,0,a,a,"Mar,Jun,Sept,Dec"
102,2015-02-24,4698,1,0,1,0,150.0,0,0,a,a,"Mar,Jun,Sept,Dec"
105,2015-02-24,4532,1,0,1,0,6190.0,0,0,a,c,"Mar,Jun,Sept,Dec"
10,2015-02-24,4842,1,0,0,0,3160.0,0,0,a,a,No_Promo2
57,2015-02-24,6563,1,0,0,0,420.0,0,0,d,c,No_Promo2
50,2015-02-24,2589,1,0,0,0,6260.0,0,0,d,a,No_Promo2
49,2015-02-24,5505,1,0,0,0,16160.0,0,0,d,c,No_Promo2
1086,2015-02-24,3959,1,0,1,0,180.0,0,0,a,a,"Feb,May,Aug,Nov"
1115,2015-02-24,5972,1,0,1,0,5350.0,0,0,d,c,"Mar,Jun,Sept,Dec"
85,2015-02-25,6278,1,0,0,0,1870.0,0,0,b,a,No_Promo2
71,2015-02-25,7578,1,0,1,0,16160.0,0,0,a,a,"Mar,Jun,Sept,Dec"
102,2015-02-25,4969,1,0,1,0,150.0,0,0,a,a,"Mar,Jun,Sept,Dec"
105,2015-02-25,4792,1,0,1,0,6190.0,0,0,a,c,"Mar,Jun,Sept,Dec"
10,2015-02-25,4347,1,0,0,0,3160.0,0,0,a,a,No_Promo2
57,2015-02-25,6159,1,0,0,0,420.0,0,0,d,c,No_Promo2
50,2015-02-25,3073,1,0,0,0,6260.0,0,0,d,a,No_Promo2
49,2015-02-25,5512,1,0,0,0,16160.0,0,0,d,c,No_Promo2
1086,2015-02-25,4391,1,0,1,0,180.0,0,0,a,a,"Feb,May,Aug,Nov"
1115,2015-02-25,5274,1,0,1,0,5350.0,0,0,d,c,"Mar,Jun,Sept,Dec"
85,2015-02-26,6205,1,0,0,0,1870.0,0,0,b,a,No_Promo2
71,2015-02-26,8374,1,0,1,0,16160.0,0,0,a,a,"Mar,Jun,Sept,Dec"
102,2015-02-26,5862,1,0,1,0,150.0,0,0,a,a,"Mar,Jun,Sept,Dec"
105,2015-02-26,4747,1,0,1,0,6190.0,0,0,a,c,"Mar,Jun,Sept,Dec"
10,2015-02-26,4792,1,0,0,0,3160.0,0,0,a,a,No_Promo2
57,2015-02-26,7230,1,0,0,0,420.0,0,0,d,c,No_Promo2
50,2015-02-26,3516,1,0,0,0,6260.0,0,0,d,a,No_Promo2
49,2015-02-26,5770,1,0,0,0,16160.0,0,0,d,c,No_Promo2
1115,2015-02-26,5300,1,0,1,0,5350.0,0,0,d,c,"Mar,Jun,Sept,Dec"
1086,2015-02-26,4533,1,0,1,0,180.0,0,0,a,a,"Feb,May,Aug,Nov"
85,2015-02-27,7026,1,0,0,0,1870.0,0,0,b,a,No_Promo2
71,2015-02-27,9885,1,0,1,0,16160.0,0,0,a,a,"Mar,Jun,Sept,Dec"
102,2015-02-27,9179,1,0,1,0,150.0,0,0,a,a,"Mar,Jun,Sept,Dec"
105,2015-02-27,5022,1,0,1,0,6190.0,0,0,a,c,"Mar,Jun,Sept,Dec"
10,2015-02-27,5562,1,0,0,0,3160.0,0,0,a,a,No_Promo2
57,2015-02-27,8628,1,0,0,0,420.0,0,0,d,c,No_Promo2
50,2015-02-27,3946,1,0,0,0,6260.0,0,0,d,a,No_Promo2
49,2015-02-27,6666,1,0,0,0,16160.0,0,0,d,c,No_Promo2
1115,2015-02-27,7548,1,0,1,0,5350.0,0,0,d,c,"Mar,Jun,Sept,Dec"
1086,2015-02-27,4256,1,0,1,0,180.0,0,0,a,a,"Feb,May,Aug,Nov"
85,2015-02-28,6146,1,0,0,0,1870.0,0,0,b,a,No_Promo2
71,2015-02-28,8921,1,0,1,0,16160.0,0,0,a,a,"Mar,Jun,Sept,Dec"
102,2015-02-28,8404,1,0,1,0,150.0,0,0,a,a,"Mar,Jun,Sept,Dec"
105,2015-02-28,4270,1,0,1,0,6190.0,0,0,a,c,"Mar,Jun,Sept,Dec"
10,2015-02-28,5127,1,0,0,0,3160.0,0,0,a,a,No_Promo2
57,2015-02-28,7539,1,0,0,0,420.0,0,0,d,c,No_Promo2
50,2015-02-28,4367,1,0,0,0,6260.0,0,0,d,a,No_Promo2
49,2015-02-28,7697,1,0,0,0,16160.0,0,0,d,c,No_Promo2
1115,2015-02-28,8716,1,0,1,0,5350.0,0,0,d,c,"Mar,Jun,Sept,Dec"
1086,2015-02-28,4270,1,0,1,0,180.0,0,0,a,a,"Feb,May,Aug,Nov"
85,2015-03-01,15153,1,0,0,0,1870.0,0,0,b,a,No_Promo2
71,2015-03-01,0,0,0,1,0,16160.0,0,0,a,a,"Mar,Jun,Sept,Dec"
102,2015-03-01,0,0,0,1,0,150.0,0,0,a,a,"Mar,Jun,Sept,Dec"
105,2015-03-01,0,0,0,1,0,6190.0,0,0,a,c,"Mar,Jun,Sept,Dec"
10,2015-03-01,0,0,0,0,0,3160.0,0,0,a,a,No_Promo2
57,2015-03-01,0,0,0,0,0,420.0,0,0,d,c,No_Promo2
50,2015-03-01,0,0,0,0,0,6260.0,0,0,d,a,No_Promo2
49,2015-03-01,0,0,0,0,0,16160.0,0,0,d,c,No_Promo2
1115,2015-03-01,0,0,0,1,0,5350.0,0,0,d,c,"Mar,Jun,Sept,Dec"
1086,2015-03-01,0,0,0,1,0,180.0,0,0,a,a,"Feb,May,Aug,Nov"
85,2015-03-02,8484,1,1,0,0,1870.0,0,0,b,a,No_Promo2
71,2015-03-02,13326,1,1,1,0,16160.0,0,0,a,a,"Mar,Jun,Sept,Dec"
102,2015-03-02,12222,1,1,1,0,150.0,0,0,a,a,"Mar,Jun,Sept,Dec"
105,2015-03-02,7689,1,1,1,0,6190.0,0,0,a,c,"Mar,Jun,Sept,Dec"
10,2015-03-02,7600,1,1,0,0,3160.0,0,0,a,a,No_Promo2
57,2015-03-02,15052,1,1,0,0,420.0,0,0,d,c,No_Promo2
50,2015-03-02,7378,1,1,0,0,6260.0,0,0,d,a,No_Promo2
49,2015-03-02,9536,1,1,0,0,16160.0,0,0,d,c,No_Promo2
1115,2015-03-02,9717,1,1,1,0,5350.0,0,0,d,c,"Mar,Jun,Sept,Dec"
1086,2015-03-02,10137,1,1,1,0,180.0,0,0,a,a,"Feb,May,Aug,Nov"
85,2015-03-03,7571,1,1,0,0,1870.0,0,0,b,a,No_Promo2
71,2015-03-03,11452,1,1,1,0,16160.0,0,0,a,a,"Mar,Jun,Sept,Dec"
102,2015-03-03,9032,1,1,1,0,150.0,0,0,a,a,"Mar,Jun,Sept,Dec"
105,2015-03-03,6230,1,1,1,0,6190.0,0,0,a,c,"Mar,Jun,Sept,Dec"
10,2015-03-03,6313,1,1,0,0,3160.0,0,0,a,a,No_Promo2
57,2015-03-03,11302,1,1,0,0,420.0,0,0,d,c,No_Promo2
50,2015-03-03,4231,1,1,0,0,6260.0,0,0,d,a,No_Promo2
49,2015-03-03,7539,1,1,0,0,16160.0,0,0,d,c,No_Promo2
1086,2015-03-03,7899,1,1,1,0,180.0,0,0,a,a,"Feb,May,Aug,Nov"
1115,2015-03-03,7224,1,1,1,0,5350.0,0,0,d,c,"Mar,Jun,Sept,Dec"
85,2015-03-04,7826,1,1,0,0,1870.0,0,0,b,a,No_Promo2
71,2015-03-04,10249,1,1,1,0,16160.0,0,0,a,a,"Mar,Jun,Sept,Dec"
102,2015-03-04,8797,1,1,1,0,150.0,0,0,a,a,"Mar,Jun,Sept,Dec"
105,2015-03-04,5538,1,1,1,0,6190.0,0,0,a,c,"Mar,Jun,Sept,Dec"
10,2015-03-04,5959,1,1,0,0,3160.0,0,0,a,a,No_Promo2
57,2015-03-04,9226,1,1,0,0,420.0,0,0,d,c,No_Promo2
50,2015-03-04,4225,1,1,0,0,6260.0,0,0,d,a,No_Promo2
49,2015-03-04,8496,1,1,0,0,16160.0,0,0,d,c,No_Promo2
1086,2015-03-04,6852,1,1,1,0,180.0,0,0,a,a,"Feb,May,Aug,Nov"
1115,2015-03-04,7586,1,1,1,0,5350.0,0,0,d,c,"Mar,Jun,Sept,Dec"
85,2015-03-05,6613,1,1,0,0,1870.0,0,0,b,a,No_Promo2
71,2015-03-05,10160,1,1,1,0,16160.0,0,0,a,a,"Mar,Jun,Sept,Dec"
102,2015-03-05,7929,1,1,1,0,150.0,0,0,a,a,"Mar,Jun,Sept,Dec"
105,2015-03-05,5234,1,1,1,0,6190.0,0,0,a,c,"Mar,Jun,Sept,Dec"
10,2015-03-05,5823,1,1,0,0,3160.0,0,0,a,a,No_Promo2
57,2015-03-05,9602,1,1,0,0,420.0,0,0,d,c,No_Promo2
50,2015-03-05,4898,1,1,0,0,6260.0,0,0,d,a,No_Promo2
49,2015-03-05,6917,1,1,0,0,16160.0,0,0,d,c,No_Promo2
1115,2015-03-05,7471,1,1,1,0,5350.0,0,0,d,c,"Mar,Jun,Sept,Dec"
1086,2015-03-05,7241,1,1,1,0,180.0,0,0,a,a,"Feb,May,Aug,Nov"
85,2015-03-06,7086,1,1,0,0,1870.0,0,0,b,a,No_Promo2
71,2015-03-06,10974,1,1,1,0,16160.0,0,0,a,a,"Mar,Jun,Sept,Dec"
102,2015-03-06,8382,1,1,1,0,150.0,0,0,a,a,"Mar,Jun,Sept,Dec"
105,2015-03-06,5355,1,1,1,0,6190.0,0,0,a,c,"Mar,Jun,Sept,Dec"
10,2015-03-06,6374,1,1,0,0,3160.0,0,0,a,a,No_Promo2
57,2015-03-06,9385,1,1,0,0,420.0,0,0,d,c,No_Promo2
50,2015-03-06,4528,1,1,0,0,6260.0,0,0,d,a,No_Promo2
49,2015-03-06,7709,1,1,0,0,16160.0,0,0,d,c,No_Promo2
1115,2015-03-06,7784,1,1,1,0,5350.0,0,0,d,c,"Mar,Jun,Sept,Dec"
1086,2015-03-06,6224,1,1,1,0,180.0,0,0,a,a,"Feb,May,Aug,Nov"
85,2015-03-07,5279,1,0,0,0,1870.0,0,0,b,a,No_Promo2
71,2015-03-07,6173,1,0,1,0,16160.0,0,0,a,a,"Mar,Jun,Sept,Dec"
102,2015-03-07,6229,1,0,1,0,150.0,0,0,a,a,"Mar,Jun,Sept,Dec"
105,2015-03-07,3522,1,0,1,0,6190.0,0,0,a,c,"Mar,Jun,Sept,Dec"
10,2015-03-07,4710,1,0,0,0,3160.0,0,0,a,a,No_Promo2
57,2015-03-07,6506,1,0,0,0,420.0,0,0,d,c,No_Promo2
50,2015-03-07,3763,1,0,0,0,6260.0,0,0,d,a,No_Promo2
49,2015-03-07,7280,1,0,0,0,16160.0,0,0,d,c,No_Promo2
1115,2015-03-07,7458,1,0,1,0,5350.0,0,0,d,c,"Mar,Jun,Sept,Dec"
1086,2015-03-07,3391,1,0,1,0,180.0,0,0,a,a,"Feb,May,Aug,Nov"
85,2015-03-08,7638,1,0,0,0,1870.0,0,0,b,a,No_Promo2
71,2015-03-08,0,0,0,1,0,16160.0,0,0,a,a,"Mar,Jun,Sept,Dec"
102,2015-03-08,0,0,0,1,0,150.0,0,0,a,a,"Mar,Jun,Sept,Dec"
105,2015-03-08,0,0,0,1,0,6190.0,0,0,a,c,"Mar,Jun,Sept,Dec"
10,2015-03-08,0,0,0,0,0,3160.0,0,0,a,a,No_Promo2
57,2015-03-08,0,0,0,0,0,420.0,0,0,d,c,No_Promo2
50,2015-03-08,0,0,0,0,0,6260.0,0,0,d,a,No_Promo2
49,2015-03-08,0,0,0,0,0,16160.0,0,0,d,c,No_Promo2
1115,2015-03-08,0,0,0,1,0,5350.0,0,0,d,c,"Mar,Jun,Sept,Dec"
1086,2015-03-08,0,0,0,1,0,180.0,0,0,a,a,"Feb,May,Aug,Nov"
85,2015-03-09,6367,1,0,0,0,1870.0,0,0,b,a,No_Promo2
71,2015-03-09,6949,1,0,1,0,16160.0,0,0,a,a,"Mar,Jun,Sept,Dec"
102,2015-03-09,5501,1,0,1,0,150.0,0,0,a,a,"Mar,Jun,Sept,Dec"
105,2015-03-09,4644,1,0,1,0,6190.0,0,0,a,c,"Mar,Jun,Sept,Dec"
10,2015-03-09,5821,1,0,0,0,3160.0,0,0,a,a,No_Promo2
57,2015-03-09,9013,1,0,0,0,420.0,0,0,d,c,No_Promo2
50,2015-03-09,2895,1,0,0,0,6260.0,0,0,d,a,No_Promo2
49,2015-03-09,5964,1,0,0,0,16160.0,0,0,d,c,No_Promo2
1115,2015-03-09,6452,1,0,1,0,5350.0,0,0,d,c,"Mar,Jun,Sept,Dec"
1086,2015-03-09,4450,1,0,1,0,180.0,0,0,a,a,"Feb,May,Aug,Nov"
102,2015-03-10,4804,1,0,1,0,150.0,0,0,a,a,"Mar,Jun,Sept,Dec"
85,2015-03-10,5954,1,0,0,0,1870.0,0,0,b,a,No_Promo2
105,2015-03-10,4511,1,0,1,0,6190.0,0,0,a,c,"Mar,Jun,Sept,Dec"
71,2015-03-10,7021,1,0,1,0,16160.0,0,0,a,a,"Mar,Jun,Sept,Dec"
10,2015-03-10,5511,1,0,0,0,3160.0,0,0,a,a,No_Promo2
57,2015-03-10,8083,1,0,0,0,420.0,0,0,d,c,No_Promo2
49,2015-03-10,6362,1,0,0,0,16160.0,0,0,d,c,No_Promo2
50,2015-03-10,2976,1,0,0,0,6260.0,0,0,d,a,No_Promo2
1115,2015-03-10,5059,1,0,1,0,5350.0,0,0,d,c,"Mar,Jun,Sept,Dec"
1086,2015-03-10,4394,1,0,1,0,180.0,0,0,a,a,"Feb,May,Aug,Nov"
85,2015-03-11,5680,1,0,0,0,1870.0,0,0,b,a,No_Promo2
71,2015-03-11,7104,1,0,1,0,16160.0,0,0,a,a,"Mar,Jun,Sept,Dec"
102,2015-03-11,5231,1,0,1,0,150.0,0,0,a,a,"Mar,Jun,Sept,Dec"
105,2015-03-11,4595,1,0,1,0,6190.0,0,0,a,c,"Mar,Jun,Sept,Dec"
10,2015-03-11,5043,1,0,0,0,3160.0,0,0,a,a,No_Promo2
57,2015-03-11,7386,1,0,0,0,420.0,0,0,d,c,No_Promo2
50,2015-03-11,2773,1,0,0,0,6260.0,0,0,d,a,No_Promo2
49,2015-03-11,6002,1,0,0,0,16160.0,0,0,d,c,No_Promo2
1086,2015-03-11,4058,1,0,1,0,180.0,0,0,a,a,"Feb,May,Aug,Nov"
1115,2015-03-11,5566,1,0,1,0,5350.0,0,0,d,c,"Mar,Jun,Sept,Dec"
85,2015-03-12,5689,1,0,0,0,1870.0,0,0,b,a,No_Promo2
71,2015-03-12,7773,1,0,1,0,16160.0,0,0,a,a,"Mar,Jun,Sept,Dec"
102,2015-03-12,5062,1,0,1,0,150.0,0,0,a,a,"Mar,Jun,Sept,Dec"
105,2015-03-12,4031,1,0,1,0,6190.0,0,0,a,c,"Mar,Jun,Sept,Dec"
10,2015-03-12,4595,1,0,0,0,3160.0,0,0,a,a,No_Promo2
57,2015-03-12,7511,1,0,0,0,420.0,0,0,d,c,No_Promo2
50,2015-03-12,2697,1,0,0,0,6260.0,0,0,d,a,No_Promo2
49,2015-03-12,5959,1,0,0,0,16160.0,0,0,d,c,No_Promo2
1086,2015-03-12,4488,1,0,1,0,180.0,0,0,a,a,"Feb,May,Aug,Nov"
1115,2015-03-12,5376,1,0,1,0,5350.0,0,0,d,c,"Mar,Jun,Sept,Dec"
85,2015-03-13,5946,1,0,0,0,1870.0,0,0,b,a,No_Promo2
71,2015-03-13,7793,1,0,1,0,16160.0,0,0,a,a,"Mar,Jun,Sept,Dec"
102,2015-03-13,4914,1,0,1,0,150.0,0,0,a,a,"Mar,Jun,Sept,Dec"
105,2015-03-13,4023,1,0,1,0,6190.0,0,0,a,c,"Mar,Jun,Sept,Dec"
10,2015-03-13,5755,1,0,0,0,3160.0,0,0,a,a,No_Promo2
57,2015-03-13,8199,1,0,0,0,420.0,0,0,d,c,No_Promo2
50,2015-03-13,3435,1,0,0,0,6260.0,0,0,d,a,No_Promo2
49,2015-03-13,7060,1,0,0,0,16160.0,0,0,d,c,No_Promo2
1115,2015-03-13,6448,1,0,1,0,5350.0,0,0,d,c,"Mar,Jun,Sept,Dec"
1086,2015-03-13,4450,1,0,1,0,180.0,0,0,a,a,"Feb,May,Aug,Nov"
85,2015-03-14,5538,1,0,0,0,1870.0,0,0,b,a,No_Promo2
71,2015-03-14,6134,1,0,1,0,16160.0,0,0,a,a,"Mar,Jun,Sept,Dec"
102,2015-03-14,5262,1,0,1,0,150.0,0,0,a,a,"Mar,Jun,Sept,Dec"
105,2015-03-14,3196,1,0,1,0,6190.0,0,0,a,c,"Mar,Jun,Sept,Dec"
10,2015-03-14,5187,1,0,0,0,3160.0,0,0,a,a,No_Promo2
57,2015-03-14,6385,1,0,0,0,420.0,0,0,d,c,No_Promo2
50,2015-03-14,4302,1,0,0,0,6260.0,0,0,d,a,No_Promo2
49,2015-03-14,8227,1,0,0,0,16160.0,0,0,d,c,No_Promo2
1115,2015-03-14,8295,1,0,1,0,5350.0,0,0,d,c,"Mar,Jun,Sept,Dec"
1086,2015-03-14,3169,1,0,1,0,180.0,0,0,a,a,"Feb,May,Aug,Nov"
85,2015-03-15,12554,1,0,0,0,1870.0,0,0,b,a,No_Promo2
71,2015-03-15,0,0,0,1,0,16160.0,0,0,a,a,"Mar,Jun,Sept,Dec"
102,2015-03-15,0,0,0,1,0,150.0,0,0,a,a,"Mar,Jun,Sept,Dec"
105,2015-03-15,0,0,0,1,0,6190.0,0,0,a,c,"Mar,Jun,Sept,Dec"
10,2015-03-15,0,0,0,0,0,3160.0,0,0,a,a,No_Promo2
57,2015-03-15,0,0,0,0,0,420.0,0,0,d,c,No_Promo2
50,2015-03-15,0,0,0,0,0,6260.0,0,0,d,a,No_Promo2
49,2015-03-15,0,0,0,0,0,16160.0,0,0,d,c,No_Promo2
1115,2015-03-15,0,0,0,1,0,5350.0,0,0,d,c,"Mar,Jun,Sept,Dec"
1086,2015-03-15,0,0,0,1,0,180.0,0,0,a,a,"Feb,May,Aug,Nov"
85,2015-03-16,8318,1,1,0,0,1870.0,0,0,b,a,No_Promo2
71,2015-03-16,14429,1,1,1,0,16160.0,0,0,a,a,"Mar,Jun,Sept,Dec"
102,2015-03-16,11300,1,1,1,0,150.0,0,0,a,a,"Mar,Jun,Sept,Dec"
105,2015-03-16,7478,1,1,1,0,6190.0,0,0,a,c,"Mar,Jun,Sept,Dec"
10,2015-03-16,8298,1,1,0,0,3160.0,0,0,a,a,No_Promo2
57,2015-03-16,15262,1,1,0,0,420.0,0,0,d,c,No_Promo2
50,2015-03-16,6303,1,1,0,0,6260.0,0,0,d,a,No_Promo2
49,2015-03-16,9254,1,1,0,0,16160.0,0,0,d,c,No_Promo2
1115,2015-03-16,9213,1,1,1,0,5350.0,0,0,d,c,"Mar,Jun,Sept,Dec"
1086,2015-03-16,10566,1,1,1,0,180.0,0,0,a,a,"Feb,May,Aug,Nov"
85,2015-03-17,7002,1,1,0,0,1870.0,0,0,b,a,No_Promo2
71,2015-03-17,10374,1,1,1,0,16160.0,0,0,a,a,"Mar,Jun,Sept,Dec"
102,2015-03-17,7816,1,1,1,0,150.0,0,0,a,a,"Mar,Jun,Sept,Dec"
105,2015-03-17,5808,1,1,1,0,6190.0,0,0,a,c,"Mar,Jun,Sept,Dec"
10,2015-03-17,6951,1,1,0,0,3160.0,0,0,a,a,No_Promo2
57,2015-03-17,11151,1,1,0,0,420.0,0,0,d,c,No_Promo2
50,2015-03-17,4352,1,1,0,0,6260.0,0,0,d,a,No_Promo2
49,2015-03-17,8021,1,1,0,0,16160.0,0,0,d,c,No_Promo2
1086,2015-03-17,7601,1,1,1,0,180.0,0,0,a,a,"Feb,May,Aug,Nov"
1115,2015-03-17,7381,1,1,1,0,5350.0,0,0,d,c,"Mar,Jun,Sept,Dec"
85,2015-03-18,6749,1,1,0,0,1870.0,0,0,b,a,No_Promo2
71,2015-03-18,8735,1,1,1,0,16160.0,0,0,a,a,"Mar,Jun,Sept,Dec"
102,2015-03-18,7543,1,1,1,0,150.0,0,0,a,a,"Mar,Jun,Sept,Dec"
105,2015-03-18,5771,1,1,1,0,6190.0,0,0,a,c,"Mar,Jun,Sept,Dec"
10,2015-03-18,6448,1,1,0,0,3160.0,0,0,a,a,No_Promo2
57,2015-03-18,9546,1,1,0,0,420.0,0,0,d,c,No_Promo2
50,2015-03-18,4585,1,1,0,0,6260.0,0,0,d,a,No_Promo2
49,2015-03-18,7303,1,1,0,0,16160.0,0,0,d,c,No_Promo2
1086,2015-03-18,6914,1,1,1,0,180.0,0,0,a,a,"Feb,May,Aug,Nov"
1115,2015-03-18,7660,1,1,1,0,5350.0,0,0,d,c,"Mar,Jun,Sept,Dec"
85,2015-03-19,6390,1,1,0,0,1870.0,0,0,b,a,No_Promo2
71,2015-03-19,9575,1,1,1,0,16160.0,0,0,a,a,"Mar,Jun,Sept,Dec"
102,2015-03-19,7942,1,1,1,0,150.0,0,0,a,a,"Mar,Jun,Sept,Dec"
105,2015-03-19,5325,1,1,1,0,6190.0,0,0,a,c,"Mar,Jun,Sept,Dec"
10,2015-03-19,4909,1,1,0,0,3160.0,0,0,a,a,No_Promo2
57,2015-03-19,10336,1,1,0,0,420.0,0,0,d,c,No_Promo2
50,2015-03-19,4508,1,1,0,0,6260.0,0,0,d,a,No_Promo2
49,2015-03-19,7436,1,1,0,0,16160.0,0,0,d,c,No_Promo2
1115,2015-03-19,7186,1,1,1,0,5350.0,0,0,d,c,"Mar,Jun,Sept,Dec"
1086,2015-03-19,6491,1,1,1,0,180.0,0,0,a,a,"Feb,May,Aug,Nov"
85,2015-03-20,6912,1,1,0,0,1870.0,0,0,b,a,No_Promo2
71,2015-03-20,9435,1,1,1,0,16160.0,0,0,a,a,"Mar,Jun,Sept,Dec"
102,2015-03-20,6947,1,1,1,0,150.0,0,0,a,a,"Mar,Jun,Sept,Dec"
105,2015-03-20,5873,1,1,1,0,6190.0,0,0,a,c,"Mar,Jun,Sept,Dec"
10,2015-03-20,6836,1,1,0,0,3160.0,0,0,a,a,No_Promo2
57,2015-03-20,9410,1,1,0,0,420.0,0,0,d,c,No_Promo2
50,2015-03-20,4126,1,1,0,0,6260.0,0,0,d,a,No_Promo2
49,2015-03-20,7536,1,1,0,0,16160.0,0,0,d,c,No_Promo2
1115,2015-03-20,8858,1,1,1,0,5350.0,0,0,d,c,"Mar,Jun,Sept,Dec"
1086,2015-03-20,6593,1,1,1,0,180.0,0,0,a,a,"Feb,May,Aug,Nov"
85,2015-03-21,5460,1,0,0,0,1870.0,0,0,b,a,No_Promo2
71,2015-03-21,6056,1,0,1,0,16160.0,0,0,a,a,"Mar,Jun,Sept,Dec"
102,2015-03-21,5001,1,0,1,0,150.0,0,0,a,a,"Mar,Jun,Sept,Dec"
105,2015-03-21,3960,1,0,1,0,6190.0,0,0,a,c,"Mar,Jun,Sept,Dec"
10,2015-03-21,4508,1,0,0,0,3160.0,0,0,a,a,No_Promo2
57,2015-03-21,5963,1,0,0,0,420.0,0,0,d,c,No_Promo2
50,2015-03-21,4254,1,0,0,0,6260.0,0,0,d,a,No_Promo2
49,2015-03-21,7636,1,0,0,0,16160.0,0,0,d,c,No_Promo2
1115,2015-03-21,7841,1,0,1,0,5350.0,0,0,d,c,"Mar,Jun,Sept,Dec"
1086,2015-03-21,3491,1,0,1,0,180.0,0,0,a,a,"Feb,May,Aug,Nov"
85,2015-03-22,12561,1,0,0,0,1870.0,0,0,b,a,No_Promo2
71,2015-03-22,0,0,0,1,0,16160.0,0,0,a,a,"Mar,Jun,Sept,Dec"
102,2015-03-22,0,0,0,1,0,150.0,0,0,a,a,"Mar,Jun,Sept,Dec"
105,2015-03-22,0,0,0,1,0,6190.0,0,0,a,c,"Mar,Jun,Sept,Dec"
10,2015-03-22,0,0,0,0,0,3160.0,0,0,a,a,No_Promo2
57,2015-03-22,0,0,0,0,0,420.0,0,0,d,c,No_Promo2
50,2015-03-22,0,0,0,0,0,6260.0,0,0,d,a,No_Promo2
49,2015-03-22,0,0,0,0,0,16160.0,0,0,d,c,No_Promo2
1115,2015-03-22,0,0,0,1,0,5350.0,0,0,d,c,"Mar,Jun,Sept,Dec"
1086,2015-03-22,0,0,0,1,0,180.0,0,0,a,a,"Feb,May,Aug,Nov"
85,2015-03-23,6441,1,0,0,0,1870.0,0,0,b,a,No_Promo2
71,2015-03-23,6908,1,0,1,0,16160.0,0,0,a,a,"Mar,Jun,Sept,Dec"
102,2015-03-23,5929,1,0,1,0,150.0,0,0,a,a,"Mar,Jun,Sept,Dec"
105,2015-03-23,4980,1,0,1,0,6190.0,0,0,a,c,"Mar,Jun,Sept,Dec"
10,2015-03-23,5790,1,0,0,0,3160.0,0,0,a,a,No_Promo2
57,2015-03-23,7896,1,0,0,0,420.0,0,0,d,c,No_Promo2
50,2015-03-23,3453,1,0,0,0,6260.0,0,0,d,a,No_Promo2
49,2015-03-23,5935,1,0,0,0,16160.0,0,0,d,c,No_Promo2
1115,2015-03-23,5502,1,0,1,0,5350.0,0,0,d,c,"Mar,Jun,Sept,Dec"
1086,2015-03-23,4142,1,0,1,0,180.0,0,0,a,a,"Feb,May,Aug,Nov"
102,2015-03-24,4937,1,0,1,0,150.0,0,0,a,a,"Mar,Jun,Sept,Dec"
85,2015-03-24,5333,1,0,0,0,1870.0,0,0,b,a,No_Promo2
105,2015-03-24,4069,1,0,1,0,6190.0,0,0,a,c,"Mar,Jun,Sept,Dec"
71,2015-03-24,7205,1,0,1,0,16160.0,0,0,a,a,"Mar,Jun,Sept,Dec"
10,2015-03-24,5059,1,0,0,0,3160.0,0,0,a,a,No_Promo2
57,2015-03-24,6888,1,0,0,0,420.0,0,0,d,c,No_Promo2
49,2015-03-24,5341,1,0,0,0,16160.0,0,0,d,c,No_Promo2
50,2015-03-24,3023,1,0,0,0,6260.0,0,0,d,a,No_Promo2
1086,2015-03-24,4336,1,0,1,0,180.0,0,0,a,a,"Feb,May,Aug,Nov"
1115,2015-03-24,4594,1,0,1,0,5350.0,0,0,d,c,"Mar,Jun,Sept,Dec"
71,2015-03-25,6626,1,0,1,0,16160.0,0,0,a,a,"Mar,Jun,Sept,Dec"
85,2015-03-25,5348,1,0,0,0,1870.0,0,0,b,a,No_Promo2
102,2015-03-25,4316,1,0,1,0,150.0,0,0,a,a,"Mar,Jun,Sept,Dec"
105,2015-03-25,4423,1,0,1,0,6190.0,0,0,a,c,"Mar,Jun,Sept,Dec"
10,2015-03-25,3506,1,0,0,1,3160.0,0,0,a,a,No_Promo2
57,2015-03-25,6818,1,0,0,0,420.0,0,0,d,c,No_Promo2
50,2015-03-25,2385,1,0,0,0,6260.0,0,0,d,a,No_Promo2
49,2015-03-25,5943,1,0,0,0,16160.0,0,0,d,c,No_Promo2
1115,2015-03-25,4696,1,0,1,0,5350.0,0,0,d,c,"Mar,Jun,Sept,Dec"
1086,2015-03-25,3990,1,0,1,0,180.0,0,0,a,a,"Feb,May,Aug,Nov"
85,2015-03-26,5833,1,0,0,0,1870.0,0,0,b,a,No_Promo2
71,2015-03-26,6770,1,0,1,0,16160.0,0,0,a,a,"Mar,Jun,Sept,Dec"
102,2015-03-26,4353,1,0,1,0,150.0,0,0,a,a,"Mar,Jun,Sept,Dec"
105,2015-03-26,4353,1,0,1,0,6190.0,0,0,a,c,"Mar,Jun,Sept,Dec"
10,2015-03-26,4778,1,0,0,1,3160.0,0,0,a,a,No_Promo2
57,2015-03-26,7354,1,0,0,0,420.0,0,0,d,c,No_Promo2
50,2015-03-26,3218,1,0,0,1,6260.0,0,0,d,a,No_Promo2
49,2015-03-26,6084,1,0,0,0,16160.0,0,0,d,c,No_Promo2
1115,2015-03-26,5234,1,0,1,0,5350.0,0,0,d,c,"Mar,Jun,Sept,Dec"
1086,2015-03-26,4480,1,0,1,0,180.0,0,0,a,a,"Feb,May,Aug,Nov"
102,2015-03-27,4306,1,0,1,0,150.0,0,0,a,a,"Mar,Jun,Sept,Dec"
85,2015-03-27,6524,1,0,0,0,1870.0,0,0,b,a,No_Promo2
105,2015-03-27,4910,1,0,1,0,6190.0,0,0,a,c,"Mar,Jun,Sept,Dec"
71,2015-03-27,7783,1,0,1,0,16160.0,0,0,a,a,"Mar,Jun,Sept,Dec"
10,2015-03-27,5114,1,0,0,1,3160.0,0,0,a,a,No_Promo2
57,2015-03-27,7705,1,0,0,0,420.0,0,0,d,c,No_Promo2
49,2015-03-27,7475,1,0,0,0,16160.0,0,0,d,c,No_Promo2
50,2015-03-27,3597,1,0,0,1,6260.0,0,0,d,a,No_Promo2
1115,2015-03-27,5993,1,0,1,0,5350.0,0,0,d,c,"Mar,Jun,Sept,Dec"
1086,2015-03-27,3995,1,0,1,0,180.0,0,0,a,a,"Feb,May,Aug,Nov"
85,2015-03-28,6508,1,0,0,0,1870.0,0,0,b,a,No_Promo2
71,2015-03-28,7471,1,0,1,0,16160.0,0,0,a,a,"Mar,Jun,Sept,Dec"
102,2015-03-28,5393,1,0,1,0,150.0,0,0,a,a,"Mar,Jun,Sept,Dec"
105,2015-03-28,3200,1,0,1,0,6190.0,0,0,a,c,"Mar,Jun,Sept,Dec"
10,2015-03-28,5332,1,0,0,1,3160.0,0,0,a,a,No_Promo2
57,2015-03-28,7278,1,0,0,0,420.0,0,0,d,c,No_Promo2
50,2015-03-28,4036,1,0,0,0,6260.0,0,0,d,a,No_Promo2
49,2015-03-28,6634,1,0,0,0,16160.0,0,0,d,c,No_Promo2
1115,2015-03-28,7753,1,0,1,0,5350.0,0,0,d,c,"Mar,Jun,Sept,Dec"
1086,2015-03-28,3738,1,0,1,0,180.0,0,0,a,a,"Feb,May,Aug,Nov"
85,2015-03-29,10433,1,0,0,0,1870.0,0,0,b,a,No_Promo2
71,2015-03-29,0,0,0,1,0,16160.0,0,0,a,a,"Mar,Jun,Sept,Dec"
102,2015-03-29,0,0,0,1,0,150.0,0,0,a,a,"Mar,Jun,Sept,Dec"
105,2015-03-29,0,0,0,1,0,6190.0,0,0,a,c,"Mar,Jun,Sept,Dec"
10,2015-03-29,0,0,0,0,1,3160.0,0,0,a,a,No_Promo2
57,2015-03-29,0,0,0,0,0,420.0,0,0,d,c,No_Promo2
50,2015-03-29,0,0,0,0,0,6260.0,0,0,d,a,No_Promo2
49,2015-03-29,0,0,0,0,0,16160.0,0,0,d,c,No_Promo2
1115,2015-03-29,0,0,0,1,0,5350.0,0,0,d,c,"Mar,Jun,Sept,Dec"
1086,2015-03-29,0,0,0,1,0,180.0,0,0,a,a,"Feb,May,Aug,Nov"
85,2015-03-30,9651,1,1,0,1,1870.0,0,0,b,a,No_Promo2
71,2015-03-30,16008,1,1,1,1,16160.0,0,0,a,a,"Mar,Jun,Sept,Dec"
102,2015-03-30,11045,1,1,1,1,150.0,0,0,a,a,"Mar,Jun,Sept,Dec"
105,2015-03-30,7931,1,1,1,1,6190.0,0,0,a,c,"Mar,Jun,Sept,Dec"
10,2015-03-30,6774,1,1,0,1,3160.0,0,0,a,a,No_Promo2
57,2015-03-30,16021,1,1,0,0,420.0,0,0,d,c,No_Promo2
50,2015-03-30,6775,1,1,0,1,6260.0,0,0,d,a,No_Promo2
49,2015-03-30,13000,1,1,0,1,16160.0,0,0,d,c,No_Promo2
1115,2015-03-30,11641,1,1,1,1,5350.0,0,0,d,c,"Mar,Jun,Sept,Dec"
1086,2015-03-30,10671,1,1,1,1,180.0,0,0,a,a,"Feb,May,Aug,Nov"
102,2015-03-31,11577,1,1,1,1,150.0,0,0,a,a,"Mar,Jun,Sept,Dec"
85,2015-03-31,9013,1,1,0,1,1870.0,0,0,b,a,No_Promo2
105,2015-03-31,6453,1,1,1,1,6190.0,0,0,a,c,"Mar,Jun,Sept,Dec"
71,2015-03-31,12254,1,1,1,1,16160.0,0,0,a,a,"Mar,Jun,Sept,Dec"
10,2015-03-31,5848,1,1,0,1,3160.0,0,0,a,a,No_Promo2
57,2015-03-31,14564,1,1,0,0,420.0,0,0,d,c,No_Promo2
49,2015-03-31,10016,1,1,0,1,16160.0,0,0,d,c,No_Promo2
50,2015-03-31,6324,1,1,0,1,6260.0,0,0,d,a,No_Promo2
1115,2015-03-31,9053,1,1,1,1,5350.0,0,0,d,c,"Mar,Jun,Sept,Dec"
1086,2015-03-31,9186,1,1,1,1,180.0,0,0,a,a,"Feb,May,Aug,Nov"
71,2015-04-01,14428,1,1,1,1,16160.0,0,0,a,a,"Mar,Jun,Sept,Dec"
85,2015-04-01,9980,1,1,0,1,1870.0,0,0,b,a,No_Promo2
102,2015-04-01,11522,1,1,1,1,150.0,0,0,a,a,"Mar,Jun,Sept,Dec"
105,2015-04-01,7599,1,1,1,1,6190.0,0,0,a,c,"Mar,Jun,Sept,Dec"
10,2015-04-01,6542,1,1,0,1,3160.0,0,0,a,a,No_Promo2
57,2015-04-01,14715,1,1,0,0,420.0,0,0,d,c,No_Promo2
50,2015-04-01,7441,1,1,0,1,6260.0,0,0,d,a,No_Promo2
49,2015-04-01,13524,1,1,0,1,16160.0,0,0,d,c,No_Promo2
1115,2015-04-01,10547,1,1,1,1,5350.0,0,0,d,c,"Mar,Jun,Sept,Dec"
1086,2015-04-01,8931,1,1,1,1,180.0,0,0,a,a,"Feb,May,Aug,Nov"
85,2015-04-02,10449,1,1,0,1,1870.0,0,0,b,a,No_Promo2
71,2015-04-02,13057,1,1,1,1,16160.0,0,0,a,a,"Mar,Jun,Sept,Dec"
102,2015-04-02,11216,1,1,1,1,150.0,0,0,a,a,"Mar,Jun,Sept,Dec"
105,2015-04-02,6587,1,1,1,1,6190.0,0,0,a,c,"Mar,Jun,Sept,Dec"
10,2015-04-02,6725,1,1,0,1,3160.0,0,0,a,a,No_Promo2
57,2015-04-02,14572,1,1,0,1,420.0,0,0,d,c,No_Promo2
50,2015-04-02,7013,1,1,0,1,6260.0,0,0,d,a,No_Promo2
49,2015-04-02,13148,1,1,0,1,16160.0,0,0,d,c,No_Promo2
1115,2015-04-02,11033,1,1,1,1,5350.0,0,0,d,c,"Mar,Jun,Sept,Dec"
1086,2015-04-02,8042,1,1,1,1,180.0,0,0,a,a,"Feb,May,Aug,Nov"
85,2015-04-03,13738,1,1,0,1,1870.0,0,b,b,a,No_Promo2
71,2015-04-03,0,0,1,1,1,16160.0,0,b,a,a,"Mar,Jun,Sept,Dec"
102,2015-04-03,0,0,1,1,1,150.0,0,b,a,a,"Mar,Jun,Sept,Dec"
105,2015-04-03,0,0,1,1,1,6190.0,0,b,a,c,"Mar,Jun,Sept,Dec"
10,2015-04-03,0,0,1,0,1,3160.0,0,b,a,a,No_Promo2
57,2015-04-03,0,0,1,0,1,420.0,0,b,d,c,No_Promo2
50,2015-04-03,0,0,1,0,1,6260.0,0,b,d,a,No_Promo2
49,2015-04-03,0,0,1,0,1,16160.0,0,b,d,c,No_Promo2
1115,2015-04-03,0,0,1,1,1,5350.0,0,b,d,c,"Mar,Jun,Sept,Dec"
1086,2015-04-03,0,0,1,1,1,180.0,0,b,a,a,"Feb,May,Aug,Nov"
85,2015-04-04,7141,1,0,0,0,1870.0,0,0,b,a,No_Promo2
71,2015-04-04,9629,1,0,1,0,16160.0,0,0,a,a,"Mar,Jun,Sept,Dec"
102,2015-04-04,9166,1,0,1,0,150.0,0,0,a,a,"Mar,Jun,Sept,Dec"
105,2015-04-04,3971,1,0,1,0,6190.0,0,0,a,c,"Mar,Jun,Sept,Dec"
10,2015-04-04,6243,1,0,0,1,3160.0,0,0,a,a,No_Promo2
57,2015-04-04,10687,1,0,0,0,420.0,0,0,d,c,No_Promo2
50,2015-04-04,5628,1,0,0,0,6260.0,0,0,d,a,No_Promo2
49,2015-04-04,13293,1,0,0,0,16160.0,0,0,d,c,No_Promo2
1115,2015-04-04,10444,1,0,1,1,5350.0,0,0,d,c,"Mar,Jun,Sept,Dec"
1086,2015-04-04,5960,1,0,1,1,180.0,0,0,a,a,"Feb,May,Aug,Nov"
85,2015-04-05,10110,1,0,0,0,1870.0,0,0,b,a,No_Promo2
71,2015-04-05,0,0,0,1,0,16160.0,0,0,a,a,"Mar,Jun,Sept,Dec"
102,2015-04-05,0,0,0,1,0,150.0,0,0,a,a,"Mar,Jun,Sept,Dec"
105,2015-04-05,0,0,0,1,0,6190.0,0,0,a,c,"Mar,Jun,Sept,Dec"
10,2015-04-05,0,0,0,0,1,3160.0,0,0,a,a,No_Promo2
57,2015-04-05,0,0,0,0,0,420.0,0,0,d,c,No_Promo2
50,2015-04-05,0,0,0,0,0,6260.0,0,0,d,a,No_Promo2
49,2015-04-05,0,0,0,0,0,16160.0,0,0,d,c,No_Promo2
1115,2015-04-05,0,0,0,1,1,5350.0,0,0,d,c,"Mar,Jun,Sept,Dec"
1086,2015-04-05,0,0,0,1,1,180.0,0,0,a,a,"Feb,May,Aug,Nov"
102,2015-04-06,0,0,0,1,1,150.0,0,b,a,a,"Mar,Jun,Sept,Dec"
85,2015-04-06,11675,1,0,0,1,1870.0,0,b,b,a,No_Promo2
71,2015-04-06,0,0,0,1,1,16160.0,0,b,a,a,"Mar,Jun,Sept,Dec"
105,2015-04-06,0,0,0,1,1,6190.0,0,b,a,c,"Mar,Jun,Sept,Dec"
10,2015-04-06,0,0,0,0,1,3160.0,0,b,a,a,No_Promo2
57,2015-04-06,0,0,0,0,1,420.0,0,b,d,c,No_Promo2
49,2015-04-06,0,0,0,0,1,16160.0,0,b,d,c,No_Promo2
50,2015-04-06,0,0,0,0,1,6260.0,0,b,d,a,No_Promo2
1115,2015-04-06,0,0,0,1,1,5350.0,0,b,d,c,"Mar,Jun,Sept,Dec"
1086,2015-04-06,0,0,0,1,1,180.0,0,b,a,a,"Feb,May,Aug,Nov"
85,2015-04-07,6636,1,0,0,1,1870.0,0,0,b,a,No_Promo2
71,2015-04-07,8518,1,0,1,1,16160.0,0,0,a,a,"Mar,Jun,Sept,Dec"
102,2015-04-07,7304,1,0,1,1,150.0,0,0,a,a,"Mar,Jun,Sept,Dec"
105,2015-04-07,5384,1,0,1,1,6190.0,0,0,a,c,"Mar,Jun,Sept,Dec"
10,2015-04-07,5767,1,0,0,1,3160.0,0,0,a,a,No_Promo2
57,2015-04-07,8230,1,0,0,1,420.0,0,0,d,c,No_Promo2
50,2015-04-07,3449,1,0,0,1,6260.0,0,0,d,a,No_Promo2
49,2015-04-07,7135,1,0,0,1,16160.0,0,0,d,c,No_Promo2
1115,2015-04-07,5633,1,0,1,1,5350.0,0,0,d,c,"Mar,Jun,Sept,Dec"
1086,2015-04-07,4828,1,0,1,1,180.0,0,0,a,a,"Feb,May,Aug,Nov"
102,2015-04-08,6319,1,0,1,1,150.0,0,0,a,a,"Mar,Jun,Sept,Dec"
85,2015-04-08,6363,1,0,0,1,1870.0,0,0,b,a,No_Promo2
105,2015-04-08,4462,1,0,1,1,6190.0,0,0,a,c,"Mar,Jun,Sept,Dec"
71,2015-04-08,6847,1,0,1,1,16160.0,0,0,a,a,"Mar,Jun,Sept,Dec"
10,2015-04-08,4971,1,0,0,1,3160.0,0,0,a,a,No_Promo2
57,2015-04-08,7520,1,0,0,1,420.0,0,0,d,c,No_Promo2
49,2015-04-08,5761,1,0,0,1,16160.0,0,0,d,c,No_Promo2
50,2015-04-08,3032,1,0,0,1,6260.0,0,0,d,a,No_Promo2
1115,2015-04-08,5018,1,0,1,1,5350.0,0,0,d,c,"Mar,Jun,Sept,Dec"
1086,2015-04-08,4521,1,0,1,1,180.0,0,0,a,a,"Feb,May,Aug,Nov"
85,2015-04-09,5434,1,0,0,1,1870.0,0,0,b,a,No_Promo2
71,2015-04-09,7500,1,0,1,1,16160.0,0,0,a,a,"Mar,Jun,Sept,Dec"
102,2015-04-09,5552,1,0,1,1,150.0,0,0,a,a,"Mar,Jun,Sept,Dec"
105,2015-04-09,3564,1,0,1,1,6190.0,0,0,a,c,"Mar,Jun,Sept,Dec"
10,2015-04-09,4723,1,0,0,1,3160.0,0,0,a,a,No_Promo2
57,2015-04-09,7021,1,0,0,1,420.0,0,0,d,c,No_Promo2
50,2015-04-09,3218,1,0,0,1,6260.0,0,0,d,a,No_Promo2
49,2015-04-09,4695,1,0,0,1,16160.0,0,0,d,c,No_Promo2
1086,2015-04-09,5297,1,0,1,1,180.0,0,0,a,a,"Feb,May,Aug,Nov"
1115,2015-04-09,4509,1,0,1,1,5350.0,0,0,d,c,"Mar,Jun,Sept,Dec"
85,2015-04-10,6162,1,0,0,1,1870.0,0,0,b,a,No_Promo2
71,2015-04-10,8056,1,0,1,1,16160.0,0,0,a,a,"Mar,Jun,Sept,Dec"
102,2015-04-10,5244,1,0,1,1,150.0,0,0,a,a,"Mar,Jun,Sept,Dec"
105,2015-04-10,4099,1,0,1,1,6190.0,0,0,a,c,"Mar,Jun,Sept,Dec"
10,2015-04-10,4792,1,0,0,1,3160.0,0,0,a,a,No_Promo2
57,2015-04-10,7716,1,0,0,1,420.0,0,0,d,c,No_Promo2
50,2015-04-10,3590,1,0,0,1,6260.0,0,0,d,a,No_Promo2
49,2015-04-10,6542,1,0,0,1,16160.0,0,0,d,c,No_Promo2
1086,2015-04-10,4226,1,0,1,1,180.0,0,0,a,a,"Feb,May,Aug,Nov"
1115,2015-04-10,5354,1,0,1,1,5350.0,0,0,d,c,"Mar,Jun,Sept,Dec"
85,2015-04-11,5073,1,0,0,0,1870.0,0,0,b,a,No_Promo2
71,2015-04-11,6461,1,0,1,0,16160.0,0,0,a,a,"Mar,Jun,Sept,Dec"
102,2015-04-11,6015,1,0,1,0,150.0,0,0,a,a,"Mar,Jun,Sept,Dec"
105,2015-04-11,3207,1,0,1,0,6190.0,0,0,a,c,"Mar,Jun,Sept,Dec"
10,2015-04-11,4586,1,0,0,0,3160.0,0,0,a,a,No_Promo2
57,2015-04-11,6310,1,0,0,0,420.0,0,0,d,c,No_Promo2
50,2015-04-11,4208,1,0,0,0,6260.0,0,0,d,a,No_Promo2
49,2015-04-11,7352,1,0,0,0,16160.0,0,0,d,c,No_Promo2
1115,2015-04-11,7361,1,0,1,0,5350.0,0,0,d,c,"Mar,Jun,Sept,Dec"
1086,2015-04-11,4163,1,0,1,0,180.0,0,0,a,a,"Feb,May,Aug,Nov"
85,2015-04-12,12072,1,0,0,0,1870.0,0,0,b,a,No_Promo2
71,2015-04-12,0,0,0,1,0,16160.0,0,0,a,a,"Mar,Jun,Sept,Dec"
102,2015-04-12,0,0,0,1,0,150.0,0,0,a,a,"Mar,Jun,Sept,Dec"
105,2015-04-12,0,0,0,1,0,6190.0,0,0,a,c,"Mar,Jun,Sept,Dec"
10,2015-04-12,0,0,0,0,0,3160.0,0,0,a,a,No_Promo2
57,2015-04-12,0,0,0,0,0,420.0,0,0,d,c,No_Promo2
50,2015-04-12,0,0,0,0,0,6260.0,0,0,d,a,No_Promo2
49,2015-04-12,0,0,0,0,0,16160.0,0,0,d,c,No_Promo2
1115,2015-04-12,0,0,0,1,0,5350.0,0,0,d,c,"Mar,Jun,Sept,Dec"
1086,2015-04-12,0,0,0,1,0,180.0,0,0,a,a,"Feb,May,Aug,Nov"
85,2015-04-13,8583,1,1,0,0,1870.0,0,0,b,a,No_Promo2
71,2015-04-13,14804,1,1,1,0,16160.0,0,0,a,a,"Mar,Jun,Sept,Dec"
102,2015-04-13,10994,1,1,1,0,150.0,0,0,a,a,"Mar,Jun,Sept,Dec"
105,2015-04-13,7721,1,1,1,0,6190.0,0,0,a,c,"Mar,Jun,Sept,Dec"
10,2015-04-13,8442,1,1,0,0,3160.0,0,0,a,a,No_Promo2
57,2015-04-13,14005,1,1,0,0,420.0,0,0,d,c,No_Promo2
50,2015-04-13,6463,1,1,0,0,6260.0,0,0,d,a,No_Promo2
49,2015-04-13,10083,1,1,0,0,16160.0,0,0,d,c,No_Promo2
1115,2015-04-13,9579,1,1,1,0,5350.0,0,0,d,c,"Mar,Jun,Sept,Dec"
1086,2015-04-13,10204,1,1,1,0,180.0,0,0,a,a,"Feb,May,Aug,Nov"
85,2015-04-14,7525,1,1,0,0,1870.0,0,0,b,a,No_Promo2
71,2015-04-14,12022,1,1,1,0,16160.0,0,0,a,a,"Mar,Jun,Sept,Dec"
102,2015-04-14,8325,1,1,1,0,150.0,0,0,a,a,"Mar,Jun,Sept,Dec"
105,2015-04-14,5819,1,1,1,0,6190.0,0,0,a,c,"Mar,Jun,Sept,Dec"
10,2015-04-14,7002,1,1,0,0,3160.0,0,0,a,a,No_Promo2
57,2015-04-14,11922,1,1,0,0,420.0,0,0,d,c,No_Promo2
50,2015-04-14,4860,1,1,0,0,6260.0,0,0,d,a,No_Promo2
49,2015-04-14,8070,1,1,0,0,16160.0,0,0,d,c,No_Promo2
1115,2015-04-14,7790,1,1,1,0,5350.0,0,0,d,c,"Mar,Jun,Sept,Dec"
1086,2015-04-14,7937,1,1,1,0,180.0,0,0,a,a,"Feb,May,Aug,Nov"
85,2015-04-15,7509,1,1,0,0,1870.0,0,0,b,a,No_Promo2
71,2015-04-15,9067,1,1,1,0,16160.0,0,0,a,a,"Mar,Jun,Sept,Dec"
102,2015-04-15,7180,1,1,1,0,150.0,0,0,a,a,"Mar,Jun,Sept,Dec"
105,2015-04-15,4619,1,1,1,0,6190.0,0,0,a,c,"Mar,Jun,Sept,Dec"
10,2015-04-15,5948,1,1,0,0,3160.0,0,0,a,a,No_Promo2
57,2015-04-15,9535,1,1,0,0,420.0,0,0,d,c,No_Promo2
50,2015-04-15,4262,1,1,0,0,6260.0,0,0,d,a,No_Promo2
49,2015-04-15,7112,1,1,0,0,16160.0,0,0,d,c,No_Promo2
1086,2015-04-15,6347,1,1,1,0,180.0,0,0,a,a,"Feb,May,Aug,Nov"
1115,2015-04-15,6440,1,1,1,0,5350.0,0,0,d,c,"Mar,Jun,Sept,Dec"
85,2015-04-16,7611,1,1,0,0,1870.0,0,0,b,a,No_Promo2
71,2015-04-16,10163,1,1,1,0,16160.0,0,0,a,a,"Mar,Jun,Sept,Dec"
102,2015-04-16,8080,1,1,1,0,150.0,0,0,a,a,"Mar,Jun,Sept,Dec"
105,2015-04-16,5534,1,1,1,0,6190.0,0,0,a,c,"Mar,Jun,Sept,Dec"
10,2015-04-16,5915,1,1,0,0,3160.0,0,0,a,a,No_Promo2
57,2015-04-16,10414,1,1,0,0,420.0,0,0,d,c,No_Promo2
50,2015-04-16,4624,1,1,0,0,6260.0,0,0,d,a,No_Promo2
49,2015-04-16,7095,1,1,0,0,16160.0,0,0,d,c,No_Promo2
1086,2015-04-16,6628,1,1,1,0,180.0,0,0,a,a,"Feb,May,Aug,Nov"
1115,2015-04-16,6964,1,1,1,0,5350.0,0,0,d,c,"Mar,Jun,Sept,Dec"
85,2015-04-17,8591,1,1,0,0,1870.0,0,0,b,a,No_Promo2
71,2015-04-17,10446,1,1,1,0,16160.0,0,0,a,a,"Mar,Jun,Sept,Dec"
102,2015-04-17,7103,1,1,1,0,150.0,0,0,a,a,"Mar,Jun,Sept,Dec"
105,2015-04-17,6185,1,1,1,0,6190.0,0,0,a,c,"Mar,Jun,Sept,Dec"
10,2015-04-17,6521,1,1,0,0,3160.0,0,0,a,a,No_Promo2
57,2015-04-17,9265,1,1,0,0,420.0,0,0,d,c,No_Promo2
50,2015-04-17,5952,1,1,0,0,6260.0,0,0,d,a,No_Promo2
49,2015-04-17,9139,1,1,0,0,16160.0,0,0,d,c,No_Promo2
1115,2015-04-17,8309,1,1,1,0,5350.0,0,0,d,c,"Mar,Jun,Sept,Dec"
1086,2015-04-17,6886,1,1,1,0,180.0,0,0,a,a,"Feb,May,Aug,Nov"
85,2015-04-18,5201,1,0,0,0,1870.0,0,0,b,a,No_Promo2
71,2015-04-18,6165,1,0,1,0,16160.0,0,0,a,a,"Mar,Jun,Sept,Dec"
102,2015-04-18,5636,1,0,1,0,150.0,0,0,a,a,"Mar,Jun,Sept,Dec"
105,2015-04-18,3703,1,0,1,0,6190.0,0,0,a,c,"Mar,Jun,Sept,Dec"
10,2015-04-18,5807,1,0,0,0,3160.0,0,0,a,a,No_Promo2
57,2015-04-18,6748,1,0,0,0,420.0,0,0,d,c,No_Promo2
50,2015-04-18,4173,1,0,0,0,6260.0,0,0,d,a,No_Promo2
49,2015-04-18,7891,1,0,0,0,16160.0,0,0,d,c,No_Promo2
1115,2015-04-18,7154,1,0,1,0,5350.0,0,0,d,c,"Mar,Jun,Sept,Dec"
1086,2015-04-18,3629,1,0,1,0,180.0,0,0,a,a,"Feb,May,Aug,Nov"
85,2015-04-19,10711,1,0,0,0,1870.0,0,0,b,a,No_Promo2
71,2015-04-19,0,0,0,1,0,16160.0,0,0,a,a,"Mar,Jun,Sept,Dec"
102,2015-04-19,0,0,0,1,0,150.0,0,0,a,a,"Mar,Jun,Sept,Dec"
105,2015-04-19,0,0,0,1,0,6190.0,0,0,a,c,"Mar,Jun,Sept,Dec"
10,2015-04-19,0,0,0,0,0,3160.0,0,0,a,a,No_Promo2
57,2015-04-19,0,0,0,0,0,420.0,0,0,d,c,No_Promo2
50,2015-04-19,0,0,0,0,0,6260.0,0,0,d,a,No_Promo2
49,2015-04-19,0,0,0,0,0,16160.0,0,0,d,c,No_Promo2
1115,2015-04-19,0,0,0,1,0,5350.0,0,0,d,c,"Mar,Jun,Sept,Dec"
1086,2015-04-19,0,0,0,1,0,180.0,0,0,a,a,"Feb,May,Aug,Nov"
85,2015-04-20,6433,1,0,0,0,1870.0,0,0,b,a,No_Promo2
71,2015-04-20,6370,1,0,1,0,16160.0,0,0,a,a,"Mar,Jun,Sept,Dec"
102,2015-04-20,5401,1,0,1,0,150.0,0,0,a,a,"Mar,Jun,Sept,Dec"
105,2015-04-20,4378,1,0,1,0,6190.0,0,0,a,c,"Mar,Jun,Sept,Dec"
10,2015-04-20,5130,1,0,0,0,3160.0,0,0,a,a,No_Promo2
57,2015-04-20,6787,1,0,0,0,420.0,0,0,d,c,No_Promo2
50,2015-04-20,2713,1,0,0,0,6260.0,0,0,d,a,No_Promo2
49,2015-04-20,5404,1,0,0,0,16160.0,0,0,d,c,No_Promo2
1115,2015-04-20,5127,1,0,1,0,5350.0,0,0,d,c,"Mar,Jun,Sept,Dec"
1086,2015-04-20,4546,1,0,1,0,180.0,0,0,a,a,"Feb,May,Aug,Nov"
85,2015-04-21,5723,1,0,0,0,1870.0,0,0,b,a,No_Promo2
71,2015-04-21,5972,1,0,1,0,16160.0,0,0,a,a,"Mar,Jun,Sept,Dec"
102,2015-04-21,4659,1,0,1,0,150.0,0,0,a,a,"Mar,Jun,Sept,Dec"
105,2015-04-21,4123,1,0,1,0,6190.0,0,0,a,c,"Mar,Jun,Sept,Dec"
10,2015-04-21,5443,1,0,0,0,3160.0,0,0,a,a,No_Promo2
57,2015-04-21,6368,1,0,0,0,420.0,0,0,d,c,No_Promo2
50,2015-04-21,3055,1,0,0,0,6260.0,0,0,d,a,No_Promo2
49,2015-04-21,5449,1,0,0,0,16160.0,0,0,d,c,No_Promo2
1115,2015-04-21,4037,1,0,1,0,5350.0,0,0,d,c,"Mar,Jun,Sept,Dec"
1086,2015-04-21,4109,1,0,1,0,180.0,0,0,a,a,"Feb,May,Aug,Nov"
85,2015-04-22,4652,1,0,0,0,1870.0,0,0,b,a,No_Promo2
71,2015-04-22,6156,1,0,1,0,16160.0,0,0,a,a,"Mar,Jun,Sept,Dec"
102,2015-04-22,4903,1,0,1,0,150.0,0,0,a,a,"Mar,Jun,Sept,Dec"
105,2015-04-22,4383,1,0,1,0,6190.0,0,0,a,c,"Mar,Jun,Sept,Dec"
10,2015-04-22,4826,1,0,0,0,3160.0,0,0,a,a,No_Promo2
57,2015-04-22,6448,1,0,0,0,420.0,0,0,d,c,No_Promo2
50,2015-04-22,3167,1,0,0,0,6260.0,0,0,d,a,No_Promo2
49,2015-04-22,6361,1,0,0,0,16160.0,0,0,d,c,No_Promo2
1086,2015-04-22,4143,1,0,1,0,180.0,0,0,a,a,"Feb,May,Aug,Nov"
1115,2015-04-22,4940,1,0,1,0,5350.0,0,0,d,c,"Mar,Jun,Sept,Dec"
85,2015-04-23,4491,1,0,0,0,1870.0,0,0,b,a,No_Promo2
71,2015-04-23,6347,1,0,1,0,16160.0,0,0,a,a,"Mar,Jun,Sept,Dec"
102,2015-04-23,4629,1,0,1,0,150.0,0,0,a,a,"Mar,Jun,Sept,Dec"
105,2015-04-23,4486,1,0,1,0,6190.0,0,0,a,c,"Mar,Jun,Sept,Dec"
10,2015-04-23,5576,1,0,0,0,3160.0,0,0,a,a,No_Promo2
57,2015-04-23,6641,1,0,0,0,420.0,0,0,d,c,No_Promo2
50,2015-04-23,3220,1,0,0,0,6260.0,0,0,d,a,No_Promo2
49,2015-04-23,5948,1,0,0,0,16160.0,0,0,d,c,No_Promo2
1086,2015-04-23,4140,1,0,1,0,180.0,0,0,a,a,"Feb,May,Aug,Nov"
1115,2015-04-23,5252,1,0,1,0,5350.0,0,0,d,c,"Mar,Jun,Sept,Dec"
85,2015-04-24,6847,1,0,0,0,1870.0,0,0,b,a,No_Promo2
71,2015-04-24,7364,1,0,1,0,16160.0,0,0,a,a,"Mar,Jun,Sept,Dec"
102,2015-04-24,4495,1,0,1,0,150.0,0,0,a,a,"Mar,Jun,Sept,Dec"
105,2015-04-24,4687,1,0,1,0,6190.0,0,0,a,c,"Mar,Jun,Sept,Dec"
10,2015-04-24,5182,1,0,0,0,3160.0,0,0,a,a,No_Promo2
57,2015-04-24,6787,1,0,0,0,420.0,0,0,d,c,No_Promo2
50,2015-04-24,3174,1,0,0,0,6260.0,0,0,d,a,No_Promo2
49,2015-04-24,6675,1,0,0,0,16160.0,0,0,d,c,No_Promo2
1115,2015-04-24,5245,1,0,1,0,5350.0,0,0,d,c,"Mar,Jun,Sept,Dec"
1086,2015-04-24,4095,1,0,1,0,180.0,0,0,a,a,"Feb,May,Aug,Nov"
85,2015-04-25,5460,1,0,0,0,1870.0,0,0,b,a,No_Promo2
71,2015-04-25,7060,1,0,1,0,16160.0,0,0,a,a,"Mar,Jun,Sept,Dec"
102,2015-04-25,5160,1,0,1,0,150.0,0,0,a,a,"Mar,Jun,Sept,Dec"
105,2015-04-25,2969,1,0,1,0,6190.0,0,0,a,c,"Mar,Jun,Sept,Dec"
10,2015-04-25,4631,1,0,0,0,3160.0,0,0,a,a,No_Promo2
57,2015-04-25,5550,1,0,0,0,420.0,0,0,d,c,No_Promo2
50,2015-04-25,4213,1,0,0,0,6260.0,0,0,d,a,No_Promo2
49,2015-04-25,7072,1,0,0,0,16160.0,0,0,d,c,No_Promo2
1115,2015-04-25,7620,1,0,1,0,5350.0,0,0,d,c,"Mar,Jun,Sept,Dec"
1086,2015-04-25,3469,1,0,1,0,180.0,0,0,a,a,"Feb,May,Aug,Nov"
85,2015-04-26,11850,1,0,0,0,1870.0,0,0,b,a,No_Promo2
71,2015-04-26,0,0,0,1,0,16160.0,0,0,a,a,"Mar,Jun,Sept,Dec"
102,2015-04-26,0,0,0,1,0,150.0,0,0,a,a,"Mar,Jun,Sept,Dec"
105,2015-04-26,0,0,0,1,0,6190.0,0,0,a,c,"Mar,Jun,Sept,Dec"
10,2015-04-26,0,0,0,0,0,3160.0,0,0,a,a,No_Promo2
57,2015-04-26,0,0,0,0,0,420.0,0,0,d,c,No_Promo2
50,2015-04-26,0,0,0,0,0,6260.0,0,0,d,a,No_Promo2
49,2015-04-26,0,0,0,0,0,16160.0,0,0,d,c,No_Promo2
1115,2015-04-26,0,0,0,1,0,5350.0,0,0,d,c,"Mar,Jun,Sept,Dec"
1086,2015-04-26,0,0,0,1,0,180.0,0,0,a,a,"Feb,May,Aug,Nov"
85,2015-04-27,8744,1,1,0,0,1870.0,0,0,b,a,No_Promo2
71,2015-04-27,12170,1,1,1,0,16160.0,0,0,a,a,"Mar,Jun,Sept,Dec"
102,2015-04-27,10341,1,1,1,0,150.0,0,0,a,a,"Mar,Jun,Sept,Dec"
105,2015-04-27,7610,1,1,1,0,6190.0,0,0,a,c,"Mar,Jun,Sept,Dec"
10,2015-04-27,7558,1,1,0,0,3160.0,0,0,a,a,No_Promo2
57,2015-04-27,14796,1,1,0,0,420.0,0,0,d,c,No_Promo2
50,2015-04-27,6160,1,1,0,0,6260.0,0,0,d,a,No_Promo2
49,2015-04-27,9190,1,1,0,0,16160.0,0,0,d,c,No_Promo2
1115,2015-04-27,10211,1,1,1,0,5350.0,0,0,d,c,"Mar,Jun,Sept,Dec"
1086,2015-04-27,10105,1,1,1,0,180.0,0,0,a,a,"Feb,May,Aug,Nov"
85,2015-04-28,7712,1,1,0,0,1870.0,0,0,b,a,No_Promo2
71,2015-04-28,11363,1,1,1,0,16160.0,0,0,a,a,"Mar,Jun,Sept,Dec"
102,2015-04-28,8750,1,1,1,0,150.0,0,0,a,a,"Mar,Jun,Sept,Dec"
105,2015-04-28,5873,1,1,1,0,6190.0,0,0,a,c,"Mar,Jun,Sept,Dec"
10,2015-04-28,6322,1,1,0,0,3160.0,0,0,a,a,No_Promo2
57,2015-04-28,11328,1,1,0,0,420.0,0,0,d,c,No_Promo2
50,2015-04-28,5134,1,1,0,0,6260.0,0,0,d,a,No_Promo2
49,2015-04-28,8653,1,1,0,0,16160.0,0,0,d,c,No_Promo2
1115,2015-04-28,7287,1,1,1,0,5350.0,0,0,d,c,"Mar,Jun,Sept,Dec"
1086,2015-04-28,9258,1,1,1,0,180.0,0,0,a,a,"Feb,May,Aug,Nov"
85,2015-04-29,7349,1,1,0,0,1870.0,0,0,b,a,No_Promo2
71,2015-04-29,10812,1,1,1,0,16160.0,0,0,a,a,"Mar,Jun,Sept,Dec"
102,2015-04-29,8771,1,1,1,0,150.0,0,0,a,a,"Mar,Jun,Sept,Dec"
105,2015-04-29,5904,1,1,1,0,6190.0,0,0,a,c,"Mar,Jun,Sept,Dec"
10,2015-04-29,6847,1,1,0,0,3160.0,0,0,a,a,No_Promo2
57,2015-04-29,11422,1,1,0,0,420.0,0,0,d,c,No_Promo2
50,2015-04-29,5707,1,1,0,0,6260.0,0,0,d,a,No_Promo2
49,2015-04-29,8149,1,1,0,0,16160.0,0,0,d,c,No_Promo2
1086,2015-04-29,8964,1,1,1,0,180.0,0,0,a,a,"Feb,May,Aug,Nov"
1115,2015-04-29,8148,1,1,1,0,5350.0,0,0,d,c,"Mar,Jun,Sept,Dec"
85,2015-04-30,9697,1,1,0,0,1870.0,0,0,b,a,No_Promo2
71,2015-04-30,13384,1,1,1,0,16160.0,0,0,a,a,"Mar,Jun,Sept,Dec"
102,2015-04-30,12977,1,1,1,0,150.0,0,0,a,a,"Mar,Jun,Sept,Dec"
105,2015-04-30,7340,1,1,1,0,6190.0,0,0,a,c,"Mar,Jun,Sept,Dec"
10,2015-04-30,8112,1,1,0,0,3160.0,0,0,a,a,No_Promo2
57,2015-04-30,13183,1,1,0,0,420.0,0,0,d,c,No_Promo2
50,2015-04-30,7008,1,1,0,0,6260.0,0,0,d,a,No_Promo2
49,2015-04-30,10634,1,1,0,0,16160.0,0,0,d,c,No_Promo2
1086,2015-04-30,10743,1,1,1,0,180.0,0,0,a,a,"Feb,May,Aug,Nov"
1115,2015-04-30,9598,1,1,1,0,5350.0,0,0,d,c,"Mar,Jun,Sept,Dec"
85,2015-05-01,11360,1,1,0,0,1870.0,0,a,b,a,No_Promo2
71,2015-05-01,0,0,1,1,0,16160.0,0,a,a,a,"Mar,Jun,Sept,Dec"
102,2015-05-01,0,0,1,1,0,150.0,0,a,a,a,"Mar,Jun,Sept,Dec"
105,2015-05-01,0,0,1,1,0,6190.0,0,a,a,c,"Mar,Jun,Sept,Dec"
10,2015-05-01,0,0,1,0,0,3160.0,0,a,a,a,No_Promo2
57,2015-05-01,0,0,1,0,0,420.0,0,a,d,c,No_Promo2
50,2015-05-01,0,0,1,0,0,6260.0,0,a,d,a,No_Promo2
49,2015-05-01,0,0,1,0,0,16160.0,0,a,d,c,No_Promo2
1115,2015-05-01,0,0,1,1,0,5350.0,0,a,d,c,"Mar,Jun,Sept,Dec"
1086,2015-05-01,0,0,1,1,0,180.0,0,a,a,a,"Feb,May,Aug,Nov"
85,2015-05-02,6463,1,0,0,0,1870.0,0,0,b,a,No_Promo2
71,2015-05-02,7994,1,0,1,0,16160.0,0,0,a,a,"Mar,Jun,Sept,Dec"
102,2015-05-02,9128,1,0,1,0,150.0,0,0,a,a,"Mar,Jun,Sept,Dec"
105,2015-05-02,3999,1,0,1,0,6190.0,0,0,a,c,"Mar,Jun,Sept,Dec"
10,2015-05-02,6183,1,0,0,0,3160.0,0,0,a,a,No_Promo2
57,2015-05-02,8785,1,0,0,0,420.0,0,0,d,c,No_Promo2
50,2015-05-02,5649,1,0,0,0,6260.0,0,0,d,a,No_Promo2
49,2015-05-02,9119,1,0,0,0,16160.0,0,0,d,c,No_Promo2
1115,2015-05-02,9665,1,0,1,0,5350.0,0,0,d,c,"Mar,Jun,Sept,Dec"
1086,2015-05-02,5450,1,0,1,0,180.0,0,0,a,a,"Feb,May,Aug,Nov"
85,2015-05-03,7896,1,0,0,0,1870.0,0,0,b,a,No_Promo2
71,2015-05-03,0,0,0,1,0,16160.0,0,0,a,a,"Mar,Jun,Sept,Dec"
102,2015-05-03,0,0,0,1,0,150.0,0,0,a,a,"Mar,Jun,Sept,Dec"
105,2015-05-03,0,0,0,1,0,6190.0,0,0,a,c,"Mar,Jun,Sept,Dec"
10,2015-05-03,0,0,0,0,0,3160.0,0,0,a,a,No_Promo2
57,2015-05-03,0,0,0,0,0,420.0,0,0,d,c,No_Promo2
50,2015-05-03,0,0,0,0,0,6260.0,0,0,d,a,No_Promo2
49,2015-05-03,0,0,0,0,0,16160.0,0,0,d,c,No_Promo2
1115,2015-05-03,0,0,0,1,0,5350.0,0,0,d,c,"Mar,Jun,Sept,Dec"
1086,2015-05-03,0,0,0,1,0,180.0,0,0,a,a,"Feb,May,Aug,Nov"
85,2015-05-04,8766,1,1,0,0,1870.0,0,0,b,a,No_Promo2
71,2015-05-04,13263,1,1,1,0,16160.0,0,0,a,a,"Mar,Jun,Sept,Dec"
102,2015-05-04,11590,1,1,1,0,150.0,0,0,a,a,"Mar,Jun,Sept,Dec"
105,2015-05-04,8116,1,1,1,0,6190.0,0,0,a,c,"Mar,Jun,Sept,Dec"
10,2015-05-04,8145,1,1,0,0,3160.0,0,0,a,a,No_Promo2
57,2015-05-04,14431,1,1,0,0,420.0,0,0,d,c,No_Promo2
50,2015-05-04,6866,1,1,0,0,6260.0,0,0,d,a,No_Promo2
49,2015-05-04,10552,1,1,0,0,16160.0,0,0,d,c,No_Promo2
1115,2015-05-04,9818,1,1,1,0,5350.0,0,0,d,c,"Mar,Jun,Sept,Dec"
1086,2015-05-04,9793,1,1,1,0,180.0,0,0,a,a,"Feb,May,Aug,Nov"
85,2015-05-05,6618,1,1,0,0,1870.0,0,0,b,a,No_Promo2
71,2015-05-05,11220,1,1,1,0,16160.0,0,0,a,a,"Mar,Jun,Sept,Dec"
102,2015-05-05,10020,1,1,1,0,150.0,0,0,a,a,"Mar,Jun,Sept,Dec"
105,2015-05-05,5867,1,1,1,0,6190.0,0,0,a,c,"Mar,Jun,Sept,Dec"
10,2015-05-05,5968,1,1,0,0,3160.0,0,0,a,a,No_Promo2
57,2015-05-05,9645,1,1,0,0,420.0,0,0,d,c,No_Promo2
50,2015-05-05,4608,1,1,0,0,6260.0,0,0,d,a,No_Promo2
49,2015-05-05,8800,1,1,0,0,16160.0,0,0,d,c,No_Promo2
1115,2015-05-05,7005,1,1,1,0,5350.0,0,0,d,c,"Mar,Jun,Sept,Dec"
1086,2015-05-05,7894,1,1,1,0,180.0,0,0,a,a,"Feb,May,Aug,Nov"
102,2015-05-06,9161,1,1,1,0,150.0,0,0,a,a,"Mar,Jun,Sept,Dec"
85,2015-05-06,6592,1,1,0,0,1870.0,0,0,b,a,No_Promo2
105,2015-05-06,6100,1,1,1,0,6190.0,0,0,a,c,"Mar,Jun,Sept,Dec"
71,2015-05-06,9853,1,1,1,0,16160.0,0,0,a,a,"Mar,Jun,Sept,Dec"
10,2015-05-06,6627,1,1,0,0,3160.0,0,0,a,a,No_Promo2
57,2015-05-06,10542,1,1,0,0,420.0,0,0,d,c,No_Promo2
49,2015-05-06,7997,1,1,0,0,16160.0,0,0,d,c,No_Promo2
50,2015-05-06,5548,1,1,0,0,6260.0,0,0,d,a,No_Promo2
1115,2015-05-06,8164,1,1,1,0,5350.0,0,0,d,c,"Mar,Jun,Sept,Dec"
1086,2015-05-06,7372,1,1,1,0,180.0,0,0,a,a,"Feb,May,Aug,Nov"
85,2015-05-07,6363,1,1,0,0,1870.0,0,0,b,a,No_Promo2
71,2015-05-07,9678,1,1,1,0,16160.0,0,0,a,a,"Mar,Jun,Sept,Dec"
102,2015-05-07,7833,1,1,1,0,150.0,0,0,a,a,"Mar,Jun,Sept,Dec"
105,2015-05-07,5375,1,1,1,0,6190.0,0,0,a,c,"Mar,Jun,Sept,Dec"
10,2015-05-07,6011,1,1,0,0,3160.0,0,0,a,a,No_Promo2
57,2015-05-07,9747,1,1,0,0,420.0,0,0,d,c,No_Promo2
50,2015-05-07,4813,1,1,0,0,6260.0,0,0,d,a,No_Promo2
49,2015-05-07,7575,1,1,0,0,16160.0,0,0,d,c,No_Promo2
1086,2015-05-07,7930,1,1,1,0,180.0,0,0,a,a,"Feb,May,Aug,Nov"
1115,2015-05-07,7345,1,1,1,0,5350.0,0,0,d,c,"Mar,Jun,Sept,Dec"
85,2015-05-08,6171,1,1,0,0,1870.0,0,0,b,a,No_Promo2
71,2015-05-08,10431,1,1,1,0,16160.0,0,0,a,a,"Mar,Jun,Sept,Dec"
102,2015-05-08,8489,1,1,1,0,150.0,0,0,a,a,"Mar,Jun,Sept,Dec"
105,2015-05-08,5809,1,1,1,0,6190.0,0,0,a,c,"Mar,Jun,Sept,Dec"
10,2015-05-08,6650,1,1,0,0,3160.0,0,0,a,a,No_Promo2
57,2015-05-08,9832,1,1,0,0,420.0,0,0,d,c,No_Promo2
50,2015-05-08,4545,1,1,0,0,6260.0,0,0,d,a,No_Promo2
49,2015-05-08,8901,1,1,0,0,16160.0,0,0,d,c,No_Promo2
1086,2015-05-08,6594,1,1,1,0,180.0,0,0,a,a,"Feb,May,Aug,Nov"
1115,2015-05-08,6926,1,1,1,0,5350.0,0,0,d,c,"Mar,Jun,Sept,Dec"
85,2015-05-09,4702,1,0,0,0,1870.0,0,0,b,a,No_Promo2
71,2015-05-09,7632,1,0,1,0,16160.0,0,0,a,a,"Mar,Jun,Sept,Dec"
102,2015-05-09,6903,1,0,1,0,150.0,0,0,a,a,"Mar,Jun,Sept,Dec"
105,2015-05-09,3612,1,0,1,0,6190.0,0,0,a,c,"Mar,Jun,Sept,Dec"
10,2015-05-09,5447,1,0,0,0,3160.0,0,0,a,a,No_Promo2
57,2015-05-09,7167,1,0,0,0,420.0,0,0,d,c,No_Promo2
50,2015-05-09,5198,1,0,0,0,6260.0,0,0,d,a,No_Promo2
49,2015-05-09,8684,1,0,0,0,16160.0,0,0,d,c,No_Promo2
1115,2015-05-09,8509,1,0,1,0,5350.0,0,0,d,c,"Mar,Jun,Sept,Dec"
1086,2015-05-09,4437,1,0,1,0,180.0,0,0,a,a,"Feb,May,Aug,Nov"
85,2015-05-10,13336,1,0,0,0,1870.0,0,0,b,a,No_Promo2
71,2015-05-10,0,0,0,1,0,16160.0,0,0,a,a,"Mar,Jun,Sept,Dec"
102,2015-05-10,0,0,0,1,0,150.0,0,0,a,a,"Mar,Jun,Sept,Dec"
105,2015-05-10,0,0,0,1,0,6190.0,0,0,a,c,"Mar,Jun,Sept,Dec"
10,2015-05-10,0,0,0,0,0,3160.0,0,0,a,a,No_Promo2
57,2015-05-10,0,0,0,0,0,420.0,0,0,d,c,No_Promo2
50,2015-05-10,0,0,0,0,0,6260.0,0,0,d,a,No_Promo2
49,2015-05-10,0,0,0,0,0,16160.0,0,0,d,c,No_Promo2
1115,2015-05-10,0,0,0,1,0,5350.0,0,0,d,c,"Mar,Jun,Sept,Dec"
1086,2015-05-10,0,0,0,1,0,180.0,0,0,a,a,"Feb,May,Aug,Nov"
85,2015-05-11,5943,1,0,0,0,1870.0,0,0,b,a,No_Promo2
71,2015-05-11,6798,1,0,1,0,16160.0,0,0,a,a,"Mar,Jun,Sept,Dec"
102,2015-05-11,5105,1,0,1,0,150.0,0,0,a,a,"Mar,Jun,Sept,Dec"
105,2015-05-11,5119,1,0,1,0,6190.0,0,0,a,c,"Mar,Jun,Sept,Dec"
10,2015-05-11,4847,1,0,0,0,3160.0,0,0,a,a,No_Promo2
57,2015-05-11,8020,1,0,0,0,420.0,0,0,d,c,No_Promo2
50,2015-05-11,3587,1,0,0,0,6260.0,0,0,d,a,No_Promo2
49,2015-05-11,5666,1,0,0,0,16160.0,0,0,d,c,No_Promo2
1115,2015-05-11,5025,1,0,1,0,5350.0,0,0,d,c,"Mar,Jun,Sept,Dec"
1086,2015-05-11,4457,1,0,1,0,180.0,0,0,a,a,"Feb,May,Aug,Nov"
85,2015-05-12,5274,1,0,0,0,1870.0,0,0,b,a,No_Promo2
71,2015-05-12,7485,1,0,1,0,16160.0,0,0,a,a,"Mar,Jun,Sept,Dec"
102,2015-05-12,5889,1,0,1,0,150.0,0,0,a,a,"Mar,Jun,Sept,Dec"
105,2015-05-12,4823,1,0,1,0,6190.0,0,0,a,c,"Mar,Jun,Sept,Dec"
10,2015-05-12,5687,1,0,0,0,3160.0,0,0,a,a,No_Promo2
57,2015-05-12,7717,1,0,0,0,420.0,0,0,d,c,No_Promo2
50,2015-05-12,3207,1,0,0,0,6260.0,0,0,d,a,No_Promo2
49,2015-05-12,6337,1,0,0,0,16160.0,0,0,d,c,No_Promo2
1115,2015-05-12,5570,1,0,1,0,5350.0,0,0,d,c,"Mar,Jun,Sept,Dec"
1086,2015-05-12,4235,1,0,1,0,180.0,0,0,a,a,"Feb,May,Aug,Nov"
85,2015-05-13,7121,1,0,0,0,1870.0,0,0,b,a,No_Promo2
71,2015-05-13,9156,1,0,1,0,16160.0,0,0,a,a,"Mar,Jun,Sept,Dec"
102,2015-05-13,6174,1,0,1,0,150.0,0,0,a,a,"Mar,Jun,Sept,Dec"
105,2015-05-13,5142,1,0,1,0,6190.0,0,0,a,c,"Mar,Jun,Sept,Dec"
10,2015-05-13,5938,1,0,0,0,3160.0,0,0,a,a,No_Promo2
57,2015-05-13,9672,1,0,0,0,420.0,0,0,d,c,No_Promo2
50,2015-05-13,4880,1,0,0,0,6260.0,0,0,d,a,No_Promo2
49,2015-05-13,8936,1,0,0,0,16160.0,0,0,d,c,No_Promo2
1086,2015-05-13,5992,1,0,1,0,180.0,0,0,a,a,"Feb,May,Aug,Nov"
1115,2015-05-13,7295,1,0,1,0,5350.0,0,0,d,c,"Mar,Jun,Sept,Dec"
85,2015-05-14,14501,1,0,0,0,1870.0,0,a,b,a,No_Promo2
71,2015-05-14,0,0,0,1,0,16160.0,0,a,a,a,"Mar,Jun,Sept,Dec"
102,2015-05-14,0,0,0,1,0,150.0,0,a,a,a,"Mar,Jun,Sept,Dec"
105,2015-05-14,0,0,0,1,0,6190.0,0,a,a,c,"Mar,Jun,Sept,Dec"
10,2015-05-14,0,0,0,0,0,3160.0,0,a,a,a,No_Promo2
57,2015-05-14,0,0,0,0,0,420.0,0,a,d,c,No_Promo2
50,2015-05-14,0,0,0,0,0,6260.0,0,a,d,a,No_Promo2
49,2015-05-14,0,0,0,0,0,16160.0,0,a,d,c,No_Promo2
1086,2015-05-14,0,0,0,1,0,180.0,0,a,a,a,"Feb,May,Aug,Nov"
1115,2015-05-14,0,0,0,1,0,5350.0,0,a,d,c,"Mar,Jun,Sept,Dec"
85,2015-05-15,5902,1,0,0,1,1870.0,0,0,b,a,No_Promo2
71,2015-05-15,9576,1,0,1,0,16160.0,0,0,a,a,"Mar,Jun,Sept,Dec"
102,2015-05-15,7410,1,0,1,0,150.0,0,0,a,a,"Mar,Jun,Sept,Dec"
105,2015-05-15,5015,1,0,1,0,6190.0,0,0,a,c,"Mar,Jun,Sept,Dec"
10,2015-05-15,6869,1,0,0,1,3160.0,0,0,a,a,No_Promo2
57,2015-05-15,9576,1,0,0,1,420.0,0,0,d,c,No_Promo2
50,2015-05-15,3838,1,0,0,0,6260.0,0,0,d,a,No_Promo2
49,2015-05-15,9174,1,0,0,0,16160.0,0,0,d,c,No_Promo2
1115,2015-05-15,7610,1,0,1,0,5350.0,0,0,d,c,"Mar,Jun,Sept,Dec"
1086,2015-05-15,5966,1,0,1,0,180.0,0,0,a,a,"Feb,May,Aug,Nov"
85,2015-05-16,5458,1,0,0,0,1870.0,0,0,b,a,No_Promo2
71,2015-05-16,6350,1,0,1,0,16160.0,0,0,a,a,"Mar,Jun,Sept,Dec"
102,2015-05-16,5570,1,0,1,0,150.0,0,0,a,a,"Mar,Jun,Sept,Dec"
105,2015-05-16,3674,1,0,1,0,6190.0,0,0,a,c,"Mar,Jun,Sept,Dec"
10,2015-05-16,4879,1,0,0,0,3160.0,0,0,a,a,No_Promo2
57,2015-05-16,6072,1,0,0,0,420.0,0,0,d,c,No_Promo2
50,2015-05-16,4528,1,0,0,0,6260.0,0,0,d,a,No_Promo2
49,2015-05-16,6620,1,0,0,0,16160.0,0,0,d,c,No_Promo2
1115,2015-05-16,8138,1,0,1,0,5350.0,0,0,d,c,"Mar,Jun,Sept,Dec"
1086,2015-05-16,3723,1,0,1,0,180.0,0,0,a,a,"Feb,May,Aug,Nov"
85,2015-05-17,11456,1,0,0,0,1870.0,0,0,b,a,No_Promo2
71,2015-05-17,0,0,0,1,0,16160.0,0,0,a,a,"Mar,Jun,Sept,Dec"
102,2015-05-17,0,0,0,1,0,150.0,0,0,a,a,"Mar,Jun,Sept,Dec"
105,2015-05-17,0,0,0,1,0,6190.0,0,0,a,c,"Mar,Jun,Sept,Dec"
10,2015-05-17,0,0,0,0,0,3160.0,0,0,a,a,No_Promo2
57,2015-05-17,0,0,0,0,0,420.0,0,0,d,c,No_Promo2
50,2015-05-17,0,0,0,0,0,6260.0,0,0,d,a,No_Promo2
49,2015-05-17,0,0,0,0,0,16160.0,0,0,d,c,No_Promo2
1115,2015-05-17,0,0,0,1,0,5350.0,0,0,d,c,"Mar,Jun,Sept,Dec"
1086,2015-05-17,0,0,0,1,0,180.0,0,0,a,a,"Feb,May,Aug,Nov"
85,2015-05-18,8118,1,1,0,0,1870.0,0,0,b,a,No_Promo2
71,2015-05-18,12708,1,1,1,0,16160.0,0,0,a,a,"Mar,Jun,Sept,Dec"
102,2015-05-18,10249,1,1,1,0,150.0,0,0,a,a,"Mar,Jun,Sept,Dec"
105,2015-05-18,7489,1,1,1,0,6190.0,0,0,a,c,"Mar,Jun,Sept,Dec"
10,2015-05-18,7674,1,1,0,0,3160.0,0,0,a,a,No_Promo2
57,2015-05-18,13458,1,1,0,0,420.0,0,0,d,c,No_Promo2
50,2015-05-18,6357,1,1,0,0,6260.0,0,0,d,a,No_Promo2
49,2015-05-18,10186,1,1,0,0,16160.0,0,0,d,c,No_Promo2
1115,2015-05-18,8703,1,1,1,0,5350.0,0,0,d,c,"Mar,Jun,Sept,Dec"
1086,2015-05-18,9188,1,1,1,0,180.0,0,0,a,a,"Feb,May,Aug,Nov"
85,2015-05-19,7003,1,1,0,0,1870.0,0,0,b,a,No_Promo2
71,2015-05-19,10218,1,1,1,0,16160.0,0,0,a,a,"Mar,Jun,Sept,Dec"
102,2015-05-19,8159,1,1,1,0,150.0,0,0,a,a,"Mar,Jun,Sept,Dec"
105,2015-05-19,6185,1,1,1,0,6190.0,0,0,a,c,"Mar,Jun,Sept,Dec"
10,2015-05-19,6514,1,1,0,0,3160.0,0,0,a,a,No_Promo2
57,2015-05-19,10900,1,1,0,0,420.0,0,0,d,c,No_Promo2
50,2015-05-19,5070,1,1,0,0,6260.0,0,0,d,a,No_Promo2
49,2015-05-19,9469,1,1,0,0,16160.0,0,0,d,c,No_Promo2
1115,2015-05-19,7583,1,1,1,0,5350.0,0,0,d,c,"Mar,Jun,Sept,Dec"
1086,2015-05-19,7497,1,1,1,0,180.0,0,0,a,a,"Feb,May,Aug,Nov"
102,2015-05-20,8254,1,1,1,0,150.0,0,0,a,a,"Mar,Jun,Sept,Dec"
85,2015-05-20,5674,1,1,0,0,1870.0,0,0,b,a,No_Promo2
105,2015-05-20,5536,1,1,1,0,6190.0,0,0,a,c,"Mar,Jun,Sept,Dec"
71,2015-05-20,9870,1,1,1,0,16160.0,0,0,a,a,"Mar,Jun,Sept,Dec"
10,2015-05-20,5893,1,1,0,0,3160.0,0,0,a,a,No_Promo2
57,2015-05-20,9355,1,1,0,0,420.0,0,0,d,c,No_Promo2
49,2015-05-20,8732,1,1,0,0,16160.0,0,0,d,c,No_Promo2
50,2015-05-20,4466,1,1,0,0,6260.0,0,0,d,a,No_Promo2
1086,2015-05-20,6634,1,1,1,0,180.0,0,0,a,a,"Feb,May,Aug,Nov"
1115,2015-05-20,7645,1,1,1,0,5350.0,0,0,d,c,"Mar,Jun,Sept,Dec"
71,2015-05-21,9694,1,1,1,0,16160.0,0,0,a,a,"Mar,Jun,Sept,Dec"
85,2015-05-21,5894,1,1,0,0,1870.0,0,0,b,a,No_Promo2
102,2015-05-21,7295,1,1,1,0,150.0,0,0,a,a,"Mar,Jun,Sept,Dec"
105,2015-05-21,6610,1,1,1,0,6190.0,0,0,a,c,"Mar,Jun,Sept,Dec"
10,2015-05-21,6038,1,1,0,0,3160.0,0,0,a,a,No_Promo2
57,2015-05-21,10283,1,1,0,0,420.0,0,0,d,c,No_Promo2
50,2015-05-21,4361,1,1,0,0,6260.0,0,0,d,a,No_Promo2
49,2015-05-21,7346,1,1,0,0,16160.0,0,0,d,c,No_Promo2
1115,2015-05-21,6244,1,1,1,0,5350.0,0,0,d,c,"Mar,Jun,Sept,Dec"
1086,2015-05-21,6704,1,1,1,0,180.0,0,0,a,a,"Feb,May,Aug,Nov"
85,2015-05-22,6621,1,1,0,0,1870.0,0,0,b,a,No_Promo2
71,2015-05-22,9786,1,1,1,0,16160.0,0,0,a,a,"Mar,Jun,Sept,Dec"
102,2015-05-22,7842,1,1,1,0,150.0,0,0,a,a,"Mar,Jun,Sept,Dec"
105,2015-05-22,6164,1,1,1,0,6190.0,0,0,a,c,"Mar,Jun,Sept,Dec"
10,2015-05-22,6339,1,1,0,0,3160.0,0,0,a,a,No_Promo2
57,2015-05-22,8368,1,1,0,0,420.0,0,0,d,c,No_Promo2
50,2015-05-22,4777,1,1,0,0,6260.0,0,0,d,a,No_Promo2
49,2015-05-22,8637,1,1,0,0,16160.0,0,0,d,c,No_Promo2
1115,2015-05-22,8449,1,1,1,0,5350.0,0,0,d,c,"Mar,Jun,Sept,Dec"
1086,2015-05-22,6563,1,1,1,0,180.0,0,0,a,a,"Feb,May,Aug,Nov"
102,2015-05-23,6119,1,0,1,0,150.0,0,0,a,a,"Mar,Jun,Sept,Dec"
85,2015-05-23,5141,1,0,0,0,1870.0,0,0,b,a,No_Promo2
105,2015-05-23,3469,1,0,1,0,6190.0,0,0,a,c,"Mar,Jun,Sept,Dec"
71,2015-05-23,6672,1,0,1,0,16160.0,0,0,a,a,"Mar,Jun,Sept,Dec"
10,2015-05-23,5080,1,0,0,0,3160.0,0,0,a,a,No_Promo2
57,2015-05-23,6751,1,0,0,0,420.0,0,0,d,c,No_Promo2
49,2015-05-23,7361,1,0,0,0,16160.0,0,0,d,c,No_Promo2
50,2015-05-23,4198,1,0,0,0,6260.0,0,0,d,a,No_Promo2
1115,2015-05-23,8005,1,0,1,0,5350.0,0,0,d,c,"Mar,Jun,Sept,Dec"
1086,2015-05-23,3340,1,0,1,0,180.0,0,0,a,a,"Feb,May,Aug,Nov"
85,2015-05-24,11124,1,0,0,0,1870.0,0,0,b,a,No_Promo2
71,2015-05-24,0,0,0,1,0,16160.0,0,0,a,a,"Mar,Jun,Sept,Dec"
102,2015-05-24,0,0,0,1,0,150.0,0,0,a,a,"Mar,Jun,Sept,Dec"
105,2015-05-24,0,0,0,1,0,6190.0,0,0,a,c,"Mar,Jun,Sept,Dec"
10,2015-05-24,0,0,0,0,0,3160.0,0,0,a,a,No_Promo2
57,2015-05-24,0,0,0,0,0,420.0,0,0,d,c,No_Promo2
50,2015-05-24,0,0,0,0,0,6260.0,0,0,d,a,No_Promo2
49,2015-05-24,0,0,0,0,0,16160.0,0,0,d,c,No_Promo2
1115,2015-05-24,0,0,0,1,0,5350.0,0,0,d,c,"Mar,Jun,Sept,Dec"
1086,2015-05-24,0,0,0,1,0,180.0,0,0,a,a,"Feb,May,Aug,Nov"
85,2015-05-25,13018,1,0,0,0,1870.0,0,a,b,a,No_Promo2
71,2015-05-25,0,0,0,1,0,16160.0,0,a,a,a,"Mar,Jun,Sept,Dec"
102,2015-05-25,0,0,0,1,0,150.0,0,a,a,a,"Mar,Jun,Sept,Dec"
105,2015-05-25,0,0,0,1,0,6190.0,0,a,a,c,"Mar,Jun,Sept,Dec"
10,2015-05-25,0,0,0,0,0,3160.0,0,a,a,a,No_Promo2
57,2015-05-25,0,0,0,0,0,420.0,0,a,d,c,No_Promo2
50,2015-05-25,0,0,0,0,0,6260.0,0,a,d,a,No_Promo2
49,2015-05-25,0,0,0,0,0,16160.0,0,a,d,c,No_Promo2
1115,2015-05-25,0,0,0,1,0,5350.0,0,a,d,c,"Mar,Jun,Sept,Dec"
1086,2015-05-25,0,0,0,1,0,180.0,0,a,a,a,"Feb,May,Aug,Nov"
85,2015-05-26,6888,1,0,0,1,1870.0,0,0,b,a,No_Promo2
71,2015-05-26,8873,1,0,1,1,16160.0,0,0,a,a,"Mar,Jun,Sept,Dec"
102,2015-05-26,6853,1,0,1,1,150.0,0,0,a,a,"Mar,Jun,Sept,Dec"
105,2015-05-26,5070,1,0,1,1,6190.0,0,0,a,c,"Mar,Jun,Sept,Dec"
10,2015-05-26,6506,1,0,0,1,3160.0,0,0,a,a,No_Promo2
57,2015-05-26,8533,1,0,0,0,420.0,0,0,d,c,No_Promo2
50,2015-05-26,4020,1,0,0,0,6260.0,0,0,d,a,No_Promo2
49,2015-05-26,7998,1,0,0,1,16160.0,0,0,d,c,No_Promo2
1115,2015-05-26,6726,1,0,1,0,5350.0,0,0,d,c,"Mar,Jun,Sept,Dec"
1086,2015-05-26,5259,1,0,1,0,180.0,0,0,a,a,"Feb,May,Aug,Nov"
102,2015-05-27,5172,1,0,1,0,150.0,0,0,a,a,"Mar,Jun,Sept,Dec"
85,2015-05-27,6272,1,0,0,0,1870.0,0,0,b,a,No_Promo2
105,2015-05-27,4929,1,0,1,1,6190.0,0,0,a,c,"Mar,Jun,Sept,Dec"
71,2015-05-27,7876,1,0,1,0,16160.0,0,0,a,a,"Mar,Jun,Sept,Dec"
10,2015-05-27,6046,1,0,0,0,3160.0,0,0,a,a,No_Promo2
57,2015-05-27,8233,1,0,0,0,420.0,0,0,d,c,No_Promo2
49,2015-05-27,6269,1,0,0,1,16160.0,0,0,d,c,No_Promo2
50,2015-05-27,3519,1,0,0,0,6260.0,0,0,d,a,No_Promo2
1115,2015-05-27,6156,1,0,1,0,5350.0,0,0,d,c,"Mar,Jun,Sept,Dec"
1086,2015-05-27,4763,1,0,1,0,180.0,0,0,a,a,"Feb,May,Aug,Nov"
71,2015-05-28,7838,1,0,1,0,16160.0,0,0,a,a,"Mar,Jun,Sept,Dec"
85,2015-05-28,5399,1,0,0,0,1870.0,0,0,b,a,No_Promo2
102,2015-05-28,5758,1,0,1,0,150.0,0,0,a,a,"Mar,Jun,Sept,Dec"
105,2015-05-28,4620,1,0,1,1,6190.0,0,0,a,c,"Mar,Jun,Sept,Dec"
10,2015-05-28,5070,1,0,0,0,3160.0,0,0,a,a,No_Promo2
57,2015-05-28,8511,1,0,0,0,420.0,0,0,d,c,No_Promo2
50,2015-05-28,3931,1,0,0,0,6260.0,0,0,d,a,No_Promo2
49,2015-05-28,5981,1,0,0,1,16160.0,0,0,d,c,No_Promo2
1115,2015-05-28,6364,1,0,1,0,5350.0,0,0,d,c,"Mar,Jun,Sept,Dec"
1086,2015-05-28,4920,1,0,1,0,180.0,0,0,a,a,"Feb,May,Aug,Nov"
85,2015-05-29,6678,1,0,0,0,1870.0,0,0,b,a,No_Promo2
71,2015-05-29,9841,1,0,1,0,16160.0,0,0,a,a,"Mar,Jun,Sept,Dec"
102,2015-05-29,8860,1,0,1,0,150.0,0,0,a,a,"Mar,Jun,Sept,Dec"
105,2015-05-29,5411,1,0,1,1,6190.0,0,0,a,c,"Mar,Jun,Sept,Dec"
10,2015-05-29,6073,1,0,0,0,3160.0,0,0,a,a,No_Promo2
57,2015-05-29,10602,1,0,0,0,420.0,0,0,d,c,No_Promo2
50,2015-05-29,4687,1,0,0,0,6260.0,0,0,d,a,No_Promo2
49,2015-05-29,7521,1,0,0,1,16160.0,0,0,d,c,No_Promo2
1115,2015-05-29,8037,1,0,1,0,5350.0,0,0,d,c,"Mar,Jun,Sept,Dec"
1086,2015-05-29,4890,1,0,1,0,180.0,0,0,a,a,"Feb,May,Aug,Nov"
85,2015-05-30,5958,1,0,0,0,1870.0,0,0,b,a,No_Promo2
71,2015-05-30,8606,1,0,1,0,16160.0,0,0,a,a,"Mar,Jun,Sept,Dec"
102,2015-05-30,7723,1,0,1,0,150.0,0,0,a,a,"Mar,Jun,Sept,Dec"
105,2015-05-30,3849,1,0,1,0,6190.0,0,0,a,c,"Mar,Jun,Sept,Dec"
10,2015-05-30,5419,1,0,0,0,3160.0,0,0,a,a,No_Promo2
57,2015-05-30,8666,1,0,0,0,420.0,0,0,d,c,No_Promo2
50,2015-05-30,5109,1,0,0,0,6260.0,0,0,d,a,No_Promo2
49,2015-05-30,9351,1,0,0,0,16160.0,0,0,d,c,No_Promo2
1115,2015-05-30,9228,1,0,1,0,5350.0,0,0,d,c,"Mar,Jun,Sept,Dec"
1086,2015-05-30,3854,1,0,1,0,180.0,0,0,a,a,"Feb,May,Aug,Nov"
85,2015-05-31,12040,1,0,0,0,1870.0,0,0,b,a,No_Promo2
71,2015-05-31,0,0,0,1,0,16160.0,0,0,a,a,"Mar,Jun,Sept,Dec"
102,2015-05-31,0,0,0,1,0,150.0,0,0,a,a,"Mar,Jun,Sept,Dec"
105,2015-05-31,0,0,0,1,0,6190.0,0,0,a,c,"Mar,Jun,Sept,Dec"
10,2015-05-31,0,0,0,0,0,3160.0,0,0,a,a,No_Promo2
57,2015-05-31,0,0,0,0,0,420.0,0,0,d,c,No_Promo2
50,2015-05-31,0,0,0,0,0,6260.0,0,0,d,a,No_Promo2
49,2015-05-31,0,0,0,0,0,16160.0,0,0,d,c,No_Promo2
1115,2015-05-31,0,0,0,1,0,5350.0,0,0,d,c,"Mar,Jun,Sept,Dec"
1086,2015-05-31,0,0,0,1,0,180.0,0,0,a,a,"Feb,May,Aug,Nov"
85,2015-06-01,9860,1,1,0,0,1870.0,0,0,b,a,No_Promo2
71,2015-06-01,11760,1,1,1,0,16160.0,0,0,a,a,"Mar,Jun,Sept,Dec"
102,2015-06-01,11555,1,1,1,0,150.0,0,0,a,a,"Mar,Jun,Sept,Dec"
105,2015-06-01,6365,1,1,1,1,6190.0,0,0,a,c,"Mar,Jun,Sept,Dec"
10,2015-06-01,7846,1,1,0,0,3160.0,0,0,a,a,No_Promo2
57,2015-06-01,15590,1,1,0,0,420.0,0,0,d,c,No_Promo2
50,2015-06-01,7980,1,1,0,0,6260.0,0,0,d,a,No_Promo2
49,2015-06-01,10729,1,1,0,1,16160.0,0,0,d,c,No_Promo2
1115,2015-06-01,8409,1,1,1,0,5350.0,0,0,d,c,"Mar,Jun,Sept,Dec"
1086,2015-06-01,11267,1,1,1,0,180.0,0,0,a,a,"Feb,May,Aug,Nov"
102,2015-06-02,9565,1,1,1,0,150.0,0,0,a,a,"Mar,Jun,Sept,Dec"
85,2015-06-02,8099,1,1,0,0,1870.0,0,0,b,a,No_Promo2
71,2015-06-02,10701,1,1,1,0,16160.0,0,0,a,a,"Mar,Jun,Sept,Dec"
105,2015-06-02,5337,1,1,1,1,6190.0,0,0,a,c,"Mar,Jun,Sept,Dec"
10,2015-06-02,7572,1,1,0,0,3160.0,0,0,a,a,No_Promo2
57,2015-06-02,11971,1,1,0,0,420.0,0,0,d,c,No_Promo2
49,2015-06-02,8071,1,1,0,1,16160.0,0,0,d,c,No_Promo2
50,2015-06-02,6327,1,1,0,0,6260.0,0,0,d,a,No_Promo2
1115,2015-06-02,9232,1,1,1,0,5350.0,0,0,d,c,"Mar,Jun,Sept,Dec"
1086,2015-06-02,8692,1,1,1,0,180.0,0,0,a,a,"Feb,May,Aug,Nov"
85,2015-06-03,9065,1,1,0,0,1870.0,0,0,b,a,No_Promo2
71,2015-06-03,12573,1,1,1,0,16160.0,0,0,a,a,"Mar,Jun,Sept,Dec"
102,2015-06-03,10162,1,1,1,0,150.0,0,0,a,a,"Mar,Jun,Sept,Dec"
105,2015-06-03,5523,1,1,1,1,6190.0,0,0,a,c,"Mar,Jun,Sept,Dec"
10,2015-06-03,6648,1,1,0,0,3160.0,0,0,a,a,No_Promo2
57,2015-06-03,10460,1,1,0,0,420.0,0,0,d,c,No_Promo2
50,2015-06-03,6217,1,1,0,0,6260.0,0,0,d,a,No_Promo2
49,2015-06-03,10154,1,1,0,1,16160.0,0,0,d,c,No_Promo2
1115,2015-06-03,9571,1,1,1,0,5350.0,0,0,d,c,"Mar,Jun,Sept,Dec"
1086,2015-06-03,8311,1,1,1,0,180.0,0,0,a,a,"Feb,May,Aug,Nov"
102,2015-06-04,0,0,1,1,0,150.0,0,a,a,a,"Mar,Jun,Sept,Dec"
85,2015-06-04,7352,1,1,0,0,1870.0,0,0,b,a,No_Promo2
105,2015-06-04,0,0,1,1,1,6190.0,0,a,a,c,"Mar,Jun,Sept,Dec"
71,2015-06-04,0,0,1,1,0,16160.0,0,a,a,a,"Mar,Jun,Sept,Dec"
10,2015-06-04,6486,1,1,0,0,3160.0,0,0,a,a,No_Promo2
57,2015-06-04,9301,1,1,0,0,420.0,0,a,d,c,No_Promo2
49,2015-06-04,0,0,1,0,1,16160.0,0,a,d,c,No_Promo2
50,2015-06-04,0,0,1,0,0,6260.0,0,a,d,a,No_Promo2
1115,2015-06-04,0,0,1,1,0,5350.0,0,a,d,c,"Mar,Jun,Sept,Dec"
1086,2015-06-04,0,0,1,1,0,180.0,0,a,a,a,"Feb,May,Aug,Nov"
85,2015-06-05,7349,1,1,0,0,1870.0,0,0,b,a,No_Promo2
71,2015-06-05,13785,1,1,1,0,16160.0,0,0,a,a,"Mar,Jun,Sept,Dec"
102,2015-06-05,10646,1,1,1,0,150.0,0,0,a,a,"Mar,Jun,Sept,Dec"
105,2015-06-05,7074,1,1,1,1,6190.0,0,0,a,c,"Mar,Jun,Sept,Dec"
10,2015-06-05,5828,1,1,0,0,3160.0,0,0,a,a,No_Promo2
57,2015-06-05,9099,1,1,0,0,420.0,0,0,d,c,No_Promo2
50,2015-06-05,7213,1,1,0,0,6260.0,0,0,d,a,No_Promo2
49,2015-06-05,10316,1,1,0,1,16160.0,0,0,d,c,No_Promo2
1086,2015-06-05,8299,1,1,1,0,180.0,0,0,a,a,"Feb,May,Aug,Nov"
1115,2015-06-05,11435,1,1,1,0,5350.0,0,0,d,c,"Mar,Jun,Sept,Dec"
85,2015-06-06,4996,1,0,0,0,1870.0,0,0,b,a,No_Promo2
71,2015-06-06,6951,1,0,1,0,16160.0,0,0,a,a,"Mar,Jun,Sept,Dec"
102,2015-06-06,6771,1,0,1,0,150.0,0,0,a,a,"Mar,Jun,Sept,Dec"
105,2015-06-06,3298,1,0,1,0,6190.0,0,0,a,c,"Mar,Jun,Sept,Dec"
10,2015-06-06,5087,1,0,0,0,3160.0,0,0,a,a,No_Promo2
57,2015-06-06,5654,1,0,0,0,420.0,0,0,d,c,No_Promo2
50,2015-06-06,4581,1,0,0,0,6260.0,0,0,d,a,No_Promo2
49,2015-06-06,7929,1,0,0,0,16160.0,0,0,d,c,No_Promo2
1086,2015-06-06,3703,1,0,1,0,180.0,0,0,a,a,"Feb,May,Aug,Nov"
1115,2015-06-06,6596,1,0,1,0,5350.0,0,0,d,c,"Mar,Jun,Sept,Dec"
85,2015-06-07,12728,1,0,0,0,1870.0,0,0,b,a,No_Promo2
71,2015-06-07,0,0,0,1,0,16160.0,0,0,a,a,"Mar,Jun,Sept,Dec"
102,2015-06-07,0,0,0,1,0,150.0,0,0,a,a,"Mar,Jun,Sept,Dec"
105,2015-06-07,0,0,0,1,0,6190.0,0,0,a,c,"Mar,Jun,Sept,Dec"
10,2015-06-07,0,0,0,0,0,3160.0,0,0,a,a,No_Promo2
57,2015-06-07,0,0,0,0,0,420.0,0,0,d,c,No_Promo2
50,2015-06-07,0,0,0,0,0,6260.0,0,0,d,a,No_Promo2
49,2015-06-07,0,0,0,0,0,16160.0,0,0,d,c,No_Promo2
1115,2015-06-07,0,0,0,1,0,5350.0,0,0,d,c,"Mar,Jun,Sept,Dec"
1086,2015-06-07,0,0,0,1,0,180.0,0,0,a,a,"Feb,May,Aug,Nov"
85,2015-06-08,6626,1,0,0,0,1870.0,0,0,b,a,No_Promo2
71,2015-06-08,7998,1,0,1,0,16160.0,0,0,a,a,"Mar,Jun,Sept,Dec"
102,2015-06-08,6425,1,0,1,0,150.0,0,0,a,a,"Mar,Jun,Sept,Dec"
105,2015-06-08,4661,1,0,1,0,6190.0,0,0,a,c,"Mar,Jun,Sept,Dec"
10,2015-06-08,6428,1,0,0,0,3160.0,0,0,a,a,No_Promo2
57,2015-06-08,8569,1,0,0,0,420.0,0,0,d,c,No_Promo2
50,2015-06-08,4023,1,0,0,0,6260.0,0,0,d,a,No_Promo2
49,2015-06-08,6876,1,0,0,0,16160.0,0,0,d,c,No_Promo2
1086,2015-06-08,4973,1,0,1,0,180.0,0,0,a,a,"Feb,May,Aug,Nov"
1115,2015-06-08,5920,1,0,1,0,5350.0,0,0,d,c,"Mar,Jun,Sept,Dec"
85,2015-06-09,6182,1,0,0,0,1870.0,0,0,b,a,No_Promo2
71,2015-06-09,8133,1,0,1,0,16160.0,0,0,a,a,"Mar,Jun,Sept,Dec"
102,2015-06-09,6941,1,0,1,0,150.0,0,0,a,a,"Mar,Jun,Sept,Dec"
105,2015-06-09,5154,1,0,1,0,6190.0,0,0,a,c,"Mar,Jun,Sept,Dec"
10,2015-06-09,5299,1,0,0,0,3160.0,0,0,a,a,No_Promo2
57,2015-06-09,6864,1,0,0,0,420.0,0,0,d,c,No_Promo2
50,2015-06-09,3855,1,0,0,0,6260.0,0,0,d,a,No_Promo2
49,2015-06-09,6299,1,0,0,0,16160.0,0,0,d,c,No_Promo2
1086,2015-06-09,4838,1,0,1,0,180.0,0,0,a,a,"Feb,May,Aug,Nov"
1115,2015-06-09,5119,1,0,1,0,5350.0,0,0,d,c,"Mar,Jun,Sept,Dec"
85,2015-06-10,5444,1,0,0,0,1870.0,0,0,b,a,No_Promo2
71,2015-06-10,7607,1,0,1,0,16160.0,0,0,a,a,"Mar,Jun,Sept,Dec"
102,2015-06-10,5741,1,0,1,0,150.0,0,0,a,a,"Mar,Jun,Sept,Dec"
105,2015-06-10,4647,1,0,1,0,6190.0,0,0,a,c,"Mar,Jun,Sept,Dec"
10,2015-06-10,5853,1,0,0,0,3160.0,0,0,a,a,No_Promo2
57,2015-06-10,7757,1,0,0,0,420.0,0,0,d,c,No_Promo2
50,2015-06-10,3245,1,0,0,0,6260.0,0,0,d,a,No_Promo2
49,2015-06-10,6242,1,0,0,0,16160.0,0,0,d,c,No_Promo2
1115,2015-06-10,4676,1,0,1,0,5350.0,0,0,d,c,"Mar,Jun,Sept,Dec"
1086,2015-06-10,4152,1,0,1,0,180.0,0,0,a,a,"Feb,May,Aug,Nov"
85,2015-06-11,5961,1,0,0,0,1870.0,0,0,b,a,No_Promo2
71,2015-06-11,7452,1,0,1,0,16160.0,0,0,a,a,"Mar,Jun,Sept,Dec"
102,2015-06-11,5678,1,0,1,0,150.0,0,0,a,a,"Mar,Jun,Sept,Dec"
105,2015-06-11,3925,1,0,1,0,6190.0,0,0,a,c,"Mar,Jun,Sept,Dec"
10,2015-06-11,5065,1,0,0,0,3160.0,0,0,a,a,No_Promo2
57,2015-06-11,7444,1,0,0,0,420.0,0,0,d,c,No_Promo2
50,2015-06-11,3456,1,0,0,0,6260.0,0,0,d,a,No_Promo2
49,2015-06-11,6027,1,0,0,0,16160.0,0,0,d,c,No_Promo2
1115,2015-06-11,5216,1,0,1,0,5350.0,0,0,d,c,"Mar,Jun,Sept,Dec"
1086,2015-06-11,4537,1,0,1,0,180.0,0,0,a,a,"Feb,May,Aug,Nov"
85,2015-06-12,6145,1,0,0,0,1870.0,0,0,b,a,No_Promo2
71,2015-06-12,7495,1,0,1,0,16160.0,0,0,a,a,"Mar,Jun,Sept,Dec"
102,2015-06-12,5128,1,0,1,0,150.0,0,0,a,a,"Mar,Jun,Sept,Dec"
105,2015-06-12,4640,1,0,1,0,6190.0,0,0,a,c,"Mar,Jun,Sept,Dec"
10,2015-06-12,5385,1,0,0,0,3160.0,0,0,a,a,No_Promo2
57,2015-06-12,7413,1,0,0,0,420.0,0,0,d,c,No_Promo2
50,2015-06-12,3048,1,0,0,0,6260.0,0,0,d,a,No_Promo2
49,2015-06-12,6448,1,0,0,0,16160.0,0,0,d,c,No_Promo2
1115,2015-06-12,5315,1,0,1,0,5350.0,0,0,d,c,"Mar,Jun,Sept,Dec"
1086,2015-06-12,4185,1,0,1,0,180.0,0,0,a,a,"Feb,May,Aug,Nov"
85,2015-06-13,4676,1,0,0,0,1870.0,0,0,b,a,No_Promo2
71,2015-06-13,6959,1,0,1,0,16160.0,0,0,a,a,"Mar,Jun,Sept,Dec"
102,2015-06-13,5886,1,0,1,0,150.0,0,0,a,a,"Mar,Jun,Sept,Dec"
105,2015-06-13,3575,1,0,1,0,6190.0,0,0,a,c,"Mar,Jun,Sept,Dec"
10,2015-06-13,5892,1,0,0,0,3160.0,0,0,a,a,No_Promo2
57,2015-06-13,5723,1,0,0,0,420.0,0,0,d,c,No_Promo2
50,2015-06-13,4303,1,0,0,0,6260.0,0,0,d,a,No_Promo2
49,2015-06-13,8136,1,0,0,0,16160.0,0,0,d,c,No_Promo2
1086,2015-06-13,3718,1,0,1,0,180.0,0,0,a,a,"Feb,May,Aug,Nov"
1115,2015-06-13,7736,1,0,1,0,5350.0,0,0,d,c,"Mar,Jun,Sept,Dec"
85,2015-06-14,12421,1,0,0,0,1870.0,0,0,b,a,No_Promo2
71,2015-06-14,0,0,0,1,0,16160.0,0,0,a,a,"Mar,Jun,Sept,Dec"
102,2015-06-14,0,0,0,1,0,150.0,0,0,a,a,"Mar,Jun,Sept,Dec"
105,2015-06-14,0,0,0,1,0,6190.0,0,0,a,c,"Mar,Jun,Sept,Dec"
10,2015-06-14,0,0,0,0,0,3160.0,0,0,a,a,No_Promo2
57,2015-06-14,0,0,0,0,0,420.0,0,0,d,c,No_Promo2
50,2015-06-14,0,0,0,0,0,6260.0,0,0,d,a,No_Promo2
49,2015-06-14,0,0,0,0,0,16160.0,0,0,d,c,No_Promo2
1115,2015-06-14,0,0,0,1,0,5350.0,0,0,d,c,"Mar,Jun,Sept,Dec"
1086,2015-06-14,0,0,0,1,0,180.0,0,0,a,a,"Feb,May,Aug,Nov"
85,2015-06-15,8961,1,1,0,0,1870.0,0,0,b,a,No_Promo2
71,2015-06-15,14359,1,1,1,0,16160.0,0,0,a,a,"Mar,Jun,Sept,Dec"
102,2015-06-15,11750,1,1,1,0,150.0,0,0,a,a,"Mar,Jun,Sept,Dec"
105,2015-06-15,8358,1,1,1,0,6190.0,0,0,a,c,"Mar,Jun,Sept,Dec"
10,2015-06-15,7902,1,1,0,0,3160.0,0,0,a,a,No_Promo2
57,2015-06-15,15677,1,1,0,0,420.0,0,0,d,c,No_Promo2
50,2015-06-15,7510,1,1,0,0,6260.0,0,0,d,a,No_Promo2
49,2015-06-15,10422,1,1,0,0,16160.0,0,0,d,c,No_Promo2
1115,2015-06-15,10853,1,1,1,0,5350.0,0,0,d,c,"Mar,Jun,Sept,Dec"
1086,2015-06-15,11012,1,1,1,0,180.0,0,0,a,a,"Feb,May,Aug,Nov"
85,2015-06-16,7425,1,1,0,0,1870.0,0,0,b,a,No_Promo2
71,2015-06-16,11860,1,1,1,0,16160.0,0,0,a,a,"Mar,Jun,Sept,Dec"
102,2015-06-16,9318,1,1,1,0,150.0,0,0,a,a,"Mar,Jun,Sept,Dec"
105,2015-06-16,6480,1,1,1,0,6190.0,0,0,a,c,"Mar,Jun,Sept,Dec"
10,2015-06-16,6681,1,1,0,0,3160.0,0,0,a,a,No_Promo2
57,2015-06-16,11734,1,1,0,0,420.0,0,0,d,c,No_Promo2
50,2015-06-16,5090,1,1,0,0,6260.0,0,0,d,a,No_Promo2
49,2015-06-16,8892,1,1,0,0,16160.0,0,0,d,c,No_Promo2
1115,2015-06-16,7860,1,1,1,0,5350.0,0,0,d,c,"Mar,Jun,Sept,Dec"
1086,2015-06-16,8444,1,1,1,0,180.0,0,0,a,a,"Feb,May,Aug,Nov"
85,2015-06-17,6809,1,1,0,0,1870.0,0,0,b,a,No_Promo2
71,2015-06-17,10307,1,1,1,0,16160.0,0,0,a,a,"Mar,Jun,Sept,Dec"
102,2015-06-17,8412,1,1,1,0,150.0,0,0,a,a,"Mar,Jun,Sept,Dec"
105,2015-06-17,5887,1,1,1,0,6190.0,0,0,a,c,"Mar,Jun,Sept,Dec"
10,2015-06-17,6338,1,1,0,0,3160.0,0,0,a,a,No_Promo2
57,2015-06-17,9884,1,1,0,0,420.0,0,0,d,c,No_Promo2
50,2015-06-17,4485,1,1,0,0,6260.0,0,0,d,a,No_Promo2
49,2015-06-17,7977,1,1,0,0,16160.0,0,0,d,c,No_Promo2
1115,2015-06-17,8423,1,1,1,0,5350.0,0,0,d,c,"Mar,Jun,Sept,Dec"
1086,2015-06-17,6581,1,1,1,0,180.0,0,0,a,a,"Feb,May,Aug,Nov"
85,2015-06-18,6745,1,1,0,0,1870.0,0,0,b,a,No_Promo2
71,2015-06-18,10215,1,1,1,0,16160.0,0,0,a,a,"Mar,Jun,Sept,Dec"
102,2015-06-18,7126,1,1,1,0,150.0,0,0,a,a,"Mar,Jun,Sept,Dec"
105,2015-06-18,4657,1,1,1,0,6190.0,0,0,a,c,"Mar,Jun,Sept,Dec"
10,2015-06-18,5829,1,1,0,0,3160.0,0,0,a,a,No_Promo2
57,2015-06-18,10350,1,1,0,0,420.0,0,0,d,c,No_Promo2
50,2015-06-18,5401,1,1,0,0,6260.0,0,0,d,a,No_Promo2
49,2015-06-18,7760,1,1,0,0,16160.0,0,0,d,c,No_Promo2
1115,2015-06-18,7495,1,1,1,0,5350.0,0,0,d,c,"Mar,Jun,Sept,Dec"
1086,2015-06-18,6530,1,1,1,0,180.0,0,0,a,a,"Feb,May,Aug,Nov"
85,2015-06-19,6796,1,1,0,0,1870.0,0,0,b,a,No_Promo2
71,2015-06-19,9988,1,1,1,0,16160.0,0,0,a,a,"Mar,Jun,Sept,Dec"
102,2015-06-19,6932,1,1,1,0,150.0,0,0,a,a,"Mar,Jun,Sept,Dec"
105,2015-06-19,6249,1,1,1,0,6190.0,0,0,a,c,"Mar,Jun,Sept,Dec"
10,2015-06-19,6191,1,1,0,0,3160.0,0,0,a,a,No_Promo2
57,2015-06-19,9065,1,1,0,0,420.0,0,0,d,c,No_Promo2
50,2015-06-19,4837,1,1,0,0,6260.0,0,0,d,a,No_Promo2
49,2015-06-19,8387,1,1,0,0,16160.0,0,0,d,c,No_Promo2
1115,2015-06-19,8291,1,1,1,0,5350.0,0,0,d,c,"Mar,Jun,Sept,Dec"
1086,2015-06-19,6153,1,1,1,0,180.0,0,0,a,a,"Feb,May,Aug,Nov"
71,2015-06-20,7113,1,0,1,0,16160.0,0,0,a,a,"Mar,Jun,Sept,Dec"
85,2015-06-20,4615,1,0,0,0,1870.0,0,0,b,a,No_Promo2
102,2015-06-20,5787,1,0,1,0,150.0,0,0,a,a,"Mar,Jun,Sept,Dec"
105,2015-06-20,3457,1,0,1,0,6190.0,0,0,a,c,"Mar,Jun,Sept,Dec"
10,2015-06-20,4736,1,0,0,0,3160.0,0,0,a,a,No_Promo2
57,2015-06-20,6080,1,0,0,0,420.0,0,0,d,c,No_Promo2
50,2015-06-20,4189,1,0,0,0,6260.0,0,0,d,a,No_Promo2
49,2015-06-20,6785,1,0,0,0,16160.0,0,0,d,c,No_Promo2
1115,2015-06-20,7824,1,0,1,0,5350.0,0,0,d,c,"Mar,Jun,Sept,Dec"
1086,2015-06-20,3976,1,0,1,0,180.0,0,0,a,a,"Feb,May,Aug,Nov"
85,2015-06-21,11522,1,0,0,0,1870.0,0,0,b,a,No_Promo2
71,2015-06-21,0,0,0,1,0,16160.0,0,0,a,a,"Mar,Jun,Sept,Dec"
102,2015-06-21,0,0,0,1,0,150.0,0,0,a,a,"Mar,Jun,Sept,Dec"
105,2015-06-21,0,0,0,1,0,6190.0,0,0,a,c,"Mar,Jun,Sept,Dec"
10,2015-06-21,0,0,0,0,0,3160.0,0,0,a,a,No_Promo2
57,2015-06-21,0,0,0,0,0,420.0,0,0,d,c,No_Promo2
50,2015-06-21,0,0,0,0,0,6260.0,0,0,d,a,No_Promo2
49,2015-06-21,0,0,0,0,0,16160.0,0,0,d,c,No_Promo2
1086,2015-06-21,0,0,0,1,0,180.0,0,0,a,a,"Feb,May,Aug,Nov"
1115,2015-06-21,0,0,0,1,0,5350.0,0,0,d,c,"Mar,Jun,Sept,Dec"
85,2015-06-22,5944,1,0,0,0,1870.0,0,0,b,a,No_Promo2
71,2015-06-22,7875,1,0,1,0,16160.0,0,0,a,a,"Mar,Jun,Sept,Dec"
102,2015-06-22,4896,1,0,1,0,150.0,0,0,a,a,"Mar,Jun,Sept,Dec"
105,2015-06-22,4837,1,0,1,0,6190.0,0,0,a,c,"Mar,Jun,Sept,Dec"
10,2015-06-22,4264,1,0,0,0,3160.0,0,0,a,a,No_Promo2
57,2015-06-22,6870,1,0,0,0,420.0,0,0,d,c,No_Promo2
50,2015-06-22,2901,1,0,0,0,6260.0,0,0,d,a,No_Promo2
49,2015-06-22,5562,1,0,0,0,16160.0,0,0,d,c,No_Promo2
1115,2015-06-22,5096,1,0,1,0,5350.0,0,0,d,c,"Mar,Jun,Sept,Dec"
1086,2015-06-22,4510,1,0,1,0,180.0,0,0,a,a,"Feb,May,Aug,Nov"
102,2015-06-23,5270,1,0,1,0,150.0,0,0,a,a,"Mar,Jun,Sept,Dec"
85,2015-06-23,6086,1,0,0,0,1870.0,0,0,b,a,No_Promo2
71,2015-06-23,8006,1,0,1,0,16160.0,0,0,a,a,"Mar,Jun,Sept,Dec"
105,2015-06-23,4259,1,0,1,0,6190.0,0,0,a,c,"Mar,Jun,Sept,Dec"
10,2015-06-23,5244,1,0,0,0,3160.0,0,0,a,a,No_Promo2
57,2015-06-23,6212,1,0,0,0,420.0,0,0,d,c,No_Promo2
49,2015-06-23,5629,1,0,0,0,16160.0,0,0,d,c,No_Promo2
50,2015-06-23,2971,1,0,0,0,6260.0,0,0,d,a,No_Promo2
1086,2015-06-23,3664,1,0,1,0,180.0,0,0,a,a,"Feb,May,Aug,Nov"
1115,2015-06-23,5157,1,0,1,0,5350.0,0,0,d,c,"Mar,Jun,Sept,Dec"
71,2015-06-24,7097,1,0,1,0,16160.0,0,0,a,a,"Mar,Jun,Sept,Dec"
85,2015-06-24,6067,1,0,0,0,1870.0,0,0,b,a,No_Promo2
102,2015-06-24,5524,1,0,1,0,150.0,0,0,a,a,"Mar,Jun,Sept,Dec"
105,2015-06-24,4031,1,0,1,0,6190.0,0,0,a,c,"Mar,Jun,Sept,Dec"
10,2015-06-24,4896,1,0,0,0,3160.0,0,0,a,a,No_Promo2
57,2015-06-24,6938,1,0,0,0,420.0,0,0,d,c,No_Promo2
50,2015-06-24,3249,1,0,0,0,6260.0,0,0,d,a,No_Promo2
49,2015-06-24,6216,1,0,0,0,16160.0,0,0,d,c,No_Promo2
1086,2015-06-24,4255,1,0,1,0,180.0,0,0,a,a,"Feb,May,Aug,Nov"
1115,2015-06-24,5463,1,0,1,0,5350.0,0,0,d,c,"Mar,Jun,Sept,Dec"
85,2015-06-25,5968,1,0,0,0,1870.0,0,0,b,a,No_Promo2
71,2015-06-25,6970,1,0,1,0,16160.0,0,0,a,a,"Mar,Jun,Sept,Dec"
102,2015-06-25,4655,1,0,1,0,150.0,0,0,a,a,"Mar,Jun,Sept,Dec"
105,2015-06-25,4533,1,0,1,0,6190.0,0,0,a,c,"Mar,Jun,Sept,Dec"
10,2015-06-25,5018,1,0,0,0,3160.0,0,0,a,a,No_Promo2
57,2015-06-25,7513,1,0,0,0,420.0,0,0,d,c,No_Promo2
50,2015-06-25,3064,1,0,0,0,6260.0,0,0,d,a,No_Promo2
49,2015-06-25,5917,1,0,0,0,16160.0,0,0,d,c,No_Promo2
1086,2015-06-25,4342,1,0,1,0,180.0,0,0,a,a,"Feb,May,Aug,Nov"
1115,2015-06-25,5015,1,0,1,0,5350.0,0,0,d,c,"Mar,Jun,Sept,Dec"
71,2015-06-26,6973,1,0,1,0,16160.0,0,0,a,a,"Mar,Jun,Sept,Dec"
85,2015-06-26,5524,1,0,0,0,1870.0,0,0,b,a,No_Promo2
102,2015-06-26,4921,1,0,1,0,150.0,0,0,a,a,"Mar,Jun,Sept,Dec"
105,2015-06-26,4788,1,0,1,0,6190.0,0,0,a,c,"Mar,Jun,Sept,Dec"
10,2015-06-26,4771,1,0,0,0,3160.0,0,0,a,a,No_Promo2
57,2015-06-26,6964,1,0,0,0,420.0,0,0,d,c,No_Promo2
50,2015-06-26,3858,1,0,0,0,6260.0,0,0,d,a,No_Promo2
49,2015-06-26,7700,1,0,0,0,16160.0,0,0,d,c,No_Promo2
1115,2015-06-26,5549,1,0,1,0,5350.0,0,0,d,c,"Mar,Jun,Sept,Dec"
1086,2015-06-26,4003,1,0,1,0,180.0,0,0,a,a,"Feb,May,Aug,Nov"
85,2015-06-27,5339,1,0,0,0,1870.0,0,0,b,a,No_Promo2
71,2015-06-27,6428,1,0,1,0,16160.0,0,0,a,a,"Mar,Jun,Sept,Dec"
102,2015-06-27,5535,1,0,1,0,150.0,0,0,a,a,"Mar,Jun,Sept,Dec"
105,2015-06-27,2974,1,0,1,0,6190.0,0,0,a,c,"Mar,Jun,Sept,Dec"
10,2015-06-27,4595,1,0,0,0,3160.0,0,0,a,a,No_Promo2
57,2015-06-27,5787,1,0,0,0,420.0,0,0,d,c,No_Promo2
50,2015-06-27,4870,1,0,0,0,6260.0,0,0,d,a,No_Promo2
49,2015-06-27,7569,1,0,0,0,16160.0,0,0,d,c,No_Promo2
1086,2015-06-27,3079,1,0,1,0,180.0,0,0,a,a,"Feb,May,Aug,Nov"
1115,2015-06-27,6676,1,0,1,0,5350.0,0,0,d,c,"Mar,Jun,Sept,Dec"
85,2015-06-28,11055,1,0,0,0,1870.0,0,0,b,a,No_Promo2
71,2015-06-28,0,0,0,1,0,16160.0,0,0,a,a,"Mar,Jun,Sept,Dec"
102,2015-06-28,0,0,0,1,0,150.0,0,0,a,a,"Mar,Jun,Sept,Dec"
105,2015-06-28,0,0,0,1,0,6190.0,0,0,a,c,"Mar,Jun,Sept,Dec"
10,2015-06-28,0,0,0,0,0,3160.0,0,0,a,a,No_Promo2
57,2015-06-28,0,0,0,0,0,420.0,0,0,d,c,No_Promo2
50,2015-06-28,0,0,0,0,0,6260.0,0,0,d,a,No_Promo2
49,2015-06-28,0,0,0,0,0,16160.0,0,0,d,c,No_Promo2
1086,2015-06-28,0,0,0,1,0,180.0,0,0,a,a,"Feb,May,Aug,Nov"
1115,2015-06-28,0,0,0,1,0,5350.0,0,0,d,c,"Mar,Jun,Sept,Dec"
85,2015-06-29,8833,1,1,0,0,1870.0,0,0,b,a,No_Promo2
71,2015-06-29,15224,1,1,1,1,16160.0,0,0,a,a,"Mar,Jun,Sept,Dec"
102,2015-06-29,12311,1,1,1,1,150.0,0,0,a,a,"Mar,Jun,Sept,Dec"
105,2015-06-29,8517,1,1,1,0,6190.0,0,0,a,c,"Mar,Jun,Sept,Dec"
10,2015-06-29,8057,1,1,0,0,3160.0,0,0,a,a,No_Promo2
57,2015-06-29,13545,1,1,0,0,420.0,0,0,d,c,No_Promo2
50,2015-06-29,7372,1,1,0,0,6260.0,0,0,d,a,No_Promo2
49,2015-06-29,10957,1,1,0,0,16160.0,0,0,d,c,No_Promo2
1115,2015-06-29,11006,1,1,1,0,5350.0,0,0,d,c,"Mar,Jun,Sept,Dec"
1086,2015-06-29,10321,1,1,1,0,180.0,0,0,a,a,"Feb,May,Aug,Nov"
85,2015-06-30,8471,1,1,0,0,1870.0,0,0,b,a,No_Promo2
71,2015-06-30,13171,1,1,1,1,16160.0,0,0,a,a,"Mar,Jun,Sept,Dec"
102,2015-06-30,13419,1,1,1,1,150.0,0,0,a,a,"Mar,Jun,Sept,Dec"
105,2015-06-30,7573,1,1,1,0,6190.0,0,0,a,c,"Mar,Jun,Sept,Dec"
10,2015-06-30,8565,1,1,0,0,3160.0,0,0,a,a,No_Promo2
57,2015-06-30,11913,1,1,0,0,420.0,0,0,d,c,No_Promo2
50,2015-06-30,6242,1,1,0,0,6260.0,0,0,d,a,No_Promo2
49,2015-06-30,9756,1,1,0,0,16160.0,0,0,d,c,No_Promo2
1115,2015-06-30,8610,1,1,1,0,5350.0,0,0,d,c,"Mar,Jun,Sept,Dec"
1086,2015-06-30,9276,1,1,1,0,180.0,0,0,a,a,"Feb,May,Aug,Nov"
85,2015-07-01,7820,1,1,0,0,1870.0,0,0,b,a,No_Promo2
71,2015-07-01,11837,1,1,1,1,16160.0,0,0,a,a,"Mar,Jun,Sept,Dec"
102,2015-07-01,9000,1,1,1,1,150.0,0,0,a,a,"Mar,Jun,Sept,Dec"
105,2015-07-01,6129,1,1,1,0,6190.0,0,0,a,c,"Mar,Jun,Sept,Dec"
10,2015-07-01,7896,1,1,0,0,3160.0,0,0,a,a,No_Promo2
57,2015-07-01,10644,1,1,0,0,420.0,0,0,d,c,No_Promo2
50,2015-07-01,5760,1,1,0,0,6260.0,0,0,d,a,No_Promo2
49,2015-07-01,8451,1,1,0,0,16160.0,0,0,d,c,No_Promo2
1115,2015-07-01,7701,1,1,1,0,5350.0,0,0,d,c,"Mar,Jun,Sept,Dec"
1086,2015-07-01,7589,1,1,1,0,180.0,0,0,a,a,"Feb,May,Aug,Nov"
85,2015-07-02,7553,1,1,0,0,1870.0,0,0,b,a,No_Promo2
71,2015-07-02,8829,1,1,1,1,16160.0,0,0,a,a,"Mar,Jun,Sept,Dec"
102,2015-07-02,7985,1,1,1,1,150.0,0,0,a,a,"Mar,Jun,Sept,Dec"
105,2015-07-02,5347,1,1,1,0,6190.0,0,0,a,c,"Mar,Jun,Sept,Dec"
10,2015-07-02,6317,1,1,0,0,3160.0,0,0,a,a,No_Promo2
57,2015-07-02,9709,1,1,0,0,420.0,0,0,d,c,No_Promo2
50,2015-07-02,4279,1,1,0,0,6260.0,0,0,d,a,No_Promo2
49,2015-07-02,8095,1,1,0,0,16160.0,0,0,d,c,No_Promo2
1115,2015-07-02,6858,1,1,1,0,5350.0,0,0,d,c,"Mar,Jun,Sept,Dec"
1086,2015-07-02,7410,1,1,1,0,180.0,0,0,a,a,"Feb,May,Aug,Nov"
102,2015-07-03,7194,1,1,1,1,150.0,0,0,a,a,"Mar,Jun,Sept,Dec"
85,2015-07-03,8581,1,1,0,0,1870.0,0,0,b,a,No_Promo2
71,2015-07-03,10501,1,1,1,1,16160.0,0,0,a,a,"Mar,Jun,Sept,Dec"
105,2015-07-03,6329,1,1,1,0,6190.0,0,0,a,c,"Mar,Jun,Sept,Dec"
10,2015-07-03,5915,1,1,0,0,3160.0,0,0,a,a,No_Promo2
57,2015-07-03,9143,1,1,0,0,420.0,0,0,d,c,No_Promo2
49,2015-07-03,8214,1,1,0,0,16160.0,0,0,d,c,No_Promo2
50,2015-07-03,4439,1,1,0,0,6260.0,0,0,d,a,No_Promo2
1115,2015-07-03,7412,1,1,1,0,5350.0,0,0,d,c,"Mar,Jun,Sept,Dec"
1086,2015-07-03,6652,1,1,1,0,180.0,0,0,a,a,"Feb,May,Aug,Nov"
85,2015-07-04,5347,1,0,0,0,1870.0,0,0,b,a,No_Promo2
71,2015-07-04,6548,1,0,1,0,16160.0,0,0,a,a,"Mar,Jun,Sept,Dec"
102,2015-07-04,4712,1,0,1,0,150.0,0,0,a,a,"Mar,Jun,Sept,Dec"
105,2015-07-04,3861,1,0,1,0,6190.0,0,0,a,c,"Mar,Jun,Sept,Dec"
10,2015-07-04,5120,1,0,0,0,3160.0,0,0,a,a,No_Promo2
57,2015-07-04,5324,1,0,0,0,420.0,0,0,d,c,No_Promo2
50,2015-07-04,4186,1,0,0,0,6260.0,0,0,d,a,No_Promo2
49,2015-07-04,7578,1,0,0,0,16160.0,0,0,d,c,No_Promo2
1086,2015-07-04,2900,1,0,1,0,180.0,0,0,a,a,"Feb,May,Aug,Nov"
1115,2015-07-04,6543,1,0,1,0,5350.0,0,0,d,c,"Mar,Jun,Sept,Dec"
85,2015-07-05,12070,1,0,0,0,1870.0,0,0,b,a,No_Promo2
71,2015-07-05,0,0,0,1,0,16160.0,0,0,a,a,"Mar,Jun,Sept,Dec"
102,2015-07-05,0,0,0,1,0,150.0,0,0,a,a,"Mar,Jun,Sept,Dec"
105,2015-07-05,0,0,0,1,0,6190.0,0,0,a,c,"Mar,Jun,Sept,Dec"
10,2015-07-05,0,0,0,0,0,3160.0,0,0,a,a,No_Promo2
57,2015-07-05,0,0,0,0,0,420.0,0,0,d,c,No_Promo2
50,2015-07-05,0,0,0,0,0,6260.0,0,0,d,a,No_Promo2
49,2015-07-05,0,0,0,0,0,16160.0,0,0,d,c,No_Promo2
1115,2015-07-05,0,0,0,1,0,5350.0,0,0,d,c,"Mar,Jun,Sept,Dec"
1086,2015-07-05,0,0,0,1,0,180.0,0,0,a,a,"Feb,May,Aug,Nov"
85,2015-07-06,6584,1,0,0,0,1870.0,0,0,b,a,No_Promo2
71,2015-07-06,8449,1,0,1,1,16160.0,0,0,a,a,"Mar,Jun,Sept,Dec"
102,2015-07-06,8156,1,0,1,1,150.0,0,0,a,a,"Mar,Jun,Sept,Dec"
105,2015-07-06,4869,1,0,1,0,6190.0,0,0,a,c,"Mar,Jun,Sept,Dec"
10,2015-07-06,6143,1,0,0,0,3160.0,0,0,a,a,No_Promo2
57,2015-07-06,8363,1,0,0,0,420.0,0,0,d,c,No_Promo2
50,2015-07-06,3815,1,0,0,0,6260.0,0,0,d,a,No_Promo2
49,2015-07-06,6660,1,0,0,0,16160.0,0,0,d,c,No_Promo2
1115,2015-07-06,6501,1,0,1,0,5350.0,0,0,d,c,"Mar,Jun,Sept,Dec"
1086,2015-07-06,4766,1,0,1,0,180.0,0,0,a,a,"Feb,May,Aug,Nov"
85,2015-07-07,5215,1,0,0,0,1870.0,0,0,b,a,No_Promo2
71,2015-07-07,7128,1,0,1,1,16160.0,0,0,a,a,"Mar,Jun,Sept,Dec"
102,2015-07-07,5397,1,0,1,1,150.0,0,0,a,a,"Mar,Jun,Sept,Dec"
105,2015-07-07,3912,1,0,1,0,6190.0,0,0,a,c,"Mar,Jun,Sept,Dec"
10,2015-07-07,5476,1,0,0,0,3160.0,0,0,a,a,No_Promo2
57,2015-07-07,7383,1,0,0,0,420.0,0,0,d,c,No_Promo2
50,2015-07-07,3700,1,0,0,0,6260.0,0,0,d,a,No_Promo2
49,2015-07-07,5594,1,0,0,0,16160.0,0,0,d,c,No_Promo2
1115,2015-07-07,5138,1,0,1,0,5350.0,0,0,d,c,"Mar,Jun,Sept,Dec"
1086,2015-07-07,3790,1,0,1,0,180.0,0,0,a,a,"Feb,May,Aug,Nov"
85,2015-07-08,6705,1,0,0,0,1870.0,0,0,b,a,No_Promo2
71,2015-07-08,7523,1,0,1,1,16160.0,0,0,a,a,"Mar,Jun,Sept,Dec"
102,2015-07-08,5927,1,0,1,1,150.0,0,0,a,a,"Mar,Jun,Sept,Dec"
105,2015-07-08,4756,1,0,1,0,6190.0,0,0,a,c,"Mar,Jun,Sept,Dec"
10,2015-07-08,4865,1,0,0,0,3160.0,0,0,a,a,No_Promo2
57,2015-07-08,7620,1,0,0,0,420.0,0,0,d,c,No_Promo2
50,2015-07-08,4162,1,0,0,0,6260.0,0,0,d,a,No_Promo2
49,2015-07-08,6968,1,0,0,0,16160.0,0,0,d,c,No_Promo2
1115,2015-07-08,5900,1,0,1,0,5350.0,0,0,d,c,"Mar,Jun,Sept,Dec"
1086,2015-07-08,5192,1,0,1,0,180.0,0,0,a,a,"Feb,May,Aug,Nov"
85,2015-07-09,5766,1,0,0,0,1870.0,0,0,b,a,No_Promo2
71,2015-07-09,7277,1,0,1,1,16160.0,0,0,a,a,"Mar,Jun,Sept,Dec"
102,2015-07-09,5465,1,0,1,1,150.0,0,0,a,a,"Mar,Jun,Sept,Dec"
105,2015-07-09,4554,1,0,1,0,6190.0,0,0,a,c,"Mar,Jun,Sept,Dec"
10,2015-07-09,4871,1,0,0,0,3160.0,0,0,a,a,No_Promo2
57,2015-07-09,8483,1,0,0,0,420.0,0,0,d,c,No_Promo2
50,2015-07-09,3565,1,0,0,0,6260.0,0,0,d,a,No_Promo2
49,2015-07-09,6461,1,0,0,0,16160.0,0,0,d,c,No_Promo2
1115,2015-07-09,5686,1,0,1,0,5350.0,0,0,d,c,"Mar,Jun,Sept,Dec"
1086,2015-07-09,5008,1,0,1,0,180.0,0,0,a,a,"Feb,May,Aug,Nov"
85,2015-07-10,6471,1,0,0,0,1870.0,0,0,b,a,No_Promo2
71,2015-07-10,7333,1,0,1,1,16160.0,0,0,a,a,"Mar,Jun,Sept,Dec"
102,2015-07-10,5972,1,0,1,1,150.0,0,0,a,a,"Mar,Jun,Sept,Dec"
105,2015-07-10,4513,1,0,1,0,6190.0,0,0,a,c,"Mar,Jun,Sept,Dec"
10,2015-07-10,5747,1,0,0,0,3160.0,0,0,a,a,No_Promo2
57,2015-07-10,8063,1,0,0,0,420.0,0,0,d,c,No_Promo2
50,2015-07-10,3780,1,0,0,0,6260.0,0,0,d,a,No_Promo2
49,2015-07-10,7894,1,0,0,0,16160.0,0,0,d,c,No_Promo2
1086,2015-07-10,4563,1,0,1,0,180.0,0,0,a,a,"Feb,May,Aug,Nov"
1115,2015-07-10,5844,1,0,1,0,5350.0,0,0,d,c,"Mar,Jun,Sept,Dec"
85,2015-07-11,5383,1,0,0,0,1870.0,0,0,b,a,No_Promo2
71,2015-07-11,6238,1,0,1,0,16160.0,0,0,a,a,"Mar,Jun,Sept,Dec"
102,2015-07-11,5330,1,0,1,0,150.0,0,0,a,a,"Mar,Jun,Sept,Dec"
105,2015-07-11,3320,1,0,1,0,6190.0,0,0,a,c,"Mar,Jun,Sept,Dec"
10,2015-07-11,4636,1,0,0,0,3160.0,0,0,a,a,No_Promo2
57,2015-07-11,5994,1,0,0,0,420.0,0,0,d,c,No_Promo2
50,2015-07-11,3578,1,0,0,0,6260.0,0,0,d,a,No_Promo2
49,2015-07-11,7221,1,0,0,0,16160.0,0,0,d,c,No_Promo2
1086,2015-07-11,3925,1,0,1,0,180.0,0,0,a,a,"Feb,May,Aug,Nov"
1115,2015-07-11,7164,1,0,1,0,5350.0,0,0,d,c,"Mar,Jun,Sept,Dec"
85,2015-07-12,13183,1,0,0,0,1870.0,0,0,b,a,No_Promo2
71,2015-07-12,0,0,0,1,0,16160.0,0,0,a,a,"Mar,Jun,Sept,Dec"
102,2015-07-12,0,0,0,1,0,150.0,0,0,a,a,"Mar,Jun,Sept,Dec"
105,2015-07-12,0,0,0,1,0,6190.0,0,0,a,c,"Mar,Jun,Sept,Dec"
10,2015-07-12,0,0,0,0,0,3160.0,0,0,a,a,No_Promo2
57,2015-07-12,0,0,0,0,0,420.0,0,0,d,c,No_Promo2
50,2015-07-12,0,0,0,0,0,6260.0,0,0,d,a,No_Promo2
49,2015-07-12,0,0,0,0,0,16160.0,0,0,d,c,No_Promo2
1115,2015-07-12,0,0,0,1,0,5350.0,0,0,d,c,"Mar,Jun,Sept,Dec"
1086,2015-07-12,0,0,0,1,0,180.0,0,0,a,a,"Feb,May,Aug,Nov"
85,2015-07-13,9198,1,1,0,0,1870.0,0,0,b,a,No_Promo2
71,2015-07-13,13280,1,1,1,1,16160.0,0,0,a,a,"Mar,Jun,Sept,Dec"
102,2015-07-13,10030,1,1,1,1,150.0,0,0,a,a,"Mar,Jun,Sept,Dec"
105,2015-07-13,7676,1,1,1,0,6190.0,0,0,a,c,"Mar,Jun,Sept,Dec"
10,2015-07-13,6757,1,1,0,0,3160.0,0,0,a,a,No_Promo2
57,2015-07-13,14624,1,1,0,1,420.0,0,0,d,c,No_Promo2
50,2015-07-13,7614,1,1,0,0,6260.0,0,0,d,a,No_Promo2
49,2015-07-13,10338,1,1,0,0,16160.0,0,0,d,c,No_Promo2
1115,2015-07-13,10598,1,1,1,0,5350.0,0,0,d,c,"Mar,Jun,Sept,Dec"
1086,2015-07-13,10686,1,1,1,0,180.0,0,0,a,a,"Feb,May,Aug,Nov"
85,2015-07-14,7626,1,1,0,0,1870.0,0,0,b,a,No_Promo2
71,2015-07-14,10992,1,1,1,1,16160.0,0,0,a,a,"Mar,Jun,Sept,Dec"
102,2015-07-14,8337,1,1,1,1,150.0,0,0,a,a,"Mar,Jun,Sept,Dec"
105,2015-07-14,6288,1,1,1,0,6190.0,0,0,a,c,"Mar,Jun,Sept,Dec"
10,2015-07-14,7491,1,1,0,0,3160.0,0,0,a,a,No_Promo2
57,2015-07-14,9956,1,1,0,1,420.0,0,0,d,c,No_Promo2
50,2015-07-14,5321,1,1,0,0,6260.0,0,0,d,a,No_Promo2
49,2015-07-14,8814,1,1,0,0,16160.0,0,0,d,c,No_Promo2
1115,2015-07-14,7562,1,1,1,0,5350.0,0,0,d,c,"Mar,Jun,Sept,Dec"
1086,2015-07-14,8217,1,1,1,0,180.0,0,0,a,a,"Feb,May,Aug,Nov"
85,2015-07-15,7476,1,1,0,0,1870.0,0,0,b,a,No_Promo2
71,2015-07-15,9977,1,1,1,1,16160.0,0,0,a,a,"Mar,Jun,Sept,Dec"
102,2015-07-15,8787,1,1,1,1,150.0,0,0,a,a,"Mar,Jun,Sept,Dec"
105,2015-07-15,6439,1,1,1,0,6190.0,0,0,a,c,"Mar,Jun,Sept,Dec"
10,2015-07-15,6423,1,1,0,0,3160.0,0,0,a,a,No_Promo2
57,2015-07-15,10987,1,1,0,1,420.0,0,0,d,c,No_Promo2
50,2015-07-15,4535,1,1,0,0,6260.0,0,0,d,a,No_Promo2
49,2015-07-15,7647,1,1,0,0,16160.0,0,0,d,c,No_Promo2
1115,2015-07-15,6039,1,1,1,0,5350.0,0,0,d,c,"Mar,Jun,Sept,Dec"
1086,2015-07-15,7021,1,1,1,0,180.0,0,0,a,a,"Feb,May,Aug,Nov"
85,2015-07-16,6985,1,1,0,1,1870.0,0,0,b,a,No_Promo2
71,2015-07-16,9432,1,1,1,1,16160.0,0,0,a,a,"Mar,Jun,Sept,Dec"
102,2015-07-16,8389,1,1,1,1,150.0,0,0,a,a,"Mar,Jun,Sept,Dec"
105,2015-07-16,5261,1,1,1,0,6190.0,0,0,a,c,"Mar,Jun,Sept,Dec"
10,2015-07-16,6275,1,1,0,0,3160.0,0,0,a,a,No_Promo2
57,2015-07-16,9756,1,1,0,1,420.0,0,0,d,c,No_Promo2
50,2015-07-16,5032,1,1,0,0,6260.0,0,0,d,a,No_Promo2
49,2015-07-16,7847,1,1,0,0,16160.0,0,0,d,c,No_Promo2
1115,2015-07-16,6590,1,1,1,0,5350.0,0,0,d,c,"Mar,Jun,Sept,Dec"
1086,2015-07-16,6250,1,1,1,0,180.0,0,0,a,a,"Feb,May,Aug,Nov"
102,2015-07-17,5999,1,1,1,1,150.0,0,0,a,a,"Mar,Jun,Sept,Dec"
85,2015-07-17,7750,1,1,0,1,1870.0,0,0,b,a,No_Promo2
105,2015-07-17,4572,1,1,1,0,6190.0,0,0,a,c,"Mar,Jun,Sept,Dec"
71,2015-07-17,9399,1,1,1,1,16160.0,0,0,a,a,"Mar,Jun,Sept,Dec"
10,2015-07-17,5356,1,1,0,0,3160.0,0,0,a,a,No_Promo2
57,2015-07-17,9851,1,1,0,1,420.0,0,0,d,c,No_Promo2
49,2015-07-17,8525,1,1,0,0,16160.0,0,0,d,c,No_Promo2
50,2015-07-17,4684,1,1,0,0,6260.0,0,0,d,a,No_Promo2
1086,2015-07-17,6194,1,1,1,0,180.0,0,0,a,a,"Feb,May,Aug,Nov"
1115,2015-07-17,7874,1,1,1,0,5350.0,0,0,d,c,"Mar,Jun,Sept,Dec"
71,2015-07-18,6054,1,0,1,0,16160.0,0,0,a,a,"Mar,Jun,Sept,Dec"
85,2015-07-18,5424,1,0,0,0,1870.0,0,0,b,a,No_Promo2
102,2015-07-18,4929,1,0,1,0,150.0,0,0,a,a,"Mar,Jun,Sept,Dec"
105,2015-07-18,2942,1,0,1,0,6190.0,0,0,a,c,"Mar,Jun,Sept,Dec"
10,2015-07-18,5761,1,0,0,0,3160.0,0,0,a,a,No_Promo2
57,2015-07-18,5758,1,0,0,0,420.0,0,0,d,c,No_Promo2
50,2015-07-18,4835,1,0,0,0,6260.0,0,0,d,a,No_Promo2
49,2015-07-18,8158,1,0,0,0,16160.0,0,0,d,c,No_Promo2
1115,2015-07-18,7264,1,0,1,0,5350.0,0,0,d,c,"Mar,Jun,Sept,Dec"
1086,2015-07-18,3708,1,0,1,0,180.0,0,0,a,a,"Feb,May,Aug,Nov"
85,2015-07-19,13275,1,0,0,0,1870.0,0,0,b,a,No_Promo2
71,2015-07-19,0,0,0,1,0,16160.0,0,0,a,a,"Mar,Jun,Sept,Dec"
102,2015-07-19,0,0,0,1,0,150.0,0,0,a,a,"Mar,Jun,Sept,Dec"
105,2015-07-19,0,0,0,1,0,6190.0,0,0,a,c,"Mar,Jun,Sept,Dec"
10,2015-07-19,0,0,0,0,0,3160.0,0,0,a,a,No_Promo2
57,2015-07-19,0,0,0,0,0,420.0,0,0,d,c,No_Promo2
50,2015-07-19,0,0,0,0,0,6260.0,0,0,d,a,No_Promo2
49,2015-07-19,0,0,0,0,0,16160.0,0,0,d,c,No_Promo2
1115,2015-07-19,0,0,0,1,0,5350.0,0,0,d,c,"Mar,Jun,Sept,Dec"
1086,2015-07-19,0,0,0,1,0,180.0,0,0,a,a,"Feb,May,Aug,Nov"
102,2015-07-20,5578,1,0,1,1,150.0,0,0,a,a,"Mar,Jun,Sept,Dec"
85,2015-07-20,6502,1,0,0,1,1870.0,0,0,b,a,No_Promo2
105,2015-07-20,5191,1,0,1,0,6190.0,0,0,a,c,"Mar,Jun,Sept,Dec"
71,2015-07-20,7682,1,0,1,1,16160.0,0,0,a,a,"Mar,Jun,Sept,Dec"
10,2015-07-20,6111,1,0,0,0,3160.0,0,0,a,a,No_Promo2
57,2015-07-20,7927,1,0,0,1,420.0,0,0,d,c,No_Promo2
49,2015-07-20,6286,1,0,0,0,16160.0,0,0,d,c,No_Promo2
50,2015-07-20,3877,1,0,0,0,6260.0,0,0,d,a,No_Promo2
1115,2015-07-20,6083,1,0,1,0,5350.0,0,0,d,c,"Mar,Jun,Sept,Dec"
1086,2015-07-20,4974,1,0,1,0,180.0,0,0,a,a,"Feb,May,Aug,Nov"
85,2015-07-21,5206,1,0,0,1,1870.0,0,0,b,a,No_Promo2
71,2015-07-21,7110,1,0,1,1,16160.0,0,0,a,a,"Mar,Jun,Sept,Dec"
102,2015-07-21,5198,1,0,1,1,150.0,0,0,a,a,"Mar,Jun,Sept,Dec"
105,2015-07-21,4076,1,0,1,0,6190.0,0,0,a,c,"Mar,Jun,Sept,Dec"
10,2015-07-21,6479,1,0,0,0,3160.0,0,0,a,a,No_Promo2
57,2015-07-21,7200,1,0,0,1,420.0,0,0,d,c,No_Promo2
50,2015-07-21,3068,1,0,0,0,6260.0,0,0,d,a,No_Promo2
49,2015-07-21,6133,1,0,0,0,16160.0,0,0,d,c,No_Promo2
1115,2015-07-21,5074,1,0,1,0,5350.0,0,0,d,c,"Mar,Jun,Sept,Dec"
1086,2015-07-21,5088,1,0,1,0,180.0,0,0,a,a,"Feb,May,Aug,Nov"
85,2015-07-22,5504,1,0,0,1,1870.0,0,0,b,a,No_Promo2
71,2015-07-22,6306,1,0,1,1,16160.0,0,0,a,a,"Mar,Jun,Sept,Dec"
102,2015-07-22,5449,1,0,1,1,150.0,0,0,a,a,"Mar,Jun,Sept,Dec"
105,2015-07-22,3658,1,0,1,0,6190.0,0,0,a,c,"Mar,Jun,Sept,Dec"
10,2015-07-22,5561,1,0,0,0,3160.0,0,0,a,a,No_Promo2
57,2015-07-22,6059,1,0,0,1,420.0,0,0,d,c,No_Promo2
50,2015-07-22,3273,1,0,0,0,6260.0,0,0,d,a,No_Promo2
49,2015-07-22,5985,1,0,0,0,16160.0,0,0,d,c,No_Promo2
1115,2015-07-22,5342,1,0,1,0,5350.0,0,0,d,c,"Mar,Jun,Sept,Dec"
1086,2015-07-22,4566,1,0,1,0,180.0,0,0,a,a,"Feb,May,Aug,Nov"
85,2015-07-23,5223,1,0,0,1,1870.0,0,0,b,a,No_Promo2
71,2015-07-23,6867,1,0,1,1,16160.0,0,0,a,a,"Mar,Jun,Sept,Dec"
102,2015-07-23,4658,1,0,1,1,150.0,0,0,a,a,"Mar,Jun,Sept,Dec"
105,2015-07-23,5191,1,0,1,0,6190.0,0,0,a,c,"Mar,Jun,Sept,Dec"
10,2015-07-23,6401,1,0,0,1,3160.0,0,0,a,a,No_Promo2
57,2015-07-23,8135,1,0,0,1,420.0,0,0,d,c,No_Promo2
50,2015-07-23,3794,1,0,0,0,6260.0,0,0,d,a,No_Promo2
49,2015-07-23,6284,1,0,0,0,16160.0,0,0,d,c,No_Promo2
1115,2015-07-23,6150,1,0,1,0,5350.0,0,0,d,c,"Mar,Jun,Sept,Dec"
1086,2015-07-23,5079,1,0,1,0,180.0,0,0,a,a,"Feb,May,Aug,Nov"
102,2015-07-24,4998,1,0,1,1,150.0,0,0,a,a,"Mar,Jun,Sept,Dec"
85,2015-07-24,5791,1,0,0,1,1870.0,0,0,b,a,No_Promo2
105,2015-07-24,4703,1,0,1,0,6190.0,0,0,a,c,"Mar,Jun,Sept,Dec"
71,2015-07-24,6642,1,0,1,1,16160.0,0,0,a,a,"Mar,Jun,Sept,Dec"
10,2015-07-24,6152,1,0,0,1,3160.0,0,0,a,a,No_Promo2
57,2015-07-24,7140,1,0,0,1,420.0,0,0,d,c,No_Promo2
49,2015-07-24,7199,1,0,0,0,16160.0,0,0,d,c,No_Promo2
50,2015-07-24,3682,1,0,0,0,6260.0,0,0,d,a,No_Promo2
1115,2015-07-24,5816,1,0,1,0,5350.0,0,0,d,c,"Mar,Jun,Sept,Dec"
1086,2015-07-24,4598,1,0,1,0,180.0,0,0,a,a,"Feb,May,Aug,Nov"
85,2015-07-25,5099,1,0,0,0,1870.0,0,0,b,a,No_Promo2
71,2015-07-25,5346,1,0,1,0,16160.0,0,0,a,a,"Mar,Jun,Sept,Dec"
102,2015-07-25,3609,1,0,1,0,150.0,0,0,a,a,"Mar,Jun,Sept,Dec"
105,2015-07-25,3167,1,0,1,0,6190.0,0,0,a,c,"Mar,Jun,Sept,Dec"
10,2015-07-25,4713,1,0,0,1,3160.0,0,0,a,a,No_Promo2
57,2015-07-25,6477,1,0,0,0,420.0,0,0,d,c,No_Promo2
50,2015-07-25,4356,1,0,0,0,6260.0,0,0,d,a,No_Promo2
49,2015-07-25,8302,1,0,0,0,16160.0,0,0,d,c,No_Promo2
1086,2015-07-25,3155,1,0,1,0,180.0,0,0,a,a,"Feb,May,Aug,Nov"
1115,2015-07-25,6897,1,0,1,0,5350.0,0,0,d,c,"Mar,Jun,Sept,Dec"
85,2015-07-26,11421,1,0,0,0,1870.0,0,0,b,a,No_Promo2
71,2015-07-26,0,0,0,1,0,16160.0,0,0,a,a,"Mar,Jun,Sept,Dec"
102,2015-07-26,0,0,0,1,0,150.0,0,0,a,a,"Mar,Jun,Sept,Dec"
105,2015-07-26,0,0,0,1,0,6190.0,0,0,a,c,"Mar,Jun,Sept,Dec"
10,2015-07-26,0,0,0,0,1,3160.0,0,0,a,a,No_Promo2
57,2015-07-26,0,0,0,0,0,420.0,0,0,d,c,No_Promo2
50,2015-07-26,0,0,0,0,0,6260.0,0,0,d,a,No_Promo2
49,2015-07-26,0,0,0,0,0,16160.0,0,0,d,c,No_Promo2
1086,2015-07-26,0,0,0,1,0,180.0,0,0,a,a,"Feb,May,Aug,Nov"
1115,2015-07-26,0,0,0,1,0,5350.0,0,0,d,c,"Mar,Jun,Sept,Dec"
85,2015-07-27,7788,1,1,0,1,1870.0,0,0,b,a,No_Promo2
71,2015-07-27,12920,1,1,1,1,16160.0,0,0,a,a,"Mar,Jun,Sept,Dec"
102,2015-07-27,9168,1,1,1,1,150.0,0,0,a,a,"Mar,Jun,Sept,Dec"
105,2015-07-27,7031,1,1,1,0,6190.0,0,0,a,c,"Mar,Jun,Sept,Dec"
10,2015-07-27,7212,1,1,0,1,3160.0,0,0,a,a,No_Promo2
57,2015-07-27,14080,1,1,0,1,420.0,0,0,d,c,No_Promo2
50,2015-07-27,6684,1,1,0,1,6260.0,0,0,d,a,No_Promo2
49,2015-07-27,10561,1,1,0,0,16160.0,0,0,d,c,No_Promo2
1086,2015-07-27,10688,1,1,1,1,180.0,0,0,a,a,"Feb,May,Aug,Nov"
1115,2015-07-27,10712,1,1,1,1,5350.0,0,0,d,c,"Mar,Jun,Sept,Dec"
102,2015-07-28,8761,1,1,1,1,150.0,0,0,a,a,"Mar,Jun,Sept,Dec"
85,2015-07-28,7533,1,1,0,1,1870.0,0,0,b,a,No_Promo2
71,2015-07-28,11661,1,1,1,1,16160.0,0,0,a,a,"Mar,Jun,Sept,Dec"
105,2015-07-28,6093,1,1,1,0,6190.0,0,0,a,c,"Mar,Jun,Sept,Dec"
10,2015-07-28,6140,1,1,0,1,3160.0,0,0,a,a,No_Promo2
57,2015-07-28,11248,1,1,0,1,420.0,0,0,d,c,No_Promo2
49,2015-07-28,9694,1,1,0,0,16160.0,0,0,d,c,No_Promo2
50,2015-07-28,5115,1,1,0,1,6260.0,0,0,d,a,No_Promo2
1115,2015-07-28,8093,1,1,1,1,5350.0,0,0,d,c,"Mar,Jun,Sept,Dec"
1086,2015-07-28,8900,1,1,1,1,180.0,0,0,a,a,"Feb,May,Aug,Nov"
85,2015-07-29,7719,1,1,0,1,1870.0,0,0,b,a,No_Promo2
71,2015-07-29,8806,1,1,1,1,16160.0,0,0,a,a,"Mar,Jun,Sept,Dec"
102,2015-07-29,7126,1,1,1,1,150.0,0,0,a,a,"Mar,Jun,Sept,Dec"
105,2015-07-29,6896,1,1,1,0,6190.0,0,0,a,c,"Mar,Jun,Sept,Dec"
10,2015-07-29,5524,1,1,0,1,3160.0,0,0,a,a,No_Promo2
57,2015-07-29,10245,1,1,0,1,420.0,0,0,d,c,No_Promo2
50,2015-07-29,4946,1,1,0,1,6260.0,0,0,d,a,No_Promo2
49,2015-07-29,9691,1,1,0,0,16160.0,0,0,d,c,No_Promo2
1086,2015-07-29,6662,1,1,1,1,180.0,0,0,a,a,"Feb,May,Aug,Nov"
1115,2015-07-29,7661,1,1,1,1,5350.0,0,0,d,c,"Mar,Jun,Sept,Dec"
102,2015-07-30,7241,1,1,1,1,150.0,0,0,a,a,"Mar,Jun,Sept,Dec"
85,2015-07-30,7187,1,1,0,1,1870.0,0,0,b,a,No_Promo2
71,2015-07-30,10090,1,1,1,1,16160.0,0,0,a,a,"Mar,Jun,Sept,Dec"
105,2015-07-30,6561,1,1,1,1,6190.0,0,0,a,c,"Mar,Jun,Sept,Dec"
10,2015-07-30,6186,1,1,0,1,3160.0,0,0,a,a,No_Promo2
57,2015-07-30,9820,1,1,0,1,420.0,0,0,d,c,No_Promo2
49,2015-07-30,8996,1,1,0,1,16160.0,0,0,d,c,No_Promo2
50,2015-07-30,5324,1,1,0,1,6260.0,0,0,d,a,No_Promo2
1115,2015-07-30,8405,1,1,1,1,5350.0,0,0,d,c,"Mar,Jun,Sept,Dec"
1086,2015-07-30,7626,1,1,1,1,180.0,0,0,a,a,"Feb,May,Aug,Nov"
102,2015-07-31,12602,1,1,1,1,150.0,0,0,a,a,"Mar,Jun,Sept,Dec"
85,2015-07-31,7791,1,1,0,1,1870.0,0,0,b,a,No_Promo2
71,2015-07-31,11545,1,1,1,1,16160.0,0,0,a,a,"Mar,Jun,Sept,Dec"
105,2015-07-31,6456,1,1,1,1,6190.0,0,0,a,c,"Mar,Jun,Sept,Dec"
10,2015-07-31,7185,1,1,0,1,3160.0,0,0,a,a,No_Promo2
57,2015-07-31,11594,1,1,0,1,420.0,0,0,d,c,No_Promo2
49,2015-07-31,10310,1,1,0,1,16160.0,0,0,d,c,No_Promo2
50,2015-07-31,5729,1,1,0,1,6260.0,0,0,d,a,No_Promo2
1115,2015-07-31,8680,1,1,1,1,5350.0,0,0,d,c,"Mar,Jun,Sept,Dec"
1086,2015-07-31,8226,1,1,1,1,180.0,0,0,a,a,"Feb,May,Aug,Nov"
