Store,date,Sales
1115,2013-01-01,0
71,2013-01-01,0
85,2013-01-01,4220
102,2013-01-01,0
105,2013-01-01,0
10,2013-01-01,0
57,2013-01-01,0
50,2013-01-01,0
49,2013-01-01,0
1086,2013-01-01,0
85,2013-01-02,6069
71,2013-01-02,7041
102,2013-01-02,6676
105,2013-01-02,2326
10,2013-01-02,4812
57,2013-01-02,10719
50,2013-01-02,3804
49,2013-01-02,5866
1115,2013-01-02,3697
1086,2013-01-02,9308
71,2013-01-03,7246
85,2013-01-03,5246
102,2013-01-03,5714
105,2013-01-03,1811
10,2013-01-03,4675
57,2013-01-03,9988
50,2013-01-03,3388
49,2013-01-03,4622
1115,2013-01-03,4297
1086,2013-01-03,9210
85,2013-01-04,5339
71,2013-01-04,7737
102,2013-01-04,6174
105,2013-01-04,2005
10,2013-01-04,5114
57,2013-01-04,10222
50,2013-01-04,3764
49,2013-01-04,5250
1115,2013-01-04,4540
1086,2013-01-04,8489
71,2013-01-05,7263
85,2013-01-05,5774
102,2013-01-05,7024
105,2013-01-05,1465
10,2013-01-05,4256
57,2013-01-05,8112
50,2013-01-05,4380
49,2013-01-05,5937
1086,2013-01-05,6024
1115,2013-01-05,4771
85,2013-01-06,10509
71,2013-01-06,0
102,2013-01-06,0
105,2013-01-06,0
10,2013-01-06,0
57,2013-01-06,0
50,2013-01-06,0
49,2013-01-06,0
1086,2013-01-06,0
1115,2013-01-06,0
85,2013-01-07,8990
71,2013-01-07,13634
102,2013-01-07,11789
105,2013-01-07,2714
10,2013-01-07,7804
57,2013-01-07,19314
50,2013-01-07,6298
49,2013-01-07,8731
1086,2013-01-07,16229
1115,2013-01-07,6905
85,2013-01-08,7300
71,2013-01-08,10289
102,2013-01-08,9863
105,2013-01-08,2085
10,2013-01-08,5394
57,2013-01-08,14203
50,2013-01-08,4734
49,2013-01-08,7290
1115,2013-01-08,5243
1086,2013-01-08,13425
85,2013-01-09,6523
71,2013-01-09,9952
102,2013-01-09,7407
105,2013-01-09,1944
10,2013-01-09,5696
57,2013-01-09,11842
50,2013-01-09,3615
49,2013-01-09,6532
1115,2013-01-09,4649
1086,2013-01-09,11046
85,2013-01-10,7434
71,2013-01-10,9819
102,2013-01-10,8698
105,2013-01-10,2046
10,2013-01-10,5419
57,2013-01-10,12947
50,2013-01-10,4176
49,2013-01-10,6399
1086,2013-01-10,11748
1115,2013-01-10,5007
85,2013-01-11,7132
71,2013-01-11,11501
102,2013-01-11,7995
105,2013-01-11,2257
10,2013-01-11,5556
57,2013-01-11,12230
50,2013-01-11,4608
49,2013-01-11,7062
1115,2013-01-11,5142
1086,2013-01-11,10174
85,2013-01-12,5198
71,2013-01-12,7841
102,2013-01-12,6418
105,2013-01-12,1383
10,2013-01-12,4402
57,2013-01-12,7309
50,2013-01-12,4395
49,2013-01-12,6127
1115,2013-01-12,4497
1086,2013-01-12,5749
85,2013-01-13,10584
71,2013-01-13,0
102,2013-01-13,0
105,2013-01-13,0
10,2013-01-13,0
57,2013-01-13,0
50,2013-01-13,0
49,2013-01-13,0
1115,2013-01-13,0
1086,2013-01-13,0
85,2013-01-14,5616
71,2013-01-14,5386
102,2013-01-14,5323
105,2013-01-14,2236
10,2013-01-14,4685
57,2013-01-14,9056
50,2013-01-14,3070
49,2013-01-14,4753
1115,2013-01-14,3158
1086,2013-01-14,7444
85,2013-01-15,5580
71,2013-01-15,5424
102,2013-01-15,4418
105,2013-01-15,2076
10,2013-01-15,4470
57,2013-01-15,9056
50,2013-01-15,2313
49,2013-01-15,5075
1115,2013-01-15,3528
1086,2013-01-15,7076
85,2013-01-16,5025
71,2013-01-16,5825
102,2013-01-16,4752
105,2013-01-16,1708
10,2013-01-16,4640
57,2013-01-16,8581
50,2013-01-16,2249
49,2013-01-16,2580
1115,2013-01-16,3064
1086,2013-01-16,6176
71,2013-01-17,7260
85,2013-01-17,4973
102,2013-01-17,5207
105,2013-01-17,1556
10,2013-01-17,4460
57,2013-01-17,8517
50,2013-01-17,2711
49,2013-01-17,4049
1115,2013-01-17,3039
1086,2013-01-17,6282
85,2013-01-18,5579
71,2013-01-18,7048
102,2013-01-18,5084
105,2013-01-18,1919
10,2013-01-18,4962
57,2013-01-18,9150
50,2013-01-18,3706
49,2013-01-18,5555
1086,2013-01-18,7168
1115,2013-01-18,4287
85,2013-01-19,5440
71,2013-01-19,6755
102,2013-01-19,6221
105,2013-01-19,1333
10,2013-01-19,4441
57,2013-01-19,7416
50,2013-01-19,4037
49,2013-01-19,6873
1115,2013-01-19,5207
1086,2013-01-19,6023
102,2013-01-20,0
85,2013-01-20,11390
71,2013-01-20,0
105,2013-01-20,0
10,2013-01-20,0
57,2013-01-20,0
49,2013-01-20,0
50,2013-01-20,0
1086,2013-01-20,0
1115,2013-01-20,0
71,2013-01-21,7739
85,2013-01-21,8065
102,2013-01-21,9711
105,2013-01-21,2328
10,2013-01-21,6178
57,2013-01-21,15404
50,2013-01-21,3653
49,2013-01-21,8862
1086,2013-01-21,9087
1115,2013-01-21,3723
85,2013-01-22,6767
71,2013-01-22,9681
102,2013-01-22,9642
105,2013-01-22,2191
10,2013-01-22,5215
57,2013-01-22,13106
50,2013-01-22,4127
49,2013-01-22,7243
1086,2013-01-22,12292
1115,2013-01-22,5388
71,2013-01-23,10047
85,2013-01-23,7495
102,2013-01-23,7979
105,2013-01-23,2238
10,2013-01-23,5218
57,2013-01-23,11396
50,2013-01-23,4764
49,2013-01-23,6649
1115,2013-01-23,5176
1086,2013-01-23,11235
85,2013-01-24,6768
71,2013-01-24,8896
102,2013-01-24,7924
105,2013-01-24,2206
10,2013-01-24,4736
57,2013-01-24,11434
50,2013-01-24,4946
49,2013-01-24,6415
1086,2013-01-24,11257
1115,2013-01-24,5650
85,2013-01-25,6672
71,2013-01-25,10488
102,2013-01-25,7653
105,2013-01-25,2114
10,2013-01-25,5404
57,2013-01-25,11444
50,2013-01-25,4652
49,2013-01-25,6886
1086,2013-01-25,10967
1115,2013-01-25,5082
85,2013-01-26,6010
71,2013-01-26,6441
102,2013-01-26,6477
105,2013-01-26,1200
10,2013-01-26,4789
57,2013-01-26,7329
50,2013-01-26,3640
49,2013-01-26,6013
1115,2013-01-26,4896
1086,2013-01-26,5914
85,2013-01-27,7522
71,2013-01-27,0
102,2013-01-27,0
105,2013-01-27,0
10,2013-01-27,0
57,2013-01-27,0
50,2013-01-27,0
49,2013-01-27,0
1115,2013-01-27,0
1086,2013-01-27,0
85,2013-01-28,5284
71,2013-01-28,7354
102,2013-01-28,5265
105,2013-01-28,2149
10,2013-01-28,4489
57,2013-01-28,8867
50,2013-01-28,2880
49,2013-01-28,4382
1115,2013-01-28,3615
1086,2013-01-28,6478
85,2013-01-29,5100
71,2013-01-29,6562
102,2013-01-29,5117
105,2013-01-29,2042
10,2013-01-29,4374
57,2013-01-29,8465
50,2013-01-29,2457
49,2013-01-29,4320
1115,2013-01-29,3397
1086,2013-01-29,7943
85,2013-01-30,5050
71,2013-01-30,6586
102,2013-01-30,5999
105,2013-01-30,1951
10,2013-01-30,3986
57,2013-01-30,8555
50,2013-01-30,3053
49,2013-01-30,4631
1115,2013-01-30,3813
1086,2013-01-30,8128
71,2013-01-31,7404
85,2013-01-31,6358
102,2013-01-31,9101
105,2013-01-31,2041
10,2013-01-31,4867
57,2013-01-31,11100
50,2013-01-31,3713
49,2013-01-31,5093
1115,2013-01-31,4711
1086,2013-01-31,10636
85,2013-02-01,5967
71,2013-02-01,8772
102,2013-02-01,7553
105,2013-02-01,2013
10,2013-02-01,4470
57,2013-02-01,11020
50,2013-02-01,3817
49,2013-02-01,6448
1086,2013-02-01,8436
1115,2013-02-01,4584
85,2013-02-02,6180
71,2013-02-02,7167
102,2013-02-02,9104
105,2013-02-02,1596
10,2013-02-02,4357
57,2013-02-02,8250
50,2013-02-02,4286
49,2013-02-02,8167
1115,2013-02-02,5411
1086,2013-02-02,6292
85,2013-02-03,13302
71,2013-02-03,0
102,2013-02-03,0
105,2013-02-03,0
10,2013-02-03,0
57,2013-02-03,0
50,2013-02-03,0
49,2013-02-03,0
1115,2013-02-03,0
1086,2013-02-03,0
85,2013-02-04,8018
71,2013-02-04,12747
102,2013-02-04,11253
105,2013-02-04,2209
10,2013-02-04,7617
57,2013-02-04,17725
50,2013-02-04,5757
49,2013-02-04,8520
1115,2013-02-04,6670
1086,2013-02-04,14740
85,2013-02-05,7305
71,2013-02-05,10872
102,2013-02-05,8767
105,2013-02-05,2201
10,2013-02-05,5423
57,2013-02-05,14991
50,2013-02-05,5084
49,2013-02-05,6818
1115,2013-02-05,6126
1086,2013-02-05,12262
102,2013-02-06,6538
85,2013-02-06,7125
105,2013-02-06,1967
71,2013-02-06,9794
10,2013-02-06,5539
57,2013-02-06,11648
49,2013-02-06,6998
50,2013-02-06,4343
1115,2013-02-06,4810
1086,2013-02-06,11275
85,2013-02-07,6621
71,2013-02-07,9442
102,2013-02-07,8756
105,2013-02-07,2096
10,2013-02-07,5838
57,2013-02-07,12631
50,2013-02-07,4381
49,2013-02-07,5788
1086,2013-02-07,10591
1115,2013-02-07,5504
85,2013-02-08,6251
71,2013-02-08,9818
102,2013-02-08,7483
105,2013-02-08,2063
10,2013-02-08,5655
57,2013-02-08,11218
50,2013-02-08,4576
49,2013-02-08,6903
1086,2013-02-08,9102
1115,2013-02-08,5652
85,2013-02-09,5802
71,2013-02-09,7258
102,2013-02-09,5805
105,2013-02-09,1262
10,2013-02-09,4477
57,2013-02-09,7989
50,2013-02-09,3659
49,2013-02-09,6734
1115,2013-02-09,5788
1086,2013-02-09,7111
85,2013-02-10,11899
71,2013-02-10,0
102,2013-02-10,0
105,2013-02-10,0
10,2013-02-10,0
57,2013-02-10,0
50,2013-02-10,0
49,2013-02-10,0
1115,2013-02-10,0
1086,2013-02-10,0
85,2013-02-11,5376
71,2013-02-11,7350
102,2013-02-11,3259
105,2013-02-11,1870
10,2013-02-11,4433
57,2013-02-11,8617
50,2013-02-11,2846
49,2013-02-11,4961
1115,2013-02-11,3485
1086,2013-02-11,8063
85,2013-02-12,5073
71,2013-02-12,6996
102,2013-02-12,5471
105,2013-02-12,1614
10,2013-02-12,4506
57,2013-02-12,8507
50,2013-02-12,2740
49,2013-02-12,4944
1115,2013-02-12,3039
1086,2013-02-12,7598
102,2013-02-13,4954
85,2013-02-13,5121
71,2013-02-13,7287
105,2013-02-13,2032
10,2013-02-13,4953
57,2013-02-13,8741
49,2013-02-13,5418
50,2013-02-13,2729
1115,2013-02-13,3962
1086,2013-02-13,8174
71,2013-02-14,7074
85,2013-02-14,5417
102,2013-02-14,5490
105,2013-02-14,1791
10,2013-02-14,4111
57,2013-02-14,9611
50,2013-02-14,3101
49,2013-02-14,5329
1115,2013-02-14,3786
1086,2013-02-14,9015
85,2013-02-15,5494
71,2013-02-15,6626
102,2013-02-15,4648
105,2013-02-15,1785
10,2013-02-15,4385
57,2013-02-15,9270
50,2013-02-15,3238
49,2013-02-15,5553
1086,2013-02-15,7358
1115,2013-02-15,4056
85,2013-02-16,5275
71,2013-02-16,6661
102,2013-02-16,5364
105,2013-02-16,1515
10,2013-02-16,4340
57,2013-02-16,7599
50,2013-02-16,4188
49,2013-02-16,6915
1115,2013-02-16,5361
1086,2013-02-16,6646
102,2013-02-17,0
85,2013-02-17,11931
71,2013-02-17,0
105,2013-02-17,0
10,2013-02-17,0
57,2013-02-17,0
49,2013-02-17,0
50,2013-02-17,0
1086,2013-02-17,0
1115,2013-02-17,0
71,2013-02-18,13423
85,2013-02-18,8467
102,2013-02-18,11545
105,2013-02-18,2367
10,2013-02-18,7495
57,2013-02-18,18284
50,2013-02-18,6121
49,2013-02-18,8689
1086,2013-02-18,15036
1115,2013-02-18,7580
85,2013-02-19,7169
71,2013-02-19,9623
102,2013-02-19,8196
105,2013-02-19,2157
10,2013-02-19,6049
57,2013-02-19,10899
50,2013-02-19,4768
49,2013-02-19,6272
1086,2013-02-19,11438
1115,2013-02-19,4882
85,2013-02-20,7162
71,2013-02-20,9988
102,2013-02-20,7470
105,2013-02-20,2107
10,2013-02-20,5200
57,2013-02-20,11932
50,2013-02-20,3908
49,2013-02-20,6418
1115,2013-02-20,6169
1086,2013-02-20,11435
85,2013-02-21,6870
71,2013-02-21,8561
102,2013-02-21,7080
105,2013-02-21,1853
10,2013-02-21,5969
57,2013-02-21,12007
50,2013-02-21,4492
49,2013-02-21,6028
1086,2013-02-21,12219
1115,2013-02-21,5650
85,2013-02-22,7092
71,2013-02-22,7626
102,2013-02-22,6987
105,2013-02-22,2211
10,2013-02-22,5285
57,2013-02-22,10649
50,2013-02-22,4460
49,2013-02-22,7072
1115,2013-02-22,6986
1086,2013-02-22,9983
85,2013-02-23,5349
71,2013-02-23,4286
102,2013-02-23,4606
105,2013-02-23,1472
10,2013-02-23,4534
57,2013-02-23,5787
50,2013-02-23,3639
49,2013-02-23,5951
1115,2013-02-23,5948
1086,2013-02-23,5278
85,2013-02-24,10245
71,2013-02-24,0
102,2013-02-24,0
105,2013-02-24,0
10,2013-02-24,0
57,2013-02-24,0
50,2013-02-24,0
49,2013-02-24,0
1115,2013-02-24,0
1086,2013-02-24,0
85,2013-02-25,5187
71,2013-02-25,5819
102,2013-02-25,4101
105,2013-02-25,1969
10,2013-02-25,4822
57,2013-02-25,7985
50,2013-02-25,2419
49,2013-02-25,4168
1115,2013-02-25,3588
1086,2013-02-25,6330
85,2013-02-26,4786
71,2013-02-26,7870
102,2013-02-26,4708
105,2013-02-26,1908
10,2013-02-26,4403
57,2013-02-26,8730
50,2013-02-26,2542
49,2013-02-26,4563
1115,2013-02-26,4236
1086,2013-02-26,6812
71,2013-02-27,8166
85,2013-02-27,5374
102,2013-02-27,5268
105,2013-02-27,2213
10,2013-02-27,4414
57,2013-02-27,8727
50,2013-02-27,2871
49,2013-02-27,4747
1115,2013-02-27,4367
1086,2013-02-27,6290
71,2013-02-28,9022
85,2013-02-28,5970
102,2013-02-28,8274
105,2013-02-28,2237
10,2013-02-28,4681
57,2013-02-28,10564
50,2013-02-28,3627
49,2013-02-28,5888
1115,2013-02-28,5474
1086,2013-02-28,9049
85,2013-03-01,6052
71,2013-03-01,8528
102,2013-03-01,6836
105,2013-03-01,2279
10,2013-03-01,4775
57,2013-03-01,10483
50,2013-03-01,3880
49,2013-03-01,6178
1115,2013-03-01,5077
1086,2013-03-01,8847
102,2013-03-02,8070
85,2013-03-02,6374
105,2013-03-02,1540
71,2013-03-02,7462
10,2013-03-02,4620
57,2013-03-02,9178
49,2013-03-02,7175
50,2013-03-02,4652
1115,2013-03-02,6027
1086,2013-03-02,7317
85,2013-03-03,13081
71,2013-03-03,0
102,2013-03-03,0
105,2013-03-03,0
10,2013-03-03,0
57,2013-03-03,0
50,2013-03-03,0
49,2013-03-03,0
1115,2013-03-03,0
1086,2013-03-03,0
71,2013-03-04,14694
85,2013-03-04,8860
102,2013-03-04,12239
105,2013-03-04,2404
10,2013-03-04,7280
57,2013-03-04,19086
50,2013-03-04,6430
49,2013-03-04,8306
1115,2013-03-04,7150
1086,2013-03-04,16689
85,2013-03-05,7592
71,2013-03-05,11109
102,2013-03-05,8269
105,2013-03-05,1876
10,2013-03-05,7003
57,2013-03-05,15067
50,2013-03-05,4334
49,2013-03-05,7118
1115,2013-03-05,6442
1086,2013-03-05,14148
85,2013-03-06,7161
71,2013-03-06,9465
102,2013-03-06,7829
105,2013-03-06,1971
10,2013-03-06,5115
57,2013-03-06,12790
50,2013-03-06,5059
49,2013-03-06,6945
1086,2013-03-06,10872
1115,2013-03-06,5654
85,2013-03-07,6910
71,2013-03-07,8900
102,2013-03-07,6762
105,2013-03-07,1926
10,2013-03-07,5460
57,2013-03-07,12631
50,2013-03-07,4358
49,2013-03-07,5631
1115,2013-03-07,5716
1086,2013-03-07,11943
85,2013-03-08,6426
71,2013-03-08,11102
102,2013-03-08,6746
105,2013-03-08,2039
10,2013-03-08,5350
57,2013-03-08,12221
50,2013-03-08,4425
49,2013-03-08,7009
1115,2013-03-08,5626
1086,2013-03-08,11062
85,2013-03-09,5099
71,2013-03-09,6301
102,2013-03-09,4730
105,2013-03-09,1533
10,2013-03-09,4213
57,2013-03-09,8054
50,2013-03-09,4174
49,2013-03-09,6246
1115,2013-03-09,5444
1086,2013-03-09,7351
85,2013-03-10,10462
71,2013-03-10,0
102,2013-03-10,0
105,2013-03-10,0
10,2013-03-10,0
57,2013-03-10,0
50,2013-03-10,0
49,2013-03-10,0
1115,2013-03-10,0
1086,2013-03-10,0
85,2013-03-11,5518
71,2013-03-11,6527
102,2013-03-11,4104
105,2013-03-11,1887
10,2013-03-11,5401
57,2013-03-11,9579
50,2013-03-11,2770
49,2013-03-11,6369
1115,2013-03-11,5503
1086,2013-03-11,6388
85,2013-03-12,5326
71,2013-03-12,5724
102,2013-03-12,3531
105,2013-03-12,1652
10,2013-03-12,4807
57,2013-03-12,7970
50,2013-03-12,1174
49,2013-03-12,5637
1115,2013-03-12,2093
1086,2013-03-12,4261
85,2013-03-13,4816
71,2013-03-13,6701
102,2013-03-13,4096
105,2013-03-13,1924
10,2013-03-13,4609
57,2013-03-13,7919
50,2013-03-13,2785
49,2013-03-13,5837
1086,2013-03-13,6427
1115,2013-03-13,4790
85,2013-03-14,5073
71,2013-03-14,6650
102,2013-03-14,4154
105,2013-03-14,2100
10,2013-03-14,4914
57,2013-03-14,9767
50,2013-03-14,2991
49,2013-03-14,6099
1115,2013-03-14,4828
1086,2013-03-14,7559
85,2013-03-15,5869
71,2013-03-15,7821
102,2013-03-15,4679
105,2013-03-15,2069
10,2013-03-15,5135
57,2013-03-15,10993
50,2013-03-15,3964
49,2013-03-15,5822
1115,2013-03-15,5566
1086,2013-03-15,8474
102,2013-03-16,5483
85,2013-03-16,5641
105,2013-03-16,1406
71,2013-03-16,6740
10,2013-03-16,3885
57,2013-03-16,9066
49,2013-03-16,7724
50,2013-03-16,4820
1115,2013-03-16,7250
1086,2013-03-16,6501
85,2013-03-17,12923
71,2013-03-17,0
102,2013-03-17,0
105,2013-03-17,0
10,2013-03-17,0
57,2013-03-17,0
50,2013-03-17,0
49,2013-03-17,0
1115,2013-03-17,0
1086,2013-03-17,0
71,2013-03-18,14168
85,2013-03-18,8473
102,2013-03-18,11013
105,2013-03-18,2388
10,2013-03-18,6766
57,2013-03-18,15124
50,2013-03-18,6603
49,2013-03-18,9494
1115,2013-03-18,7376
1086,2013-03-18,14151
85,2013-03-19,6945
71,2013-03-19,10449
102,2013-03-19,8173
105,2013-03-19,2159
10,2013-03-19,5584
57,2013-03-19,12225
50,2013-03-19,3946
49,2013-03-19,7658
1115,2013-03-19,5732
1086,2013-03-19,13491
85,2013-03-20,6704
71,2013-03-20,8840
102,2013-03-20,5752
105,2013-03-20,2155
10,2013-03-20,3927
57,2013-03-20,13267
50,2013-03-20,4486
49,2013-03-20,7207
1086,2013-03-20,10645
1115,2013-03-20,5459
85,2013-03-21,6341
71,2013-03-21,9623
102,2013-03-21,7418
105,2013-03-21,2149
10,2013-03-21,4623
57,2013-03-21,12585
50,2013-03-21,4239
49,2013-03-21,6832
1115,2013-03-21,6066
1086,2013-03-21,10277
85,2013-03-22,6623
71,2013-03-22,10320
102,2013-03-22,6753
105,2013-03-22,1788
10,2013-03-22,5158
57,2013-03-22,12457
50,2013-03-22,4507
49,2013-03-22,7409
1115,2013-03-22,6104
1086,2013-03-22,10800
102,2013-03-23,4640
85,2013-03-23,5759
105,2013-03-23,1414
71,2013-03-23,6613
10,2013-03-23,4285
57,2013-03-23,8744
49,2013-03-23,6643
50,2013-03-23,4383
1115,2013-03-23,6300
1086,2013-03-23,6836
85,2013-03-24,11431
71,2013-03-24,0
102,2013-03-24,0
105,2013-03-24,0
10,2013-03-24,0
57,2013-03-24,0
50,2013-03-24,0
49,2013-03-24,0
1115,2013-03-24,0
1086,2013-03-24,0
85,2013-03-25,8338
71,2013-03-25,11642
102,2013-03-25,9504
105,2013-03-25,2021
10,2013-03-25,6513
57,2013-03-25,17712
50,2013-03-25,5635
49,2013-03-25,10543
1115,2013-03-25,7759
1086,2013-03-25,16267
85,2013-03-26,7629
71,2013-03-26,10026
102,2013-03-26,8552
105,2013-03-26,1931
10,2013-03-26,5495
57,2013-03-26,15521
50,2013-03-26,5260
49,2013-03-26,8581
1115,2013-03-26,6864
1086,2013-03-26,13667
71,2013-03-27,10969
85,2013-03-27,7561
102,2013-03-27,8605
105,2013-03-27,2261
10,2013-03-27,5639
57,2013-03-27,16779
50,2013-03-27,5178
49,2013-03-27,9376
1115,2013-03-27,8120
1086,2013-03-27,13277
85,2013-03-28,9112
71,2013-03-28,12410
102,2013-03-28,11606
105,2013-03-28,2287
10,2013-03-28,7243
57,2013-03-28,18565
50,2013-03-28,5737
49,2013-03-28,12058
1086,2013-03-28,13799
1115,2013-03-28,8655
85,2013-03-29,13583
71,2013-03-29,0
102,2013-03-29,0
105,2013-03-29,0
10,2013-03-29,0
57,2013-03-29,0
50,2013-03-29,0
49,2013-03-29,0
1086,2013-03-29,0
1115,2013-03-29,0
85,2013-03-30,6928
71,2013-03-30,9750
102,2013-03-30,9277
105,2013-03-30,1250
10,2013-03-30,5809
57,2013-03-30,13559
50,2013-03-30,6032
49,2013-03-30,11384
1115,2013-03-30,9432
1086,2013-03-30,10346
85,2013-03-31,8929
71,2013-03-31,0
102,2013-03-31,0
105,2013-03-31,0
10,2013-03-31,0
57,2013-03-31,0
50,2013-03-31,0
49,2013-03-31,0
1115,2013-03-31,0
1086,2013-03-31,0
85,2013-04-01,12129
71,2013-04-01,0
102,2013-04-01,0
105,2013-04-01,0
10,2013-04-01,0
57,2013-04-01,0
50,2013-04-01,0
49,2013-04-01,0
1115,2013-04-01,0
1086,2013-04-01,0
85,2013-04-02,6012
71,2013-04-02,7691
102,2013-04-02,6767
105,2013-04-02,0
10,2013-04-02,5747
57,2013-04-02,10794
50,2013-04-02,3814
49,2013-04-02,6155
1115,2013-04-02,4436
1086,2013-04-02,10259
85,2013-04-03,5590
71,2013-04-03,8170
102,2013-04-03,5622
105,2013-04-03,0
10,2013-04-03,4662
57,2013-04-03,9210
50,2013-04-03,3627
49,2013-04-03,5379
1086,2013-04-03,7847
1115,2013-04-03,4461
85,2013-04-04,5364
71,2013-04-04,7059
102,2013-04-04,5541
105,2013-04-04,0
10,2013-04-04,4531
57,2013-04-04,10546
50,2013-04-04,3536
49,2013-04-04,4832
1086,2013-04-04,8936
1115,2013-04-04,4082
85,2013-04-05,5486
71,2013-04-05,8406
102,2013-04-05,5232
105,2013-04-05,0
10,2013-04-05,4529
57,2013-04-05,10009
50,2013-04-05,3690
49,2013-04-05,6091
1115,2013-04-05,4471
1086,2013-04-05,8080
85,2013-04-06,5218
71,2013-04-06,6147
102,2013-04-06,4823
105,2013-04-06,0
10,2013-04-06,4607
57,2013-04-06,7665
50,2013-04-06,4497
49,2013-04-06,6640
1115,2013-04-06,5414
1086,2013-04-06,6642
85,2013-04-07,10308
71,2013-04-07,0
102,2013-04-07,0
105,2013-04-07,0
10,2013-04-07,0
57,2013-04-07,0
50,2013-04-07,0
49,2013-04-07,0
1115,2013-04-07,0
1086,2013-04-07,0
85,2013-04-08,8193
71,2013-04-08,12620
102,2013-04-08,10503
105,2013-04-08,0
10,2013-04-08,7087
57,2013-04-08,16233
50,2013-04-08,5704
49,2013-04-08,8714
1115,2013-04-08,6132
1086,2013-04-08,12995
85,2013-04-09,6994
71,2013-04-09,10376
102,2013-04-09,8197
105,2013-04-09,0
10,2013-04-09,5782
57,2013-04-09,13098
50,2013-04-09,3998
49,2013-04-09,7234
1115,2013-04-09,6019
1086,2013-04-09,11494
102,2013-04-10,6957
85,2013-04-10,6555
105,2013-04-10,0
71,2013-04-10,8976
10,2013-04-10,5541
57,2013-04-10,11538
49,2013-04-10,6694
50,2013-04-10,4451
1086,2013-04-10,11033
1115,2013-04-10,5512
71,2013-04-11,8988
85,2013-04-11,6295
102,2013-04-11,6496
105,2013-04-11,0
10,2013-04-11,4689
57,2013-04-11,11283
50,2013-04-11,3771
49,2013-04-11,6467
1115,2013-04-11,4817
1086,2013-04-11,10900
85,2013-04-12,7203
71,2013-04-12,9692
102,2013-04-12,6688
105,2013-04-12,0
10,2013-04-12,6096
57,2013-04-12,11280
50,2013-04-12,4894
49,2013-04-12,7403
1115,2013-04-12,5806
1086,2013-04-12,10547
102,2013-04-13,4655
85,2013-04-13,5347
105,2013-04-13,0
71,2013-04-13,6072
10,2013-04-13,4321
57,2013-04-13,6881
49,2013-04-13,6423
50,2013-04-13,4297
1115,2013-04-13,5007
1086,2013-04-13,5984
85,2013-04-14,10214
71,2013-04-14,0
102,2013-04-14,0
105,2013-04-14,0
10,2013-04-14,0
57,2013-04-14,0
50,2013-04-14,0
49,2013-04-14,0
1115,2013-04-14,0
1086,2013-04-14,0
85,2013-04-15,5492
71,2013-04-15,6581
102,2013-04-15,4358
105,2013-04-15,0
10,2013-04-15,4558
57,2013-04-15,7773
50,2013-04-15,2438
49,2013-04-15,4895
1115,2013-04-15,3436
1086,2013-04-15,7479
85,2013-04-16,5075
71,2013-04-16,6969
102,2013-04-16,4316
105,2013-04-16,0
10,2013-04-16,4592
57,2013-04-16,8167
50,2013-04-16,2678
49,2013-04-16,4392
1115,2013-04-16,3286
1086,2013-04-16,6883
102,2013-04-17,4475
85,2013-04-17,5223
105,2013-04-17,0
71,2013-04-17,5925
10,2013-04-17,4426
57,2013-04-17,8028
49,2013-04-17,4975
50,2013-04-17,2493
1115,2013-04-17,3595
1086,2013-04-17,6689
85,2013-04-18,4782
71,2013-04-18,6318
102,2013-04-18,4392
105,2013-04-18,0
10,2013-04-18,4184
57,2013-04-18,8025
50,2013-04-18,2825
49,2013-04-18,4983
1086,2013-04-18,7329
1115,2013-04-18,3771
85,2013-04-19,5422
71,2013-04-19,7105
102,2013-04-19,4432
105,2013-04-19,0
10,2013-04-19,4743
57,2013-04-19,10313
50,2013-04-19,3818
49,2013-04-19,5459
1086,2013-04-19,8265
1115,2013-04-19,4320
85,2013-04-20,5313
71,2013-04-20,5871
102,2013-04-20,5308
105,2013-04-20,0
10,2013-04-20,4092
57,2013-04-20,7451
50,2013-04-20,4234
49,2013-04-20,6221
1115,2013-04-20,5908
1086,2013-04-20,6926
102,2013-04-21,0
85,2013-04-21,11263
71,2013-04-21,0
105,2013-04-21,0
10,2013-04-21,0
57,2013-04-21,0
49,2013-04-21,0
50,2013-04-21,0
1115,2013-04-21,0
1086,2013-04-21,0
85,2013-04-22,8722
71,2013-04-22,11560
102,2013-04-22,9352
105,2013-04-22,0
10,2013-04-22,7365
57,2013-04-22,16394
50,2013-04-22,4708
49,2013-04-22,7728
1086,2013-04-22,12685
1115,2013-04-22,6362
102,2013-04-23,7006
85,2013-04-23,6862
71,2013-04-23,10706
105,2013-04-23,0
10,2013-04-23,5343
57,2013-04-23,12779
49,2013-04-23,5751
50,2013-04-23,4159
1115,2013-04-23,5249
1086,2013-04-23,12570
85,2013-04-24,6841
71,2013-04-24,7697
102,2013-04-24,5967
105,2013-04-24,0
10,2013-04-24,5184
57,2013-04-24,11125
50,2013-04-24,3758
49,2013-04-24,5654
1115,2013-04-24,4346
1086,2013-04-24,9451
71,2013-04-25,7320
85,2013-04-25,7082
102,2013-04-25,5545
105,2013-04-25,0
10,2013-04-25,5291
57,2013-04-25,11038
50,2013-04-25,3934
49,2013-04-25,5912
1086,2013-04-25,10602
1115,2013-04-25,4161
85,2013-04-26,6431
71,2013-04-26,8846
102,2013-04-26,5919
105,2013-04-26,0
10,2013-04-26,4844
57,2013-04-26,11608
50,2013-04-26,4491
49,2013-04-26,7097
1086,2013-04-26,9912
1115,2013-04-26,5688
85,2013-04-27,4875
71,2013-04-27,6316
102,2013-04-27,5987
105,2013-04-27,0
10,2013-04-27,4074
57,2013-04-27,7287
50,2013-04-27,4594
49,2013-04-27,7030
1086,2013-04-27,6266
1115,2013-04-27,6000
85,2013-04-28,11625
71,2013-04-28,0
102,2013-04-28,0
105,2013-04-28,0
10,2013-04-28,0
57,2013-04-28,0
50,2013-04-28,0
49,2013-04-28,0
1115,2013-04-28,0
1086,2013-04-28,0
85,2013-04-29,8667
71,2013-04-29,12662
102,2013-04-29,9816
105,2013-04-29,22125
10,2013-04-29,7284
57,2013-04-29,15658
50,2013-04-29,5500
49,2013-04-29,8794
1086,2013-04-29,15028
1115,2013-04-29,7110
85,2013-04-30,8923
71,2013-04-30,11346
102,2013-04-30,11622
105,2013-04-30,15269
10,2013-04-30,7468
57,2013-04-30,16110
50,2013-04-30,5658
49,2013-04-30,9376
1086,2013-04-30,15219
1115,2013-04-30,6823
85,2013-05-01,11035
71,2013-05-01,0
102,2013-05-01,0
105,2013-05-01,0
10,2013-05-01,0
57,2013-05-01,0
50,2013-05-01,0
49,2013-05-01,0
1115,2013-05-01,0
1086,2013-05-01,0
85,2013-05-02,7578
71,2013-05-02,12015
102,2013-05-02,9736
105,2013-05-02,11413
10,2013-05-02,6959
57,2013-05-02,14821
50,2013-05-02,4856
49,2013-05-02,8031
1115,2013-05-02,7069
1086,2013-05-02,12334
85,2013-05-03,7118
71,2013-05-03,10253
102,2013-05-03,8041
105,2013-05-03,11473
10,2013-05-03,6119
57,2013-05-03,12535
50,2013-05-03,5092
49,2013-05-03,8022
1115,2013-05-03,6524
1086,2013-05-03,11198
85,2013-05-04,5849
71,2013-05-04,6888
102,2013-05-04,6084
105,2013-05-04,6083
10,2013-05-04,5392
57,2013-05-04,7834
50,2013-05-04,4074
49,2013-05-04,7578
1086,2013-05-04,6484
1115,2013-05-04,6453
85,2013-05-05,7796
71,2013-05-05,0
102,2013-05-05,0
105,2013-05-05,0
10,2013-05-05,0
57,2013-05-05,0
50,2013-05-05,0
49,2013-05-05,0
1115,2013-05-05,0
1086,2013-05-05,0
85,2013-05-06,5864
71,2013-05-06,7610
102,2013-05-06,5540
105,2013-05-06,4068
10,2013-05-06,5579
57,2013-05-06,10369
50,2013-05-06,3740
49,2013-05-06,5461
1115,2013-05-06,3945
1086,2013-05-06,8936
85,2013-05-07,6106
71,2013-05-07,8291
102,2013-05-07,5143
105,2013-05-07,3534
10,2013-05-07,5250
57,2013-05-07,10566
50,2013-05-07,3617
49,2013-05-07,6501
1115,2013-05-07,4155
1086,2013-05-07,8489
85,2013-05-08,6684
71,2013-05-08,8868
102,2013-05-08,6661
105,2013-05-08,4518
10,2013-05-08,5469
57,2013-05-08,10980
50,2013-05-08,3985
49,2013-05-08,7792
1115,2013-05-08,4883
1086,2013-05-08,9910
85,2013-05-09,11502
71,2013-05-09,0
102,2013-05-09,0
105,2013-05-09,0
10,2013-05-09,0
57,2013-05-09,0
50,2013-05-09,0
49,2013-05-09,0
1115,2013-05-09,0
1086,2013-05-09,0
85,2013-05-10,6306
71,2013-05-10,10754
102,2013-05-10,9650
105,2013-05-10,4675
10,2013-05-10,5945
57,2013-05-10,13003
50,2013-05-10,4724
49,2013-05-10,8172
1115,2013-05-10,5597
1086,2013-05-10,11423
71,2013-05-11,7741
85,2013-05-11,5950
102,2013-05-11,6525
105,2013-05-11,2817
10,2013-05-11,4506
57,2013-05-11,8388
50,2013-05-11,4043
49,2013-05-11,6886
1115,2013-05-11,5970
1086,2013-05-11,7593
85,2013-05-12,11219
71,2013-05-12,0
102,2013-05-12,0
105,2013-05-12,0
10,2013-05-12,0
57,2013-05-12,0
50,2013-05-12,0
49,2013-05-12,0
1086,2013-05-12,0
1115,2013-05-12,0
85,2013-05-13,8478
71,2013-05-13,12303
102,2013-05-13,10354
105,2013-05-13,5171
10,2013-05-13,6948
57,2013-05-13,16326
50,2013-05-13,4793
49,2013-05-13,7942
1115,2013-05-13,5989
1086,2013-05-13,15818
102,2013-05-14,8799
85,2013-05-14,7241
71,2013-05-14,10767
105,2013-05-14,4596
10,2013-05-14,6194
57,2013-05-14,13810
49,2013-05-14,7394
50,2013-05-14,4574
1086,2013-05-14,12027
1115,2013-05-14,5262
71,2013-05-15,9081
85,2013-05-15,7518
102,2013-05-15,7635
105,2013-05-15,4189
10,2013-05-15,5275
57,2013-05-15,13273
50,2013-05-15,4273
49,2013-05-15,7310
1086,2013-05-15,10937
1115,2013-05-15,4999
85,2013-05-16,6641
71,2013-05-16,9361
102,2013-05-16,7416
105,2013-05-16,4359
10,2013-05-16,5810
57,2013-05-16,11547
50,2013-05-16,4557
49,2013-05-16,7679
1086,2013-05-16,10670
1115,2013-05-16,4886
71,2013-05-17,9987
85,2013-05-17,6717
102,2013-05-17,6907
105,2013-05-17,3920
10,2013-05-17,6042
57,2013-05-17,12084
50,2013-05-17,4547
49,2013-05-17,8227
1115,2013-05-17,6447
1086,2013-05-17,10193
85,2013-05-18,6214
71,2013-05-18,6722
102,2013-05-18,5516
105,2013-05-18,2605
10,2013-05-18,4216
57,2013-05-18,7910
50,2013-05-18,3899
49,2013-05-18,6612
1086,2013-05-18,6924
1115,2013-05-18,5296
85,2013-05-19,11092
71,2013-05-19,0
102,2013-05-19,0
105,2013-05-19,0
10,2013-05-19,0
57,2013-05-19,0
50,2013-05-19,0
49,2013-05-19,0
1086,2013-05-19,0
1115,2013-05-19,0
85,2013-05-20,13493
71,2013-05-20,0
102,2013-05-20,0
105,2013-05-20,0
10,2013-05-20,0
57,2013-05-20,0
50,2013-05-20,0
49,2013-05-20,0
1115,2013-05-20,0
1086,2013-05-20,0
85,2013-05-21,6595
71,2013-05-21,8274
102,2013-05-21,5452
105,2013-05-21,3844
10,2013-05-21,4846
57,2013-05-21,10910
50,2013-05-21,3595
49,2013-05-21,6520
1115,2013-05-21,4928
1086,2013-05-21,8647
85,2013-05-22,6162
71,2013-05-22,6717
102,2013-05-22,4928
105,2013-05-22,2612
10,2013-05-22,5030
57,2013-05-22,7971
50,2013-05-22,3062
49,2013-05-22,5784
1115,2013-05-22,4087
1086,2013-05-22,9398
85,2013-05-23,5538
71,2013-05-23,6318
102,2013-05-23,3517
105,2013-05-23,2725
10,2013-05-23,3686
57,2013-05-23,9842
50,2013-05-23,2886
49,2013-05-23,5423
1115,2013-05-23,3668
1086,2013-05-23,7687
85,2013-05-24,6020
71,2013-05-24,8944
102,2013-05-24,5032
105,2013-05-24,2877
10,2013-05-24,5093
57,2013-05-24,10000
50,2013-05-24,3064
49,2013-05-24,5274
1115,2013-05-24,4378
1086,2013-05-24,7462
71,2013-05-25,6561
85,2013-05-25,6197
102,2013-05-25,5105
105,2013-05-25,2409
10,2013-05-25,4677
57,2013-05-25,7918
50,2013-05-25,3638
49,2013-05-25,5839
1115,2013-05-25,5241
1086,2013-05-25,5603
85,2013-05-26,12705
71,2013-05-26,0
102,2013-05-26,0
105,2013-05-26,0
10,2013-05-26,0
57,2013-05-26,0
50,2013-05-26,0
49,2013-05-26,0
1086,2013-05-26,0
1115,2013-05-26,0
85,2013-05-27,8611
71,2013-05-27,13739
102,2013-05-27,9684
105,2013-05-27,4640
10,2013-05-27,5889
57,2013-05-27,15577
50,2013-05-27,5980
49,2013-05-27,8709
1115,2013-05-27,7647
1086,2013-05-27,13468
85,2013-05-28,7450
71,2013-05-28,10106
102,2013-05-28,8054
105,2013-05-28,3827
10,2013-05-28,5303
57,2013-05-28,13781
50,2013-05-28,4403
49,2013-05-28,5669
1115,2013-05-28,5787
1086,2013-05-28,13588
85,2013-05-29,6591
71,2013-05-29,12361
102,2013-05-29,7292
105,2013-05-29,3912
10,2013-05-29,5275
57,2013-05-29,12261
50,2013-05-29,6445
49,2013-05-29,8873
1115,2013-05-29,7601
1086,2013-05-29,13488
85,2013-05-30,7108
71,2013-05-30,0
102,2013-05-30,0
105,2013-05-30,0
10,2013-05-30,5037
57,2013-05-30,13315
50,2013-05-30,0
49,2013-05-30,0
1115,2013-05-30,0
1086,2013-05-30,0
102,2013-05-31,17533
85,2013-05-31,8456
105,2013-05-31,4131
71,2013-05-31,15040
10,2013-05-31,6102
57,2013-05-31,15795
49,2013-05-31,10348
50,2013-05-31,7617
1115,2013-05-31,10517
1086,2013-05-31,14707
71,2013-06-01,7463
85,2013-06-01,6182
102,2013-06-01,7130
105,2013-06-01,2936
10,2013-06-01,4623
57,2013-06-01,10120
50,2013-06-01,4555
49,2013-06-01,7056
1086,2013-06-01,6841
1115,2013-06-01,6996
85,2013-06-02,13478
71,2013-06-02,0
102,2013-06-02,0
105,2013-06-02,0
10,2013-06-02,0
57,2013-06-02,0
50,2013-06-02,0
49,2013-06-02,0
1086,2013-06-02,0
1115,2013-06-02,0
71,2013-06-03,12533
85,2013-06-03,8938
102,2013-06-03,11249
105,2013-06-03,6553
10,2013-06-03,6538
57,2013-06-03,14566
50,2013-06-03,6060
49,2013-06-03,9115
1115,2013-06-03,7212
1086,2013-06-03,13745
85,2013-06-04,7130
71,2013-06-04,10527
102,2013-06-04,9217
105,2013-06-04,4573
10,2013-06-04,5906
57,2013-06-04,11916
50,2013-06-04,4237
49,2013-06-04,6855
1115,2013-06-04,5687
1086,2013-06-04,11781
85,2013-06-05,6302
71,2013-06-05,9145
102,2013-06-05,7834
105,2013-06-05,4922
10,2013-06-05,5440
57,2013-06-05,10959
50,2013-06-05,4175
49,2013-06-05,6693
1086,2013-06-05,11517
1115,2013-06-05,5652
85,2013-06-06,7179
71,2013-06-06,9788
102,2013-06-06,6739
105,2013-06-06,4162
10,2013-06-06,5958
57,2013-06-06,11119
50,2013-06-06,4066
49,2013-06-06,6223
1086,2013-06-06,9902
1115,2013-06-06,5587
71,2013-06-07,9790
85,2013-06-07,6800
102,2013-06-07,7076
105,2013-06-07,4921
10,2013-06-07,6488
57,2013-06-07,11820
50,2013-06-07,4197
49,2013-06-07,7092
1115,2013-06-07,5944
1086,2013-06-07,9722
71,2013-06-08,7744
85,2013-06-08,5338
102,2013-06-08,4920
105,2013-06-08,2903
10,2013-06-08,4943
57,2013-06-08,7211
50,2013-06-08,3585
49,2013-06-08,6694
1115,2013-06-08,5486
1086,2013-06-08,6481
85,2013-06-09,11667
71,2013-06-09,0
102,2013-06-09,0
105,2013-06-09,0
10,2013-06-09,0
57,2013-06-09,0
50,2013-06-09,0
49,2013-06-09,0
1086,2013-06-09,0
1115,2013-06-09,0
85,2013-06-10,5581
71,2013-06-10,7658
102,2013-06-10,5537
105,2013-06-10,3628
10,2013-06-10,5472
57,2013-06-10,9843
50,2013-06-10,3600
49,2013-06-10,5569
1115,2013-06-10,4091
1086,2013-06-10,8516
102,2013-06-11,4714
85,2013-06-11,5419
71,2013-06-11,7051
105,2013-06-11,3487
10,2013-06-11,4739
57,2013-06-11,9119
49,2013-06-11,4251
50,2013-06-11,3109
1086,2013-06-11,7437
1115,2013-06-11,3764
71,2013-06-12,6378
85,2013-06-12,5423
102,2013-06-12,4547
105,2013-06-12,2904
10,2013-06-12,4369
57,2013-06-12,8126
50,2013-06-12,2901
49,2013-06-12,4892
1086,2013-06-12,7834
1115,2013-06-12,3847
85,2013-06-13,5314
71,2013-06-13,6941
102,2013-06-13,4512
105,2013-06-13,3599
10,2013-06-13,4652
57,2013-06-13,9316
50,2013-06-13,3416
49,2013-06-13,5228
1086,2013-06-13,7848
1115,2013-06-13,3785
85,2013-06-14,5701
71,2013-06-14,8682
102,2013-06-14,4916
105,2013-06-14,3739
10,2013-06-14,5055
57,2013-06-14,10653
50,2013-06-14,3355
49,2013-06-14,7227
1115,2013-06-14,4935
1086,2013-06-14,9110
85,2013-06-15,5393
71,2013-06-15,7114
102,2013-06-15,5886
105,2013-06-15,3287
10,2013-06-15,4765
57,2013-06-15,8563
50,2013-06-15,4224
49,2013-06-15,6679
1086,2013-06-15,5496
1115,2013-06-15,5641
85,2013-06-16,13986
71,2013-06-16,0
102,2013-06-16,0
105,2013-06-16,0
10,2013-06-16,0
57,2013-06-16,0
50,2013-06-16,0
49,2013-06-16,0
1115,2013-06-16,0
1086,2013-06-16,0
85,2013-06-17,8475
71,2013-06-17,12720
102,2013-06-17,8975
105,2013-06-17,6027
10,2013-06-17,7854
57,2013-06-17,17215
50,2013-06-17,5396
49,2013-06-17,9296
1115,2013-06-17,6882
1086,2013-06-17,13669
85,2013-06-18,8273
71,2013-06-18,10034
102,2013-06-18,6267
105,2013-06-18,5025
10,2013-06-18,7078
57,2013-06-18,12432
50,2013-06-18,3886
49,2013-06-18,7286
1115,2013-06-18,5311
1086,2013-06-18,10907
85,2013-06-19,7715
71,2013-06-19,8414
102,2013-06-19,6163
105,2013-06-19,4169
10,2013-06-19,5697
57,2013-06-19,10831
50,2013-06-19,3940
49,2013-06-19,6248
1115,2013-06-19,4866
1086,2013-06-19,9339
85,2013-06-20,6442
71,2013-06-20,8514
102,2013-06-20,5382
105,2013-06-20,4182
10,2013-06-20,5286
57,2013-06-20,10864
50,2013-06-20,4267
49,2013-06-20,6013
1115,2013-06-20,5859
1086,2013-06-20,9798
85,2013-06-21,6728
71,2013-06-21,10054
102,2013-06-21,7083
105,2013-06-21,5119
10,2013-06-21,5687
57,2013-06-21,12750
50,2013-06-21,5614
49,2013-06-21,7559
1086,2013-06-21,11087
1115,2013-06-21,6616
85,2013-06-22,6071
71,2013-06-22,6797
102,2013-06-22,4927
105,2013-06-22,3019
10,2013-06-22,4795
57,2013-06-22,7823
50,2013-06-22,3972
49,2013-06-22,6559
1086,2013-06-22,6219
1115,2013-06-22,5046
85,2013-06-23,13647
71,2013-06-23,0
102,2013-06-23,0
105,2013-06-23,0
10,2013-06-23,0
57,2013-06-23,0
50,2013-06-23,0
49,2013-06-23,0
1115,2013-06-23,0
1086,2013-06-23,0
85,2013-06-24,4998
71,2013-06-24,7328
102,2013-06-24,4703
105,2013-06-24,4034
10,2013-06-24,5905
57,2013-06-24,10747
50,2013-06-24,3367
49,2013-06-24,5579
1115,2013-06-24,4180
1086,2013-06-24,7918
85,2013-06-25,5385
71,2013-06-25,7655
102,2013-06-25,4213
105,2013-06-25,3136
10,2013-06-25,4946
57,2013-06-25,7834
50,2013-06-25,2995
49,2013-06-25,5840
1115,2013-06-25,3981
1086,2013-06-25,7706
85,2013-06-26,5683
71,2013-06-26,6197
102,2013-06-26,3688
105,2013-06-26,3555
10,2013-06-26,4923
57,2013-06-26,8078
50,2013-06-26,3103
49,2013-06-26,5948
1115,2013-06-26,4446
1086,2013-06-26,6962
85,2013-06-27,5854
71,2013-06-27,7476
102,2013-06-27,4393
105,2013-06-27,3327
10,2013-06-27,4791
57,2013-06-27,9477
50,2013-06-27,3720
49,2013-06-27,5628
1115,2013-06-27,4537
1086,2013-06-27,7929
71,2013-06-28,8453
85,2013-06-28,6708
102,2013-06-28,7630
105,2013-06-28,3958
10,2013-06-28,5814
57,2013-06-28,11404
50,2013-06-28,3909
49,2013-06-28,6811
1115,2013-06-28,5651
1086,2013-06-28,8137
71,2013-06-29,7056
85,2013-06-29,6587
102,2013-06-29,7611
105,2013-06-29,2600
10,2013-06-29,4610
57,2013-06-29,7708
50,2013-06-29,4587
49,2013-06-29,7453
1115,2013-06-29,6261
1086,2013-06-29,7549
85,2013-06-30,14016
71,2013-06-30,0
102,2013-06-30,0
105,2013-06-30,0
10,2013-06-30,0
57,2013-06-30,0
50,2013-06-30,0
49,2013-06-30,0
1115,2013-06-30,0
1086,2013-06-30,0
102,2013-07-01,11907
85,2013-07-01,9180
105,2013-07-01,6330
71,2013-07-01,13900
10,2013-07-01,7138
57,2013-07-01,18946
49,2013-07-01,8588
50,2013-07-01,6595
1115,2013-07-01,7505
1086,2013-07-01,15547
85,2013-07-02,8255
71,2013-07-02,11821
102,2013-07-02,9089
105,2013-07-02,5284
10,2013-07-02,5828
57,2013-07-02,14870
50,2013-07-02,4866
49,2013-07-02,7493
1115,2013-07-02,6754
1086,2013-07-02,13761
71,2013-07-03,10280
85,2013-07-03,7238
102,2013-07-03,6892
105,2013-07-03,4354
10,2013-07-03,5636
57,2013-07-03,13870
50,2013-07-03,5490
49,2013-07-03,7776
1115,2013-07-03,6370
1086,2013-07-03,11812
85,2013-07-04,6630
71,2013-07-04,9725
102,2013-07-04,7677
105,2013-07-04,4319
10,2013-07-04,5798
57,2013-07-04,12912
50,2013-07-04,4897
49,2013-07-04,7647
1115,2013-07-04,6101
1086,2013-07-04,12005
85,2013-07-05,6344
71,2013-07-05,9907
102,2013-07-05,6896
105,2013-07-05,4574
10,2013-07-05,5663
57,2013-07-05,13706
50,2013-07-05,5441
49,2013-07-05,7222
1086,2013-07-05,10729
1115,2013-07-05,6674
85,2013-07-06,4684
71,2013-07-06,6708
102,2013-07-06,5010
105,2013-07-06,2939
10,2013-07-06,4349
57,2013-07-06,7827
50,2013-07-06,3918
49,2013-07-06,6151
1086,2013-07-06,6712
1115,2013-07-06,5503
85,2013-07-07,11606
71,2013-07-07,0
102,2013-07-07,0
105,2013-07-07,0
10,2013-07-07,0
57,2013-07-07,0
50,2013-07-07,0
49,2013-07-07,0
1115,2013-07-07,0
1086,2013-07-07,0
85,2013-07-08,6070
71,2013-07-08,7510
102,2013-07-08,5058
105,2013-07-08,3819
10,2013-07-08,5792
57,2013-07-08,10474
50,2013-07-08,4005
49,2013-07-08,5613
1115,2013-07-08,4402
1086,2013-07-08,8683
85,2013-07-09,5183
71,2013-07-09,7538
102,2013-07-09,4621
105,2013-07-09,3924
10,2013-07-09,4503
57,2013-07-09,10168
50,2013-07-09,3134
49,2013-07-09,5668
1115,2013-07-09,3873
1086,2013-07-09,8142
85,2013-07-10,5408
71,2013-07-10,8255
102,2013-07-10,4674
105,2013-07-10,3272
10,2013-07-10,4305
57,2013-07-10,9971
50,2013-07-10,2832
49,2013-07-10,5624
1115,2013-07-10,3571
1086,2013-07-10,8274
85,2013-07-11,5292
71,2013-07-11,7516
102,2013-07-11,4701
105,2013-07-11,3418
10,2013-07-11,4161
57,2013-07-11,10844
50,2013-07-11,3558
49,2013-07-11,5808
1115,2013-07-11,4493
1086,2013-07-11,8212
85,2013-07-12,5181
71,2013-07-12,7754
102,2013-07-12,5345
105,2013-07-12,3734
10,2013-07-12,4595
57,2013-07-12,10650
50,2013-07-12,3675
49,2013-07-12,6693
1086,2013-07-12,8610
1115,2013-07-12,4714
85,2013-07-13,5237
71,2013-07-13,7227
102,2013-07-13,5022
105,2013-07-13,2634
10,2013-07-13,4090
57,2013-07-13,8536
50,2013-07-13,3799
49,2013-07-13,6605
1086,2013-07-13,5454
1115,2013-07-13,5670
85,2013-07-14,13010
71,2013-07-14,0
102,2013-07-14,0
105,2013-07-14,0
10,2013-07-14,0
57,2013-07-14,0
50,2013-07-14,0
49,2013-07-14,0
1115,2013-07-14,0
1086,2013-07-14,0
85,2013-07-15,7953
71,2013-07-15,16135
102,2013-07-15,11996
105,2013-07-15,6593
10,2013-07-15,7179
57,2013-07-15,20796
50,2013-07-15,6680
49,2013-07-15,9474
1115,2013-07-15,8157
1086,2013-07-15,15000
85,2013-07-16,7077
71,2013-07-16,11916
102,2013-07-16,8898
105,2013-07-16,5135
10,2013-07-16,6093
57,2013-07-16,14749
50,2013-07-16,4960
49,2013-07-16,6782
1115,2013-07-16,5881
1086,2013-07-16,13024
85,2013-07-17,6551
71,2013-07-17,10905
102,2013-07-17,8009
105,2013-07-17,4628
10,2013-07-17,5200
57,2013-07-17,12473
50,2013-07-17,4405
49,2013-07-17,7955
1115,2013-07-17,5757
1086,2013-07-17,10378
85,2013-07-18,6355
71,2013-07-18,9430
102,2013-07-18,7286
105,2013-07-18,4478
10,2013-07-18,5048
57,2013-07-18,12530
50,2013-07-18,4473
49,2013-07-18,8548
1115,2013-07-18,5588
1086,2013-07-18,11085
102,2013-07-19,7725
85,2013-07-19,5770
105,2013-07-19,4153
71,2013-07-19,12195
10,2013-07-19,6122
57,2013-07-19,13576
49,2013-07-19,7641
50,2013-07-19,4582
1115,2013-07-19,6234
1086,2013-07-19,11157
85,2013-07-20,5218
71,2013-07-20,6352
102,2013-07-20,5420
105,2013-07-20,2398
10,2013-07-20,3957
57,2013-07-20,7932
50,2013-07-20,3710
49,2013-07-20,7277
1086,2013-07-20,6030
1115,2013-07-20,4669
85,2013-07-21,10880
71,2013-07-21,0
102,2013-07-21,0
105,2013-07-21,0
10,2013-07-21,0
57,2013-07-21,0
50,2013-07-21,0
49,2013-07-21,0
1086,2013-07-21,0
1115,2013-07-21,0
85,2013-07-22,5489
71,2013-07-22,7059
102,2013-07-22,4806
105,2013-07-22,4061
10,2013-07-22,4553
57,2013-07-22,10266
50,2013-07-22,3023
49,2013-07-22,5258
1115,2013-07-22,3900
1086,2013-07-22,7971
85,2013-07-23,5092
71,2013-07-23,6299
102,2013-07-23,4144
105,2013-07-23,3446
10,2013-07-23,4482
57,2013-07-23,9318
50,2013-07-23,2858
49,2013-07-23,5443
1115,2013-07-23,3246
1086,2013-07-23,7471
85,2013-07-24,4980
71,2013-07-24,7138
102,2013-07-24,4489
105,2013-07-24,3457
10,2013-07-24,4160
57,2013-07-24,8852
50,2013-07-24,3365
49,2013-07-24,5657
1115,2013-07-24,4245
1086,2013-07-24,7401
85,2013-07-25,5110
71,2013-07-25,6506
102,2013-07-25,4698
105,2013-07-25,3391
10,2013-07-25,4238
57,2013-07-25,9691
50,2013-07-25,3487
49,2013-07-25,5795
1115,2013-07-25,3674
1086,2013-07-25,7450
85,2013-07-26,5014
71,2013-07-26,8540
102,2013-07-26,4307
105,2013-07-26,3732
10,2013-07-26,4264
57,2013-07-26,9380
50,2013-07-26,3508
49,2013-07-26,6538
1086,2013-07-26,6866
1115,2013-07-26,4764
85,2013-07-27,4897
71,2013-07-27,5936
102,2013-07-27,4236
105,2013-07-27,2515
10,2013-07-27,3927
57,2013-07-27,7347
50,2013-07-27,3035
49,2013-07-27,6587
1086,2013-07-27,4911
1115,2013-07-27,4511
85,2013-07-28,10728
71,2013-07-28,0
102,2013-07-28,0
105,2013-07-28,0
10,2013-07-28,0
57,2013-07-28,0
50,2013-07-28,0
49,2013-07-28,0
1115,2013-07-28,0
1086,2013-07-28,0
85,2013-07-29,8098
71,2013-07-29,13634
102,2013-07-29,11256
105,2013-07-29,6177
10,2013-07-29,7368
57,2013-07-29,18757
50,2013-07-29,7058
49,2013-07-29,11128
1115,2013-07-29,8039
1086,2013-07-29,16096
85,2013-07-30,8045
71,2013-07-30,11637
102,2013-07-30,9237
105,2013-07-30,5762
10,2013-07-30,6378
57,2013-07-30,15681
50,2013-07-30,4901
49,2013-07-30,8615
1115,2013-07-30,7119
1086,2013-07-30,15572
85,2013-07-31,7975
71,2013-07-31,12184
102,2013-07-31,11666
105,2013-07-31,5013
10,2013-07-31,5915
57,2013-07-31,14295
50,2013-07-31,5288
49,2013-07-31,8700
1115,2013-07-31,6209
1086,2013-07-31,15938
85,2013-08-01,7052
71,2013-08-01,10033
102,2013-08-01,8693
105,2013-08-01,4735
10,2013-08-01,5861
57,2013-08-01,14382
50,2013-08-01,4421
49,2013-08-01,8302
1115,2013-08-01,5745
1086,2013-08-01,10388
102,2013-08-02,6559
85,2013-08-02,6719
105,2013-08-02,4630
71,2013-08-02,8944
10,2013-08-02,5052
57,2013-08-02,11749
49,2013-08-02,7640
50,2013-08-02,4637
1086,2013-08-02,9054
1115,2013-08-02,5824
71,2013-08-03,6796
85,2013-08-03,5481
102,2013-08-03,5637
105,2013-08-03,2965
10,2013-08-03,3805
57,2013-08-03,7956
50,2013-08-03,3953
49,2013-08-03,7146
1115,2013-08-03,5576
1086,2013-08-03,6757
85,2013-08-04,14538
71,2013-08-04,0
102,2013-08-04,0
105,2013-08-04,0
10,2013-08-04,0
57,2013-08-04,0
50,2013-08-04,0
49,2013-08-04,0
1115,2013-08-04,0
1086,2013-08-04,0
102,2013-08-05,5797
85,2013-08-05,5905
105,2013-08-05,4044
71,2013-08-05,8169
10,2013-08-05,5504
57,2013-08-05,9492
49,2013-08-05,5924
50,2013-08-05,3071
1115,2013-08-05,3840
1086,2013-08-05,8485
85,2013-08-06,5675
71,2013-08-06,7090
102,2013-08-06,5084
105,2013-08-06,2689
10,2013-08-06,5008
57,2013-08-06,8555
50,2013-08-06,2792
49,2013-08-06,5018
1115,2013-08-06,3419
1086,2013-08-06,8097
85,2013-08-07,5200
71,2013-08-07,6879
102,2013-08-07,5350
105,2013-08-07,3592
10,2013-08-07,5064
57,2013-08-07,8797
50,2013-08-07,3279
49,2013-08-07,5718
1115,2013-08-07,4248
1086,2013-08-07,7938
85,2013-08-08,5240
71,2013-08-08,7327
102,2013-08-08,4875
105,2013-08-08,3641
10,2013-08-08,4719
57,2013-08-08,8935
50,2013-08-08,2924
49,2013-08-08,5896
1115,2013-08-08,4480
1086,2013-08-08,7640
102,2013-08-09,4892
85,2013-08-09,5428
105,2013-08-09,3555
71,2013-08-09,7894
10,2013-08-09,4829
57,2013-08-09,9986
49,2013-08-09,6634
50,2013-08-09,3408
1115,2013-08-09,5017
1086,2013-08-09,7570
85,2013-08-10,5362
71,2013-08-10,6649
102,2013-08-10,5040
105,2013-08-10,2397
10,2013-08-10,4648
57,2013-08-10,6834
50,2013-08-10,3513
49,2013-08-10,5796
1086,2013-08-10,5449
1115,2013-08-10,5272
85,2013-08-11,12382
71,2013-08-11,0
102,2013-08-11,0
105,2013-08-11,0
10,2013-08-11,0
57,2013-08-11,0
50,2013-08-11,0
49,2013-08-11,0
1086,2013-08-11,0
1115,2013-08-11,0
85,2013-08-12,8656
71,2013-08-12,14207
102,2013-08-12,12019
105,2013-08-12,6418
10,2013-08-12,8062
57,2013-08-12,19326
50,2013-08-12,6944
49,2013-08-12,9453
1115,2013-08-12,7917
1086,2013-08-12,16728
102,2013-08-13,8435
85,2013-08-13,7823
71,2013-08-13,11818
105,2013-08-13,4725
10,2013-08-13,6781
57,2013-08-13,14541
49,2013-08-13,8241
50,2013-08-13,5152
1115,2013-08-13,6908
1086,2013-08-13,12480
85,2013-08-14,7602
71,2013-08-14,10038
102,2013-08-14,8929
105,2013-08-14,3923
10,2013-08-14,5972
57,2013-08-14,12356
50,2013-08-14,4358
49,2013-08-14,8591
1086,2013-08-14,10977
1115,2013-08-14,5867
102,2013-08-15,7017
85,2013-08-15,7106
71,2013-08-15,9171
105,2013-08-15,4446
10,2013-08-15,5212
57,2013-08-15,12435
49,2013-08-15,6556
50,2013-08-15,5224
1115,2013-08-15,6237
1086,2013-08-15,11450
85,2013-08-16,6991
71,2013-08-16,8627
102,2013-08-16,6738
105,2013-08-16,4543
10,2013-08-16,5604
57,2013-08-16,10892
50,2013-08-16,4420
49,2013-08-16,7485
1115,2013-08-16,5403
1086,2013-08-16,11048
85,2013-08-17,4496
71,2013-08-17,5333
102,2013-08-17,3960
105,2013-08-17,2158
10,2013-08-17,4703
57,2013-08-17,6761
50,2013-08-17,3382
49,2013-08-17,5953
1115,2013-08-17,5606
1086,2013-08-17,5559
71,2013-08-18,0
85,2013-08-18,11884
102,2013-08-18,0
105,2013-08-18,0
10,2013-08-18,0
57,2013-08-18,0
50,2013-08-18,0
49,2013-08-18,0
1115,2013-08-18,0
1086,2013-08-18,0
85,2013-08-19,5726
71,2013-08-19,7723
102,2013-08-19,4687
105,2013-08-19,3596
10,2013-08-19,4556
57,2013-08-19,8668
50,2013-08-19,3380
49,2013-08-19,5531
1086,2013-08-19,7955
1115,2013-08-19,5899
85,2013-08-20,5349
71,2013-08-20,6596
102,2013-08-20,4128
105,2013-08-20,3536
10,2013-08-20,4433
57,2013-08-20,9313
50,2013-08-20,2399
49,2013-08-20,4818
1115,2013-08-20,4061
1086,2013-08-20,7123
71,2013-08-21,6504
85,2013-08-21,5042
102,2013-08-21,3706
105,2013-08-21,2860
10,2013-08-21,4709
57,2013-08-21,8416
50,2013-08-21,2426
49,2013-08-21,5352
1086,2013-08-21,7020
1115,2013-08-21,4583
85,2013-08-22,4855
71,2013-08-22,6232
102,2013-08-22,3980
105,2013-08-22,2868
10,2013-08-22,4359
57,2013-08-22,8595
50,2013-08-22,3115
49,2013-08-22,5533
1115,2013-08-22,4189
1086,2013-08-22,6769
85,2013-08-23,5267
71,2013-08-23,5779
102,2013-08-23,3972
105,2013-08-23,3095
10,2013-08-23,4592
57,2013-08-23,9078
50,2013-08-23,3079
49,2013-08-23,5807
1115,2013-08-23,4892
1086,2013-08-23,7663
71,2013-08-24,4952
85,2013-08-24,4829
102,2013-08-24,4242
105,2013-08-24,2443
10,2013-08-24,5032
57,2013-08-24,7338
50,2013-08-24,3783
49,2013-08-24,5524
1115,2013-08-24,4875
1086,2013-08-24,6222
85,2013-08-25,11306
71,2013-08-25,0
102,2013-08-25,0
105,2013-08-25,0
10,2013-08-25,0
57,2013-08-25,0
50,2013-08-25,0
49,2013-08-25,0
1115,2013-08-25,0
1086,2013-08-25,0
85,2013-08-26,8885
71,2013-08-26,12177
102,2013-08-26,9264
105,2013-08-26,5662
10,2013-08-26,6588
57,2013-08-26,19200
50,2013-08-26,6052
49,2013-08-26,9519
1086,2013-08-26,16061
1115,2013-08-26,9322
85,2013-08-27,6598
71,2013-08-27,10410
102,2013-08-27,6813
105,2013-08-27,3702
10,2013-08-27,6350
57,2013-08-27,14142
50,2013-08-27,4922
49,2013-08-27,7181
1115,2013-08-27,6095
1086,2013-08-27,12349
85,2013-08-28,7139
71,2013-08-28,9067
102,2013-08-28,6465
105,2013-08-28,4267
10,2013-08-28,5791
57,2013-08-28,12263
50,2013-08-28,4465
49,2013-08-28,6925
1115,2013-08-28,5773
1086,2013-08-28,11215
85,2013-08-29,6156
71,2013-08-29,9550
102,2013-08-29,6972
105,2013-08-29,4188
10,2013-08-29,5578
57,2013-08-29,11478
50,2013-08-29,3886
49,2013-08-29,6773
1115,2013-08-29,6570
1086,2013-08-29,10771
85,2013-08-30,7207
71,2013-08-30,12245
102,2013-08-30,10777
105,2013-08-30,4726
10,2013-08-30,6448
57,2013-08-30,14637
50,2013-08-30,5414
49,2013-08-30,7252
1115,2013-08-30,7545
1086,2013-08-30,12157
85,2013-08-31,5582
71,2013-08-31,6456
102,2013-08-31,6454
105,2013-08-31,2870
10,2013-08-31,4717
57,2013-08-31,8620
50,2013-08-31,4574
49,2013-08-31,6946
1115,2013-08-31,6374
1086,2013-08-31,7126
85,2013-09-01,13706
71,2013-09-01,0
102,2013-09-01,0
105,2013-09-01,0
10,2013-09-01,0
57,2013-09-01,0
50,2013-09-01,0
49,2013-09-01,0
1115,2013-09-01,0
1086,2013-09-01,0
71,2013-09-02,7412
85,2013-09-02,5734
102,2013-09-02,7177
105,2013-09-02,3138
10,2013-09-02,4674
57,2013-09-02,8973
50,2013-09-02,3503
49,2013-09-02,5631
1115,2013-09-02,3977
1086,2013-09-02,7921
85,2013-09-03,5227
71,2013-09-03,7202
102,2013-09-03,5845
105,2013-09-03,2918
10,2013-09-03,4968
57,2013-09-03,8916
50,2013-09-03,2938
49,2013-09-03,5283
1086,2013-09-03,7817
1115,2013-09-03,3504
85,2013-09-04,5602
71,2013-09-04,7327
102,2013-09-04,5276
105,2013-09-04,3445
10,2013-09-04,4160
57,2013-09-04,9000
50,2013-09-04,3062
49,2013-09-04,5081
1115,2013-09-04,3444
1086,2013-09-04,7305
102,2013-09-05,3736
85,2013-09-05,5223
71,2013-09-05,6419
105,2013-09-05,2933
10,2013-09-05,4717
57,2013-09-05,9459
49,2013-09-05,5487
50,2013-09-05,2962
1086,2013-09-05,8028
1115,2013-09-05,3795
71,2013-09-06,7498
85,2013-09-06,5242
102,2013-09-06,3945
105,2013-09-06,3445
10,2013-09-06,4582
57,2013-09-06,9956
50,2013-09-06,2991
49,2013-09-06,5249
1086,2013-09-06,7395
1115,2013-09-06,5426
85,2013-09-07,5428
71,2013-09-07,6795
102,2013-09-07,5564
105,2013-09-07,2887
10,2013-09-07,4467
57,2013-09-07,7314
50,2013-09-07,3773
49,2013-09-07,6962
1086,2013-09-07,5575
1115,2013-09-07,6421
71,2013-09-08,0
85,2013-09-08,8383
102,2013-09-08,0
105,2013-09-08,0
10,2013-09-08,0
57,2013-09-08,0
50,2013-09-08,0
49,2013-09-08,0
1115,2013-09-08,0
1086,2013-09-08,0
85,2013-09-09,7959
71,2013-09-09,15770
102,2013-09-09,12074
105,2013-09-09,6888
10,2013-09-09,7486
57,2013-09-09,17354
50,2013-09-09,6526
49,2013-09-09,12032
1086,2013-09-09,15876
1115,2013-09-09,8044
85,2013-09-10,7756
71,2013-09-10,10786
102,2013-09-10,8309
105,2013-09-10,5016
10,2013-09-10,5937
57,2013-09-10,14164
50,2013-09-10,5340
49,2013-09-10,9165
1086,2013-09-10,11700
1115,2013-09-10,6744
85,2013-09-11,6800
71,2013-09-11,10939
102,2013-09-11,7543
105,2013-09-11,5053
10,2013-09-11,4936
57,2013-09-11,12476
50,2013-09-11,4755
49,2013-09-11,7086
1115,2013-09-11,5978
1086,2013-09-11,10146
85,2013-09-12,6439
71,2013-09-12,10874
102,2013-09-12,7803
105,2013-09-12,3772
10,2013-09-12,5681
57,2013-09-12,12253
50,2013-09-12,4272
49,2013-09-12,6956
1115,2013-09-12,6110
1086,2013-09-12,10510
85,2013-09-13,6417
71,2013-09-13,11714
102,2013-09-13,7668
105,2013-09-13,4463
10,2013-09-13,5518
57,2013-09-13,12545
50,2013-09-13,4727
49,2013-09-13,6632
1115,2013-09-13,6703
1086,2013-09-13,10789
85,2013-09-14,4951
71,2013-09-14,6912
102,2013-09-14,4790
105,2013-09-14,2669
10,2013-09-14,4262
57,2013-09-14,7941
50,2013-09-14,3845
49,2013-09-14,6531
1115,2013-09-14,6093
1086,2013-09-14,5586
85,2013-09-15,12193
71,2013-09-15,0
102,2013-09-15,0
105,2013-09-15,0
10,2013-09-15,0
57,2013-09-15,0
50,2013-09-15,0
49,2013-09-15,0
1115,2013-09-15,0
1086,2013-09-15,0
71,2013-09-16,7008
85,2013-09-16,5575
102,2013-09-16,4876
105,2013-09-16,3830
10,2013-09-16,5405
57,2013-09-16,9283
50,2013-09-16,3044
49,2013-09-16,5028
1115,2013-09-16,3664
1086,2013-09-16,7731
85,2013-09-17,4940
71,2013-09-17,6292
102,2013-09-17,4715
105,2013-09-17,3210
10,2013-09-17,4394
57,2013-09-17,8462
50,2013-09-17,3056
49,2013-09-17,5128
1086,2013-09-17,6407
1115,2013-09-17,3574
85,2013-09-18,4560
71,2013-09-18,6562
102,2013-09-18,4008
105,2013-09-18,3107
10,2013-09-18,4544
57,2013-09-18,7480
50,2013-09-18,2658
49,2013-09-18,5002
1115,2013-09-18,3816
1086,2013-09-18,6259
85,2013-09-19,4656
71,2013-09-19,5794
102,2013-09-19,4104
105,2013-09-19,3385
10,2013-09-19,4205
57,2013-09-19,9017
50,2013-09-19,2482
49,2013-09-19,4833
1115,2013-09-19,4409
1086,2013-09-19,7117
85,2013-09-20,4949
71,2013-09-20,7368
102,2013-09-20,4415
105,2013-09-20,3097
10,2013-09-20,4708
57,2013-09-20,9544
50,2013-09-20,2841
49,2013-09-20,6052
1115,2013-09-20,4488
1086,2013-09-20,6316
85,2013-09-21,4374
71,2013-09-21,5796
102,2013-09-21,5120
105,2013-09-21,2692
10,2013-09-21,4137
57,2013-09-21,6800
50,2013-09-21,3623
49,2013-09-21,5299
1115,2013-09-21,4678
1086,2013-09-21,5398
102,2013-09-22,0
85,2013-09-22,7317
105,2013-09-22,0
71,2013-09-22,0
10,2013-09-22,0
57,2013-09-22,0
49,2013-09-22,0
50,2013-09-22,0
1115,2013-09-22,0
1086,2013-09-22,0
85,2013-09-23,7262
71,2013-09-23,12515
102,2013-09-23,9137
105,2013-09-23,5548
10,2013-09-23,7333
57,2013-09-23,16198
50,2013-09-23,5999
49,2013-09-23,7947
1086,2013-09-23,12790
1115,2013-09-23,6873
85,2013-09-24,6893
71,2013-09-24,9564
102,2013-09-24,7391
105,2013-09-24,4601
10,2013-09-24,5854
57,2013-09-24,12689
50,2013-09-24,3792
49,2013-09-24,6271
1086,2013-09-24,10347
1115,2013-09-24,5220
85,2013-09-25,6959
71,2013-09-25,7529
102,2013-09-25,6318
105,2013-09-25,3994
10,2013-09-25,5359
57,2013-09-25,11069
50,2013-09-25,4483
49,2013-09-25,5737
1115,2013-09-25,5728
1086,2013-09-25,9874
85,2013-09-26,6629
71,2013-09-26,8263
102,2013-09-26,6603
105,2013-09-26,3908
10,2013-09-26,5083
57,2013-09-26,10962
50,2013-09-26,4708
49,2013-09-26,7389
1115,2013-09-26,5647
1086,2013-09-26,10126
85,2013-09-27,6565
71,2013-09-27,9872
102,2013-09-27,6109
105,2013-09-27,4592
10,2013-09-27,5088
57,2013-09-27,12147
50,2013-09-27,4718
49,2013-09-27,7428
1115,2013-09-27,5868
1086,2013-09-27,9790
85,2013-09-28,5088
71,2013-09-28,6879
102,2013-09-28,5664
105,2013-09-28,2595
10,2013-09-28,4681
57,2013-09-28,7528
50,2013-09-28,4348
49,2013-09-28,7344
1115,2013-09-28,6001
1086,2013-09-28,6093
102,2013-09-29,0
85,2013-09-29,13267
71,2013-09-29,0
105,2013-09-29,0
10,2013-09-29,0
57,2013-09-29,0
49,2013-09-29,0
50,2013-09-29,0
1115,2013-09-29,0
1086,2013-09-29,0
71,2013-09-30,7386
85,2013-09-30,6269
102,2013-09-30,7778
105,2013-09-30,4169
10,2013-09-30,5515
57,2013-09-30,10683
50,2013-09-30,3805
49,2013-09-30,5942
1115,2013-09-30,3902
1086,2013-09-30,8388
85,2013-10-01,6191
71,2013-10-01,7271
102,2013-10-01,6676
105,2013-10-01,3449
10,2013-10-01,5542
57,2013-10-01,9746
50,2013-10-01,3812
49,2013-10-01,4957
1086,2013-10-01,7783
1115,2013-10-01,3983
85,2013-10-02,6623
71,2013-10-02,8567
102,2013-10-02,5983
105,2013-10-02,3997
10,2013-10-02,5743
57,2013-10-02,9936
50,2013-10-02,3989
49,2013-10-02,7086
1115,2013-10-02,4369
1086,2013-10-02,8314
102,2013-10-03,4959
85,2013-10-03,13297
71,2013-10-03,0
105,2013-10-03,0
10,2013-10-03,0
57,2013-10-03,0
49,2013-10-03,0
50,2013-10-03,0
1086,2013-10-03,0
1115,2013-10-03,0
71,2013-10-04,9516
85,2013-10-04,5905
102,2013-10-04,6171
105,2013-10-04,4102
10,2013-10-04,6017
57,2013-10-04,11629
50,2013-10-04,4275
49,2013-10-04,7895
1086,2013-10-04,10281
1115,2013-10-04,6107
85,2013-10-05,4823
71,2013-10-05,6518
102,2013-10-05,5775
105,2013-10-05,2145
10,2013-10-05,4833
57,2013-10-05,7672
50,2013-10-05,3799
49,2013-10-05,6025
1086,2013-10-05,5263
1115,2013-10-05,6460
85,2013-10-06,9289
71,2013-10-06,0
102,2013-10-06,0
105,2013-10-06,0
10,2013-10-06,0
57,2013-10-06,0
50,2013-10-06,0
49,2013-10-06,0
1115,2013-10-06,0
1086,2013-10-06,0
85,2013-10-07,7854
71,2013-10-07,13905
102,2013-10-07,11219
105,2013-10-07,6403
10,2013-10-07,7173
57,2013-10-07,18112
50,2013-10-07,6325
49,2013-10-07,8829
1086,2013-10-07,15654
1115,2013-10-07,8185
85,2013-10-08,6135
71,2013-10-08,10033
102,2013-10-08,8592
105,2013-10-08,4605
10,2013-10-08,5908
57,2013-10-08,14171
50,2013-10-08,4477
49,2013-10-08,6857
1115,2013-10-08,5974
1086,2013-10-08,12516
85,2013-10-09,6001
71,2013-10-09,10001
102,2013-10-09,6692
105,2013-10-09,4047
10,2013-10-09,4946
57,2013-10-09,11805
50,2013-10-09,4100
49,2013-10-09,7334
1115,2013-10-09,6531
1086,2013-10-09,13198
85,2013-10-10,6329
71,2013-10-10,10005
102,2013-10-10,7692
105,2013-10-10,3762
10,2013-10-10,5067
57,2013-10-10,11188
50,2013-10-10,4223
49,2013-10-10,6385
1115,2013-10-10,6158
1086,2013-10-10,11092
85,2013-10-11,6373
71,2013-10-11,10343
102,2013-10-11,6451
105,2013-10-11,4675
10,2013-10-11,4936
57,2013-10-11,11915
50,2013-10-11,4438
49,2013-10-11,7655
1115,2013-10-11,6358
1086,2013-10-11,9100
85,2013-10-12,5272
71,2013-10-12,6808
102,2013-10-12,5874
105,2013-10-12,2536
10,2013-10-12,3644
57,2013-10-12,7650
50,2013-10-12,3788
49,2013-10-12,6287
1115,2013-10-12,5697
1086,2013-10-12,4659
71,2013-10-13,0
85,2013-10-13,12038
102,2013-10-13,0
105,2013-10-13,0
10,2013-10-13,0
57,2013-10-13,0
50,2013-10-13,0
49,2013-10-13,0
1086,2013-10-13,0
1115,2013-10-13,0
85,2013-10-14,5194
71,2013-10-14,6007
102,2013-10-14,6036
105,2013-10-14,3590
10,2013-10-14,4809
57,2013-10-14,10298
50,2013-10-14,2824
49,2013-10-14,5945
1086,2013-10-14,7639
1115,2013-10-14,4909
85,2013-10-15,4895
71,2013-10-15,6118
102,2013-10-15,4031
105,2013-10-15,2880
10,2013-10-15,4252
57,2013-10-15,8559
50,2013-10-15,2803
49,2013-10-15,5241
1086,2013-10-15,6531
1115,2013-10-15,4197
85,2013-10-16,5261
71,2013-10-16,5827
102,2013-10-16,4286
105,2013-10-16,3386
10,2013-10-16,3481
57,2013-10-16,9012
50,2013-10-16,2855
49,2013-10-16,5342
1115,2013-10-16,3651
1086,2013-10-16,7659
85,2013-10-17,5178
71,2013-10-17,6514
102,2013-10-17,4663
105,2013-10-17,2823
10,2013-10-17,4148
57,2013-10-17,8351
50,2013-10-17,2956
49,2013-10-17,4937
1086,2013-10-17,6885
1115,2013-10-17,3829
85,2013-10-18,5117
71,2013-10-18,7135
102,2013-10-18,4237
105,2013-10-18,3340
10,2013-10-18,4294
57,2013-10-18,8988
50,2013-10-18,2554
49,2013-10-18,5927
1086,2013-10-18,6408
1115,2013-10-18,4204
85,2013-10-19,4906
71,2013-10-19,6461
102,2013-10-19,4873
105,2013-10-19,2547
10,2013-10-19,4313
57,2013-10-19,7912
50,2013-10-19,3577
49,2013-10-19,6180
1115,2013-10-19,5323
1086,2013-10-19,4898
85,2013-10-20,7310
71,2013-10-20,0
102,2013-10-20,0
105,2013-10-20,0
10,2013-10-20,0
57,2013-10-20,0
50,2013-10-20,0
49,2013-10-20,0
1115,2013-10-20,0
1086,2013-10-20,0
85,2013-10-21,7494
71,2013-10-21,11669
102,2013-10-21,10066
105,2013-10-21,5455
10,2013-10-21,7099
57,2013-10-21,16687
50,2013-10-21,5482
49,2013-10-21,8059
1115,2013-10-21,7252
1086,2013-10-21,14088
85,2013-10-22,6159
71,2013-10-22,9358
102,2013-10-22,8454
105,2013-10-22,4201
10,2013-10-22,6067
57,2013-10-22,12302
50,2013-10-22,3790
49,2013-10-22,6887
1086,2013-10-22,10600
1115,2013-10-22,5493
85,2013-10-23,6317
71,2013-10-23,8189
102,2013-10-23,6190
105,2013-10-23,4511
10,2013-10-23,5570
57,2013-10-23,11416
50,2013-10-23,4228
49,2013-10-23,6642
1115,2013-10-23,4737
1086,2013-10-23,10357
85,2013-10-24,5822
71,2013-10-24,8488
102,2013-10-24,6463
105,2013-10-24,4322
10,2013-10-24,5789
57,2013-10-24,11416
50,2013-10-24,4563
49,2013-10-24,5882
1115,2013-10-24,5763
1086,2013-10-24,9602
85,2013-10-25,6328
71,2013-10-25,9798
102,2013-10-25,6062
105,2013-10-25,3959
10,2013-10-25,5592
57,2013-10-25,10732
50,2013-10-25,4150
49,2013-10-25,7099
1115,2013-10-25,5917
1086,2013-10-25,9355
85,2013-10-26,4680
71,2013-10-26,5695
102,2013-10-26,4751
105,2013-10-26,2451
10,2013-10-26,4450
57,2013-10-26,7110
50,2013-10-26,4382
49,2013-10-26,5817
1115,2013-10-26,5465
1086,2013-10-26,5128
85,2013-10-27,11363
71,2013-10-27,0
102,2013-10-27,0
105,2013-10-27,0
10,2013-10-27,0
57,2013-10-27,0
50,2013-10-27,0
49,2013-10-27,0
1115,2013-10-27,0
1086,2013-10-27,0
85,2013-10-28,5697
71,2013-10-28,6770
102,2013-10-28,4132
105,2013-10-28,2934
10,2013-10-28,4790
57,2013-10-28,8121
50,2013-10-28,2665
49,2013-10-28,5145
1115,2013-10-28,3784
1086,2013-10-28,6593
71,2013-10-29,6687
85,2013-10-29,4843
102,2013-10-29,4290
105,2013-10-29,3531
10,2013-10-29,4612
57,2013-10-29,9049
50,2013-10-29,2913
49,2013-10-29,5823
1115,2013-10-29,4085
1086,2013-10-29,11157
85,2013-10-30,5698
71,2013-10-30,6995
102,2013-10-30,6076
105,2013-10-30,3627
10,2013-10-30,4877
57,2013-10-30,11483
50,2013-10-30,2940
49,2013-10-30,5326
1086,2013-10-30,8793
1115,2013-10-30,4741
85,2013-10-31,5860
71,2013-10-31,9516
102,2013-10-31,7617
105,2013-10-31,4652
10,2013-10-31,5093
57,2013-10-31,0
50,2013-10-31,4270
49,2013-10-31,6739
1115,2013-10-31,4164
1086,2013-10-31,8590
102,2013-11-01,0
85,2013-11-01,6032
71,2013-11-01,0
105,2013-11-01,0
10,2013-11-01,5410
57,2013-11-01,12731
49,2013-11-01,0
50,2013-11-01,0
1086,2013-11-01,8950
1115,2013-11-01,4746
71,2013-11-02,7713
85,2013-11-02,5588
102,2013-11-02,7284
105,2013-11-02,3343
10,2013-11-02,5015
57,2013-11-02,8517
50,2013-11-02,5775
49,2013-11-02,7757
1086,2013-11-02,6666
1115,2013-11-02,6616
85,2013-11-03,8226
71,2013-11-03,0
102,2013-11-03,0
105,2013-11-03,0
10,2013-11-03,0
57,2013-11-03,0
50,2013-11-03,0
49,2013-11-03,0
1086,2013-11-03,0
1115,2013-11-03,0
71,2013-11-04,13004
85,2013-11-04,8776
102,2013-11-04,9064
105,2013-11-04,6845
10,2013-11-04,6389
57,2013-11-04,19199
50,2013-11-04,6807
49,2013-11-04,10062
1115,2013-11-04,7272
1086,2013-11-04,15719
85,2013-11-05,7795
71,2013-11-05,11963
102,2013-11-05,8757
105,2013-11-05,5042
10,2013-11-05,6824
57,2013-11-05,13368
50,2013-11-05,4706
49,2013-11-05,7580
1086,2013-11-05,11623
1115,2013-11-05,6108
85,2013-11-06,7105
71,2013-11-06,10032
102,2013-11-06,7400
105,2013-11-06,4164
10,2013-11-06,5708
57,2013-11-06,12554
50,2013-11-06,4513
49,2013-11-06,7354
1086,2013-11-06,10750
1115,2013-11-06,5612
85,2013-11-07,6578
71,2013-11-07,10220
102,2013-11-07,5772
105,2013-11-07,4269
10,2013-11-07,5652
57,2013-11-07,12022
50,2013-11-07,4927
49,2013-11-07,6937
1115,2013-11-07,6467
1086,2013-11-07,10408
85,2013-11-08,6459
71,2013-11-08,12034
102,2013-11-08,7378
105,2013-11-08,4492
10,2013-11-08,5925
57,2013-11-08,12201
50,2013-11-08,4432
49,2013-11-08,8145
1115,2013-11-08,6617
1086,2013-11-08,13949
85,2013-11-09,5046
71,2013-11-09,7497
102,2013-11-09,6131
105,2013-11-09,3414
10,2013-11-09,4557
57,2013-11-09,7797
50,2013-11-09,4218
49,2013-11-09,6719
1115,2013-11-09,6513
1086,2013-11-09,6774
85,2013-11-10,11525
71,2013-11-10,0
102,2013-11-10,0
105,2013-11-10,0
10,2013-11-10,0
57,2013-11-10,0
50,2013-11-10,0
49,2013-11-10,0
1115,2013-11-10,0
1086,2013-11-10,0
85,2013-11-11,5639
71,2013-11-11,7808
102,2013-11-11,5054
105,2013-11-11,3939
10,2013-11-11,5022
57,2013-11-11,9377
50,2013-11-11,3151
49,2013-11-11,5796
1115,2013-11-11,4008
1086,2013-11-11,7061
71,2013-11-12,7191
85,2013-11-12,5165
102,2013-11-12,4267
105,2013-11-12,3608
10,2013-11-12,4209
57,2013-11-12,8571
50,2013-11-12,3061
49,2013-11-12,5113
1115,2013-11-12,3560
1086,2013-11-12,8275
85,2013-11-13,5327
71,2013-11-13,7141
102,2013-11-13,5056
105,2013-11-13,3112
10,2013-11-13,4601
57,2013-11-13,8523
50,2013-11-13,2596
49,2013-11-13,5217
1086,2013-11-13,7169
1115,2013-11-13,4064
85,2013-11-14,5330
71,2013-11-14,6891
102,2013-11-14,4493
105,2013-11-14,3276
10,2013-11-14,4569
57,2013-11-14,9525
50,2013-11-14,3159
49,2013-11-14,4452
1115,2013-11-14,4316
1086,2013-11-14,7435
85,2013-11-15,5804
71,2013-11-15,7190
102,2013-11-15,4868
105,2013-11-15,4317
10,2013-11-15,5010
57,2013-11-15,9460
50,2013-11-15,3682
49,2013-11-15,6141
1115,2013-11-15,4745
1086,2013-11-15,9310
85,2013-11-16,5985
71,2013-11-16,7115
102,2013-11-16,6103
105,2013-11-16,2883
10,2013-11-16,5092
57,2013-11-16,8362
50,2013-11-16,4196
49,2013-11-16,6871
1115,2013-11-16,6446
1086,2013-11-16,6183
85,2013-11-17,13629
71,2013-11-17,0
102,2013-11-17,0
105,2013-11-17,0
10,2013-11-17,0
57,2013-11-17,0
50,2013-11-17,0
49,2013-11-17,0
1115,2013-11-17,0
1086,2013-11-17,0
102,2013-11-18,9386
85,2013-11-18,8466
105,2013-11-18,6024
71,2013-11-18,13791
10,2013-11-18,7573
57,2013-11-18,19130
49,2013-11-18,8934
50,2013-11-18,5579
1115,2013-11-18,8335
1086,2013-11-18,14935
71,2013-11-19,11469
85,2013-11-19,7868
102,2013-11-19,7899
105,2013-11-19,5519
10,2013-11-19,6130
57,2013-11-19,16638
50,2013-11-19,4619
49,2013-11-19,6812
1086,2013-11-19,11513
1115,2013-11-19,6666
85,2013-11-20,7044
71,2013-11-20,9655
102,2013-11-20,6992
105,2013-11-20,4375
10,2013-11-20,5630
57,2013-11-20,0
50,2013-11-20,3696
49,2013-11-20,7410
1086,2013-11-20,10169
1115,2013-11-20,6380
71,2013-11-21,9152
85,2013-11-21,6815
102,2013-11-21,7082
105,2013-11-21,4901
10,2013-11-21,5514
57,2013-11-21,16430
50,2013-11-21,3506
49,2013-11-21,6328
1115,2013-11-21,5963
1086,2013-11-21,9447
85,2013-11-22,7078
71,2013-11-22,10300
102,2013-11-22,7076
105,2013-11-22,4803
10,2013-11-22,5675
57,2013-11-22,12530
50,2013-11-22,4254
49,2013-11-22,6962
1115,2013-11-22,6802
1086,2013-11-22,9348
85,2013-11-23,5316
71,2013-11-23,6778
102,2013-11-23,5824
105,2013-11-23,3181
10,2013-11-23,4489
57,2013-11-23,8991
50,2013-11-23,3731
49,2013-11-23,7145
1086,2013-11-23,6417
1115,2013-11-23,6895
85,2013-11-24,13413
71,2013-11-24,0
102,2013-11-24,0
105,2013-11-24,0
10,2013-11-24,0
57,2013-11-24,0
50,2013-11-24,0
49,2013-11-24,0
1086,2013-11-24,0
1115,2013-11-24,0
71,2013-11-25,7636
85,2013-11-25,6360
102,2013-11-25,5387
105,2013-11-25,4484
10,2013-11-25,5735
57,2013-11-25,11687
50,2013-11-25,3156
49,2013-11-25,7214
1115,2013-11-25,5872
1086,2013-11-25,6194
71,2013-11-26,6681
85,2013-11-26,5558
102,2013-11-26,4903
105,2013-11-26,3743
10,2013-11-26,5033
57,2013-11-26,9417
50,2013-11-26,3348
49,2013-11-26,6325
1115,2013-11-26,5054
1086,2013-11-26,6753
85,2013-11-27,6521
71,2013-11-27,7081
102,2013-11-27,4494
105,2013-11-27,4543
10,2013-11-27,5496
57,2013-11-27,10059
50,2013-11-27,3295
49,2013-11-27,7095
1086,2013-11-27,6697
1115,2013-11-27,5964
85,2013-11-28,6535
71,2013-11-28,8637
102,2013-11-28,4765
105,2013-11-28,4340
10,2013-11-28,5422
57,2013-11-28,10287
50,2013-11-28,3331
49,2013-11-28,6744
1115,2013-11-28,7104
1086,2013-11-28,6261
102,2013-11-29,7782
85,2013-11-29,6406
71,2013-11-29,11036
105,2013-11-29,5535
10,2013-11-29,5948
57,2013-11-29,13527
49,2013-11-29,7737
50,2013-11-29,4464
1086,2013-11-29,6062
1115,2013-11-29,7764
71,2013-11-30,10353
85,2013-11-30,6838
102,2013-11-30,8194
105,2013-11-30,4469
10,2013-11-30,6766
57,2013-11-30,10122
50,2013-11-30,5122
49,2013-11-30,9309
1086,2013-11-30,5412
1115,2013-11-30,9504
85,2013-12-01,13087
71,2013-12-01,0
102,2013-12-01,0
105,2013-12-01,0
10,2013-12-01,0
57,2013-12-01,0
50,2013-12-01,0
49,2013-12-01,0
1086,2013-12-01,0
1115,2013-12-01,0
85,2013-12-02,9272
71,2013-12-02,17431
102,2013-12-02,12918
105,2013-12-02,7102
10,2013-12-02,8101
57,2013-12-02,23370
50,2013-12-02,6831
49,2013-12-02,11387
1115,2013-12-02,10081
1086,2013-12-02,14154
85,2013-12-03,8591
71,2013-12-03,12920
102,2013-12-03,10734
105,2013-12-03,5698
10,2013-12-03,7223
57,2013-12-03,18722
50,2013-12-03,5517
49,2013-12-03,10289
1086,2013-12-03,11402
1115,2013-12-03,7504
85,2013-12-04,7979
71,2013-12-04,11418
102,2013-12-04,9557
105,2013-12-04,6080
10,2013-12-04,5291
57,2013-12-04,17129
50,2013-12-04,5628
49,2013-12-04,10228
1115,2013-12-04,8256
1086,2013-12-04,10093
85,2013-12-05,9177
71,2013-12-05,11141
102,2013-12-05,7921
105,2013-12-05,6118
10,2013-12-05,6293
57,2013-12-05,18424
50,2013-12-05,6371
49,2013-12-05,11456
1115,2013-12-05,8845
1086,2013-12-05,10298
85,2013-12-06,6823
71,2013-12-06,10361
102,2013-12-06,8010
105,2013-12-06,4578
10,2013-12-06,5937
57,2013-12-06,12748
50,2013-12-06,5222
49,2013-12-06,9118
1115,2013-12-06,7465
1086,2013-12-06,7486
85,2013-12-07,6015
71,2013-12-07,8759
102,2013-12-07,6985
105,2013-12-07,3292
10,2013-12-07,4966
57,2013-12-07,8445
50,2013-12-07,3558
49,2013-12-07,6478
1115,2013-12-07,6528
1086,2013-12-07,5514
85,2013-12-08,7815
71,2013-12-08,0
102,2013-12-08,0
105,2013-12-08,0
10,2013-12-08,0
57,2013-12-08,0
50,2013-12-08,0
49,2013-12-08,0
1115,2013-12-08,0
1086,2013-12-08,0
102,2013-12-09,6456
85,2013-12-09,5781
105,2013-12-09,4751
71,2013-12-09,8486
10,2013-12-09,5036
57,2013-12-09,10668
49,2013-12-09,6063
50,2013-12-09,3437
1115,2013-12-09,5104
1086,2013-12-09,7142
71,2013-12-10,9088
85,2013-12-10,5777
102,2013-12-10,6246
105,2013-12-10,4127
10,2013-12-10,5908
57,2013-12-10,12154
50,2013-12-10,2707
49,2013-12-10,5747
1115,2013-12-10,4945
1086,2013-12-10,6889
85,2013-12-11,6010
71,2013-12-11,9138
102,2013-12-11,6468
105,2013-12-11,4211
10,2013-12-11,5002
57,2013-12-11,11379
50,2013-12-11,3035
49,2013-12-11,6607
1086,2013-12-11,7069
1115,2013-12-11,5012
85,2013-12-12,5560
71,2013-12-12,8587
102,2013-12-12,6367
105,2013-12-12,4010
10,2013-12-12,5663
57,2013-12-12,11946
50,2013-12-12,4173
49,2013-12-12,6663
1115,2013-12-12,5029
1086,2013-12-12,7753
71,2013-12-13,9288
85,2013-12-13,5714
102,2013-12-13,6248
105,2013-12-13,4274
10,2013-12-13,6023
57,2013-12-13,12221
50,2013-12-13,3941
49,2013-12-13,7212
1086,2013-12-13,7566
1115,2013-12-13,6276
85,2013-12-14,6264
71,2013-12-14,8667
102,2013-12-14,6909
105,2013-12-14,3323
10,2013-12-14,5689
57,2013-12-14,10419
50,2013-12-14,5435
49,2013-12-14,8180
1115,2013-12-14,7948
1086,2013-12-14,6342
85,2013-12-15,13491
71,2013-12-15,0
102,2013-12-15,0
105,2013-12-15,0
10,2013-12-15,0
57,2013-12-15,0
50,2013-12-15,0
49,2013-12-15,0
1115,2013-12-15,0
1086,2013-12-15,0
71,2013-12-16,20126
85,2013-12-16,11113
102,2013-12-16,16644
105,2013-12-16,8792
10,2013-12-16,9123
57,2013-12-16,29138
50,2013-12-16,9178
49,2013-12-16,14453
1115,2013-12-16,11433
1086,2013-12-16,20489
85,2013-12-17,9498
71,2013-12-17,16880
102,2013-12-17,12593
105,2013-12-17,6708
10,2013-12-17,8109
57,2013-12-17,22914
50,2013-12-17,6560
49,2013-12-17,11600
1115,2013-12-17,9409
1086,2013-12-17,17633
85,2013-12-18,8347
71,2013-12-18,15820
102,2013-12-18,12498
105,2013-12-18,7318
10,2013-12-18,7893
57,2013-12-18,18905
50,2013-12-18,7222
49,2013-12-18,12271
1086,2013-12-18,14373
1115,2013-12-18,9232
85,2013-12-19,8730
71,2013-12-19,14506
102,2013-12-19,10423
105,2013-12-19,6503
10,2013-12-19,7536
57,2013-12-19,19928
50,2013-12-19,5956
49,2013-12-19,11121
1115,2013-12-19,9603
1086,2013-12-19,13375
85,2013-12-20,8917
71,2013-12-20,15577
102,2013-12-20,10902
105,2013-12-20,6821
10,2013-12-20,8268
57,2013-12-20,20144
50,2013-12-20,7334
49,2013-12-20,11904
1115,2013-12-20,10614
1086,2013-12-20,14584
85,2013-12-21,7667
71,2013-12-21,11951
102,2013-12-21,9485
105,2013-12-21,4803
10,2013-12-21,7007
57,2013-12-21,13485
50,2013-12-21,6646
49,2013-12-21,11424
1115,2013-12-21,9594
1086,2013-12-21,9898
85,2013-12-22,8094
71,2013-12-22,0
102,2013-12-22,0
105,2013-12-22,0
10,2013-12-22,0
57,2013-12-22,0
50,2013-12-22,0
49,2013-12-22,0
1115,2013-12-22,0
1086,2013-12-22,0
85,2013-12-23,8274
71,2013-12-23,17558
102,2013-12-23,12304
105,2013-12-23,8749
10,2013-12-23,9534
57,2013-12-23,24615
50,2013-12-23,8542
49,2013-12-23,17705
1115,2013-12-23,11768
1086,2013-12-23,16766
85,2013-12-24,3215
71,2013-12-24,6785
102,2013-12-24,3293
105,2013-12-24,3456
10,2013-12-24,3915
57,2013-12-24,7372
50,2013-12-24,2897
49,2013-12-24,6422
1115,2013-12-24,4307
1086,2013-12-24,5105
71,2013-12-25,0
85,2013-12-25,6138
102,2013-12-25,0
105,2013-12-25,0
10,2013-12-25,0
57,2013-12-25,0
50,2013-12-25,0
49,2013-12-25,0
1115,2013-12-25,0
1086,2013-12-25,0
85,2013-12-26,8513
71,2013-12-26,0
102,2013-12-26,0
105,2013-12-26,0
10,2013-12-26,0
57,2013-12-26,0
50,2013-12-26,0
49,2013-12-26,0
1086,2013-12-26,0
1115,2013-12-26,0
85,2013-12-27,6064
71,2013-12-27,8807
102,2013-12-27,7062
105,2013-12-27,4817
10,2013-12-27,5094
57,2013-12-27,12842
50,2013-12-27,4871
49,2013-12-27,7063
1115,2013-12-27,6835
1086,2013-12-27,7205
102,2013-12-28,6497
85,2013-12-28,6061
71,2013-12-28,6633
105,2013-12-28,2532
10,2013-12-28,4762
57,2013-12-28,9224
49,2013-12-28,7320
50,2013-12-28,4170
1086,2013-12-28,5034
1115,2013-12-28,7006
71,2013-12-29,0
85,2013-12-29,12800
102,2013-12-29,0
105,2013-12-29,0
10,2013-12-29,0
57,2013-12-29,0
50,2013-12-29,0
49,2013-12-29,0
1086,2013-12-29,0
1115,2013-12-29,0
85,2013-12-30,8031
71,2013-12-30,11584
102,2013-12-30,11271
105,2013-12-30,5704
10,2013-12-30,7525
57,2013-12-30,14013
50,2013-12-30,5068
49,2013-12-30,7664
1086,2013-12-30,9055
1115,2013-12-30,7965
71,2013-12-31,5037
85,2013-12-31,5324
102,2013-12-31,3516
105,2013-12-31,2803
10,2013-12-31,4062
57,2013-12-31,5563
50,2013-12-31,2127
49,2013-12-31,4559
1115,2013-12-31,3535
1086,2013-12-31,3086
85,2014-01-01,4184
71,2014-01-01,0
102,2014-01-01,0
105,2014-01-01,0
10,2014-01-01,0
57,2014-01-01,0
50,2014-01-01,0
49,2014-01-01,0
1086,2014-01-01,0
1115,2014-01-01,0
85,2014-01-02,6218
71,2014-01-02,7145
102,2014-01-02,5760
105,2014-01-02,4427
10,2014-01-02,4533
57,2014-01-02,10821
50,2014-01-02,3679
49,2014-01-02,5463
1086,2014-01-02,6286
1115,2014-01-02,5657
85,2014-01-03,5851
71,2014-01-03,8066
102,2014-01-03,5694
105,2014-01-03,3885
10,2014-01-03,5012
57,2014-01-03,10430
50,2014-01-03,3246
49,2014-01-03,5744
1115,2014-01-03,5050
1086,2014-01-03,5825
85,2014-01-04,6098
71,2014-01-04,6462
102,2014-01-04,5877
105,2014-01-04,2796
10,2014-01-04,4928
57,2014-01-04,7825
50,2014-01-04,3475
49,2014-01-04,6753
1115,2014-01-04,5586
1086,2014-01-04,4413
85,2014-01-05,10465
71,2014-01-05,0
102,2014-01-05,0
105,2014-01-05,0
10,2014-01-05,0
57,2014-01-05,0
50,2014-01-05,0
49,2014-01-05,0
1115,2014-01-05,0
1086,2014-01-05,0
85,2014-01-06,8393
71,2014-01-06,15996
102,2014-01-06,11692
105,2014-01-06,0
10,2014-01-06,8325
57,2014-01-06,22296
50,2014-01-06,5967
49,2014-01-06,0
1115,2014-01-06,8536
1086,2014-01-06,14362
85,2014-01-07,7818
71,2014-01-07,12234
102,2014-01-07,9513
105,2014-01-07,7871
10,2014-01-07,6470
57,2014-01-07,15050
50,2014-01-07,5059
49,2014-01-07,11915
1115,2014-01-07,6242
1086,2014-01-07,11495
71,2014-01-08,10779
85,2014-01-08,7448
102,2014-01-08,7827
105,2014-01-08,6215
10,2014-01-08,5650
57,2014-01-08,11572
50,2014-01-08,4328
49,2014-01-08,8554
1115,2014-01-08,5672
1086,2014-01-08,9369
85,2014-01-09,6162
71,2014-01-09,9733
102,2014-01-09,6498
105,2014-01-09,5402
10,2014-01-09,5109
57,2014-01-09,11959
50,2014-01-09,4347
49,2014-01-09,7834
1086,2014-01-09,9027
1115,2014-01-09,5915
85,2014-01-10,7242
71,2014-01-10,11668
102,2014-01-10,7274
105,2014-01-10,4964
10,2014-01-10,5939
57,2014-01-10,13121
50,2014-01-10,4560
49,2014-01-10,7305
1115,2014-01-10,6816
1086,2014-01-10,8340
85,2014-01-11,5028
71,2014-01-11,6674
102,2014-01-11,5044
105,2014-01-11,3004
10,2014-01-11,4504
57,2014-01-11,7865
50,2014-01-11,4207
49,2014-01-11,7509
1115,2014-01-11,6444
1086,2014-01-11,4225
85,2014-01-12,11480
71,2014-01-12,0
102,2014-01-12,0
105,2014-01-12,0
10,2014-01-12,0
57,2014-01-12,0
50,2014-01-12,0
49,2014-01-12,0
1115,2014-01-12,0
1086,2014-01-12,0
85,2014-01-13,5799
71,2014-01-13,7148
102,2014-01-13,4828
105,2014-01-13,4083
10,2014-01-13,5164
57,2014-01-13,9041
50,2014-01-13,2462
49,2014-01-13,4751
1115,2014-01-13,3744
1086,2014-01-13,5031
102,2014-01-14,4765
85,2014-01-14,5545
105,2014-01-14,3400
71,2014-01-14,6914
10,2014-01-14,4612
57,2014-01-14,8429
49,2014-01-14,5299
50,2014-01-14,2773
1115,2014-01-14,4167
1086,2014-01-14,4925
71,2014-01-15,7119
85,2014-01-15,4770
102,2014-01-15,3784
105,2014-01-15,3397
10,2014-01-15,3959
57,2014-01-15,8666
50,2014-01-15,2481
49,2014-01-15,5236
1086,2014-01-15,4868
1115,2014-01-15,4577
85,2014-01-16,4378
71,2014-01-16,6446
102,2014-01-16,4140
105,2014-01-16,3568
10,2014-01-16,4279
57,2014-01-16,8296
50,2014-01-16,2813
49,2014-01-16,5228
1086,2014-01-16,4527
1115,2014-01-16,3797
71,2014-01-17,6827
85,2014-01-17,5700
102,2014-01-17,4787
105,2014-01-17,3641
10,2014-01-17,4634
57,2014-01-17,10584
50,2014-01-17,3270
49,2014-01-17,5805
1115,2014-01-17,4740
1086,2014-01-17,5112
85,2014-01-18,5541
71,2014-01-18,6903
102,2014-01-18,5177
105,2014-01-18,3200
10,2014-01-18,4788
57,2014-01-18,7860
50,2014-01-18,4381
49,2014-01-18,6951
1115,2014-01-18,6080
1086,2014-01-18,4301
85,2014-01-19,11008
71,2014-01-19,0
102,2014-01-19,0
105,2014-01-19,0
10,2014-01-19,0
57,2014-01-19,0
50,2014-01-19,0
49,2014-01-19,0
1086,2014-01-19,0
1115,2014-01-19,0
85,2014-01-20,7413
71,2014-01-20,16007
102,2014-01-20,11325
105,2014-01-20,7612
10,2014-01-20,7962
57,2014-01-20,18602
50,2014-01-20,6585
49,2014-01-20,10451
1086,2014-01-20,12412
1115,2014-01-20,8924
71,2014-01-21,11247
85,2014-01-21,6791
102,2014-01-21,8807
105,2014-01-21,4847
10,2014-01-21,6444
57,2014-01-21,12226
50,2014-01-21,5108
49,2014-01-21,7284
1115,2014-01-21,6809
1086,2014-01-21,9458
71,2014-01-22,9350
85,2014-01-22,6641
102,2014-01-22,8000
105,2014-01-22,4967
10,2014-01-22,5560
57,2014-01-22,10872
50,2014-01-22,4758
49,2014-01-22,7415
1115,2014-01-22,6223
1086,2014-01-22,7601
85,2014-01-23,6546
71,2014-01-23,9194
102,2014-01-23,6681
105,2014-01-23,4603
10,2014-01-23,5593
57,2014-01-23,12198
50,2014-01-23,4626
49,2014-01-23,5994
1086,2014-01-23,8578
1115,2014-01-23,6514
85,2014-01-24,7044
71,2014-01-24,8735
102,2014-01-24,6409
105,2014-01-24,4828
10,2014-01-24,5474
57,2014-01-24,10666
50,2014-01-24,4870
49,2014-01-24,7327
1115,2014-01-24,6388
1086,2014-01-24,8016
102,2014-01-25,5000
85,2014-01-25,4976
71,2014-01-25,6019
105,2014-01-25,2419
10,2014-01-25,4702
57,2014-01-25,7141
49,2014-01-25,6555
50,2014-01-25,3955
1086,2014-01-25,4565
1115,2014-01-25,6245
71,2014-01-26,0
85,2014-01-26,7483
102,2014-01-26,0
105,2014-01-26,0
10,2014-01-26,0
57,2014-01-26,0
50,2014-01-26,0
49,2014-01-26,0
1086,2014-01-26,0
1115,2014-01-26,0
85,2014-01-27,5161
71,2014-01-27,5978
102,2014-01-27,4291
105,2014-01-27,3995
10,2014-01-27,4543
57,2014-01-27,7884
50,2014-01-27,2710
49,2014-01-27,4797
1086,2014-01-27,4839
1115,2014-01-27,4043
85,2014-01-28,5490
71,2014-01-28,6149
102,2014-01-28,4777
105,2014-01-28,2764
10,2014-01-28,4415
57,2014-01-28,9212
50,2014-01-28,2476
49,2014-01-28,4592
1115,2014-01-28,4018
1086,2014-01-28,5065
85,2014-01-29,5333
71,2014-01-29,5852
102,2014-01-29,4277
105,2014-01-29,3711
10,2014-01-29,4330
57,2014-01-29,7810
50,2014-01-29,2777
49,2014-01-29,5410
1086,2014-01-29,5602
1115,2014-01-29,3858
85,2014-01-30,4734
71,2014-01-30,7401
102,2014-01-30,4769
105,2014-01-30,3563
10,2014-01-30,4752
57,2014-01-30,9484
50,2014-01-30,3438
49,2014-01-30,5103
1115,2014-01-30,4739
1086,2014-01-30,6458
85,2014-01-31,7343
71,2014-01-31,8980
102,2014-01-31,8337
105,2014-01-31,4265
10,2014-01-31,5807
57,2014-01-31,11208
50,2014-01-31,3544
49,2014-01-31,6533
1115,2014-01-31,5829
1086,2014-01-31,7614
85,2014-02-01,5911
71,2014-02-01,6853
102,2014-02-01,5530
105,2014-02-01,3382
10,2014-02-01,4453
57,2014-02-01,10311
50,2014-02-01,4163
49,2014-02-01,7565
1115,2014-02-01,7490
1086,2014-02-01,4670
85,2014-02-02,12576
71,2014-02-02,0
102,2014-02-02,0
105,2014-02-02,0
10,2014-02-02,0
57,2014-02-02,0
50,2014-02-02,0
49,2014-02-02,0
1115,2014-02-02,0
1086,2014-02-02,0
85,2014-02-03,8903
71,2014-02-03,14978
102,2014-02-03,13765
105,2014-02-03,7519
10,2014-02-03,8758
57,2014-02-03,21778
50,2014-02-03,6327
49,2014-02-03,10070
1115,2014-02-03,8646
1086,2014-02-03,13444
102,2014-02-04,10004
85,2014-02-04,7235
105,2014-02-04,5907
71,2014-02-04,11659
10,2014-02-04,6471
57,2014-02-04,15207
49,2014-02-04,7949
50,2014-02-04,5863
1115,2014-02-04,6703
1086,2014-02-04,11533
71,2014-02-05,10738
85,2014-02-05,7107
102,2014-02-05,7803
105,2014-02-05,4926
10,2014-02-05,5062
57,2014-02-05,12888
50,2014-02-05,4572
49,2014-02-05,7869
1115,2014-02-05,6148
1086,2014-02-05,9880
85,2014-02-06,6754
71,2014-02-06,10205
102,2014-02-06,7482
105,2014-02-06,5080
10,2014-02-06,6034
57,2014-02-06,13324
50,2014-02-06,4611
49,2014-02-06,6979
1086,2014-02-06,9146
1115,2014-02-06,6461
85,2014-02-07,6338
71,2014-02-07,10543
102,2014-02-07,5655
105,2014-02-07,5365
10,2014-02-07,4686
57,2014-02-07,12907
50,2014-02-07,4554
49,2014-02-07,8489
1115,2014-02-07,6621
1086,2014-02-07,8099
85,2014-02-08,4890
71,2014-02-08,6904
102,2014-02-08,5462
105,2014-02-08,2973
10,2014-02-08,4802
57,2014-02-08,8497
50,2014-02-08,4331
49,2014-02-08,7583
1115,2014-02-08,6575
1086,2014-02-08,4642
85,2014-02-09,11567
71,2014-02-09,0
102,2014-02-09,0
105,2014-02-09,0
10,2014-02-09,0
57,2014-02-09,0
50,2014-02-09,0
49,2014-02-09,0
1115,2014-02-09,0
1086,2014-02-09,0
85,2014-02-10,5110
71,2014-02-10,7636
102,2014-02-10,5623
105,2014-02-10,3703
10,2014-02-10,4809
57,2014-02-10,9284
50,2014-02-10,3128
49,2014-02-10,5243
1115,2014-02-10,4283
1086,2014-02-10,5699
71,2014-02-11,7073
85,2014-02-11,4857
102,2014-02-11,5099
105,2014-02-11,3709
10,2014-02-11,5372
57,2014-02-11,8932
50,2014-02-11,2939
49,2014-02-11,5373
1086,2014-02-11,5273
1115,2014-02-11,3937
71,2014-02-12,7046
85,2014-02-12,5040
102,2014-02-12,5343
105,2014-02-12,3590
10,2014-02-12,4723
57,2014-02-12,9166
50,2014-02-12,2808
49,2014-02-12,4732
1115,2014-02-12,3982
1086,2014-02-12,5291
85,2014-02-13,5108
71,2014-02-13,6693
102,2014-02-13,4639
105,2014-02-13,3788
10,2014-02-13,4406
57,2014-02-13,10184
50,2014-02-13,2996
49,2014-02-13,5822
1115,2014-02-13,4591
1086,2014-02-13,5470
102,2014-02-14,5103
85,2014-02-14,5582
105,2014-02-14,4357
71,2014-02-14,8512
10,2014-02-14,4992
57,2014-02-14,10696
49,2014-02-14,7078
50,2014-02-14,3879
1115,2014-02-14,5966
1086,2014-02-14,6098
85,2014-02-15,4661
71,2014-02-15,7149
102,2014-02-15,5845
105,2014-02-15,3085
10,2014-02-15,4397
57,2014-02-15,8819
50,2014-02-15,4258
49,2014-02-15,6660
1115,2014-02-15,6462
1086,2014-02-15,4904
85,2014-02-16,11904
71,2014-02-16,0
102,2014-02-16,0
105,2014-02-16,0
10,2014-02-16,0
57,2014-02-16,0
50,2014-02-16,0
49,2014-02-16,0
1115,2014-02-16,0
1086,2014-02-16,0
85,2014-02-17,7236
71,2014-02-17,14323
102,2014-02-17,10071
105,2014-02-17,6990
10,2014-02-17,8294
57,2014-02-17,17757
50,2014-02-17,5936
49,2014-02-17,8706
1115,2014-02-17,7952
1086,2014-02-17,12434
71,2014-02-18,11066
85,2014-02-18,6892
102,2014-02-18,8374
105,2014-02-18,5201
10,2014-02-18,6128
57,2014-02-18,13098
50,2014-02-18,3857
49,2014-02-18,7049
1086,2014-02-18,9510
1115,2014-02-18,6839
71,2014-02-19,8585
85,2014-02-19,6238
102,2014-02-19,7764
105,2014-02-19,4347
10,2014-02-19,5561
57,2014-02-19,10951
50,2014-02-19,4282
49,2014-02-19,7135
1115,2014-02-19,6977
1086,2014-02-19,8434
85,2014-02-20,6228
71,2014-02-20,8370
102,2014-02-20,6463
105,2014-02-20,5215
10,2014-02-20,5060
57,2014-02-20,11339
50,2014-02-20,3915
49,2014-02-20,6535
1086,2014-02-20,8386
1115,2014-02-20,6257
85,2014-02-21,6377
71,2014-02-21,6313
102,2014-02-21,6572
105,2014-02-21,5046
10,2014-02-21,5756
57,2014-02-21,11089
50,2014-02-21,4669
49,2014-02-21,7755
1115,2014-02-21,7226
1086,2014-02-21,7981
102,2014-02-22,4590
85,2014-02-22,4946
71,2014-02-22,4665
105,2014-02-22,3007
10,2014-02-22,4129
57,2014-02-22,8036
49,2014-02-22,6423
50,2014-02-22,3924
1086,2014-02-22,4461
1115,2014-02-22,6575
71,2014-02-23,0
85,2014-02-23,10835
102,2014-02-23,0
105,2014-02-23,0
10,2014-02-23,0
57,2014-02-23,0
50,2014-02-23,0
49,2014-02-23,0
1086,2014-02-23,0
1115,2014-02-23,0
85,2014-02-24,5092
71,2014-02-24,5855
102,2014-02-24,4693
105,2014-02-24,4396
10,2014-02-24,5319
57,2014-02-24,8702
50,2014-02-24,2716
49,2014-02-24,5039
1086,2014-02-24,5403
1115,2014-02-24,4916
85,2014-02-25,4940
71,2014-02-25,6655
102,2014-02-25,4115
105,2014-02-25,3812
10,2014-02-25,5035
57,2014-02-25,7854
50,2014-02-25,2456
49,2014-02-25,4877
1115,2014-02-25,3699
1086,2014-02-25,4824
85,2014-02-26,4691
71,2014-02-26,6651
102,2014-02-26,4397
105,2014-02-26,3909
10,2014-02-26,4253
57,2014-02-26,7942
50,2014-02-26,3070
49,2014-02-26,5977
1086,2014-02-26,4711
1115,2014-02-26,4259
85,2014-02-27,4955
71,2014-02-27,6905
102,2014-02-27,4333
105,2014-02-27,4447
10,2014-02-27,4773
57,2014-02-27,8935
50,2014-02-27,3209
49,2014-02-27,5534
1115,2014-02-27,5355
1086,2014-02-27,5585
85,2014-02-28,6029
71,2014-02-28,10500
102,2014-02-28,8927
105,2014-02-28,5540
10,2014-02-28,5721
57,2014-02-28,10969
50,2014-02-28,3884
49,2014-02-28,7111
1115,2014-02-28,6821
1086,2014-02-28,6248
85,2014-03-01,5941
71,2014-03-01,7838
102,2014-03-01,8649
105,2014-03-01,3588
10,2014-03-01,5235
57,2014-03-01,8504
50,2014-03-01,4187
49,2014-03-01,7772
1115,2014-03-01,7139
1086,2014-03-01,5210
85,2014-03-02,12216
71,2014-03-02,0
102,2014-03-02,0
105,2014-03-02,0
10,2014-03-02,0
57,2014-03-02,0
50,2014-03-02,0
49,2014-03-02,0
1115,2014-03-02,0
1086,2014-03-02,0
85,2014-03-03,8475
71,2014-03-03,15443
102,2014-03-03,11657
105,2014-03-03,6625
10,2014-03-03,7761
57,2014-03-03,19723
50,2014-03-03,5848
49,2014-03-03,10055
1115,2014-03-03,9191
1086,2014-03-03,13624
102,2014-03-04,11891
85,2014-03-04,7721
105,2014-03-04,4828
71,2014-03-04,12458
10,2014-03-04,6000
57,2014-03-04,14575
49,2014-03-04,7674
50,2014-03-04,5442
1115,2014-03-04,7091
1086,2014-03-04,10359
71,2014-03-05,10659
85,2014-03-05,6867
102,2014-03-05,9770
105,2014-03-05,4817
10,2014-03-05,5975
57,2014-03-05,14091
50,2014-03-05,4251
49,2014-03-05,7666
1115,2014-03-05,6523
1086,2014-03-05,8457
85,2014-03-06,6276
71,2014-03-06,10226
102,2014-03-06,9045
105,2014-03-06,4412
10,2014-03-06,6129
57,2014-03-06,12351
50,2014-03-06,4570
49,2014-03-06,6219
1086,2014-03-06,8972
1115,2014-03-06,6775
85,2014-03-07,6443
71,2014-03-07,10269
102,2014-03-07,8473
105,2014-03-07,5099
10,2014-03-07,5572
57,2014-03-07,12595
50,2014-03-07,4645
49,2014-03-07,7156
1115,2014-03-07,7456
1086,2014-03-07,8226
85,2014-03-08,5173
71,2014-03-08,6298
102,2014-03-08,6246
105,2014-03-08,2717
10,2014-03-08,4759
57,2014-03-08,7901
50,2014-03-08,3388
49,2014-03-08,6397
1115,2014-03-08,6587
1086,2014-03-08,4455
85,2014-03-09,7303
71,2014-03-09,0
102,2014-03-09,0
105,2014-03-09,0
10,2014-03-09,0
57,2014-03-09,0
50,2014-03-09,0
49,2014-03-09,0
1115,2014-03-09,0
1086,2014-03-09,0
85,2014-03-10,5339
71,2014-03-10,6798
102,2014-03-10,5739
105,2014-03-10,4087
10,2014-03-10,5560
57,2014-03-10,8180
50,2014-03-10,2829
49,2014-03-10,5672
1115,2014-03-10,4421
1086,2014-03-10,5147
71,2014-03-11,7146
85,2014-03-11,5148
102,2014-03-11,5543
105,2014-03-11,3803
10,2014-03-11,4923
57,2014-03-11,8433
50,2014-03-11,2808
49,2014-03-11,5293
1086,2014-03-11,5338
1115,2014-03-11,4201
71,2014-03-12,6675
85,2014-03-12,5125
102,2014-03-12,5628
105,2014-03-12,3675
10,2014-03-12,4883
57,2014-03-12,8068
50,2014-03-12,2709
49,2014-03-12,4919
1115,2014-03-12,4318
1086,2014-03-12,4962
85,2014-03-13,4701
71,2014-03-13,7534
102,2014-03-13,5151
105,2014-03-13,3343
10,2014-03-13,4865
57,2014-03-13,8480
50,2014-03-13,3011
49,2014-03-13,5197
1115,2014-03-13,4219
1086,2014-03-13,4873
102,2014-03-14,5476
85,2014-03-14,5304
105,2014-03-14,3619
71,2014-03-14,7244
10,2014-03-14,5061
57,2014-03-14,9295
49,2014-03-14,6300
50,2014-03-14,2633
1115,2014-03-14,4959
1086,2014-03-14,5294
85,2014-03-15,5304
71,2014-03-15,6659
102,2014-03-15,5926
105,2014-03-15,3075
10,2014-03-15,4564
57,2014-03-15,8825
50,2014-03-15,4325
49,2014-03-15,7945
1115,2014-03-15,6834
1086,2014-03-15,4804
85,2014-03-16,11889
71,2014-03-16,0
102,2014-03-16,0
105,2014-03-16,0
10,2014-03-16,0
57,2014-03-16,0
50,2014-03-16,0
49,2014-03-16,0
1115,2014-03-16,0
1086,2014-03-16,0
85,2014-03-17,7727
71,2014-03-17,12804
102,2014-03-17,10593
105,2014-03-17,6282
10,2014-03-17,6613
57,2014-03-17,17899
50,2014-03-17,5792
49,2014-03-17,8720
1115,2014-03-17,8559
1086,2014-03-17,12561
102,2014-03-18,6699
85,2014-03-18,6976
105,2014-03-18,5362
71,2014-03-18,10702
10,2014-03-18,5791
57,2014-03-18,12403
49,2014-03-18,7484
50,2014-03-18,4382
1115,2014-03-18,6925
1086,2014-03-18,9681
71,2014-03-19,9669
85,2014-03-19,6664
102,2014-03-19,8797
105,2014-03-19,5361
10,2014-03-19,5882
57,2014-03-19,11345
50,2014-03-19,4028
49,2014-03-19,6548
1115,2014-03-19,5697
1086,2014-03-19,8233
85,2014-03-20,6091
71,2014-03-20,7560
102,2014-03-20,7369
105,2014-03-20,4889
10,2014-03-20,4452
57,2014-03-20,10219
50,2014-03-20,3725
49,2014-03-20,6759
1086,2014-03-20,7566
1115,2014-03-20,5535
85,2014-03-21,5995
71,2014-03-21,9124
102,2014-03-21,6475
105,2014-03-21,5500
10,2014-03-21,5045
57,2014-03-21,10929
50,2014-03-21,4647
49,2014-03-21,7382
1115,2014-03-21,6871
1086,2014-03-21,7174
85,2014-03-22,5296
71,2014-03-22,6190
102,2014-03-22,5580
105,2014-03-22,2972
10,2014-03-22,4695
57,2014-03-22,7300
50,2014-03-22,3739
49,2014-03-22,7139
1115,2014-03-22,7759
1086,2014-03-22,4591
85,2014-03-23,11254
71,2014-03-23,0
102,2014-03-23,0
105,2014-03-23,0
10,2014-03-23,0
57,2014-03-23,0
50,2014-03-23,0
49,2014-03-23,0
1115,2014-03-23,0
1086,2014-03-23,0
85,2014-03-24,5351
71,2014-03-24,6868
102,2014-03-24,5511
105,2014-03-24,3793
10,2014-03-24,4887
57,2014-03-24,10060
50,2014-03-24,2555
49,2014-03-24,6472
1115,2014-03-24,5805
1086,2014-03-24,5404
102,2014-03-25,4582
85,2014-03-25,4744
105,2014-03-25,3980
71,2014-03-25,5759
10,2014-03-25,4394
57,2014-03-25,8472
49,2014-03-25,5512
50,2014-03-25,2158
1115,2014-03-25,4817
1086,2014-03-25,5125
71,2014-03-26,6678
85,2014-03-26,5180
102,2014-03-26,3811
105,2014-03-26,3732
10,2014-03-26,4416
57,2014-03-26,9404
50,2014-03-26,2711
49,2014-03-26,5857
1115,2014-03-26,4481
1086,2014-03-26,4670
85,2014-03-27,5378
71,2014-03-27,6024
102,2014-03-27,4221
105,2014-03-27,3827
10,2014-03-27,4814
57,2014-03-27,8880
50,2014-03-27,2676
49,2014-03-27,6378
1086,2014-03-27,5067
1115,2014-03-27,4850
85,2014-03-28,5417
71,2014-03-28,7478
102,2014-03-28,5373
105,2014-03-28,3747
10,2014-03-28,4711
57,2014-03-28,9937
50,2014-03-28,3594
49,2014-03-28,6698
1115,2014-03-28,5092
1086,2014-03-28,6179
102,2014-03-29,5613
85,2014-03-29,5311
105,2014-03-29,2852
71,2014-03-29,6067
10,2014-03-29,4847
57,2014-03-29,8649
49,2014-03-29,6969
50,2014-03-29,3911
1115,2014-03-29,6829
1086,2014-03-29,4664
71,2014-03-30,0
85,2014-03-30,10469
102,2014-03-30,0
105,2014-03-30,0
10,2014-03-30,0
57,2014-03-30,0
50,2014-03-30,0
49,2014-03-30,0
1115,2014-03-30,0
1086,2014-03-30,0
102,2014-03-31,14683
85,2014-03-31,8989
71,2014-03-31,13838
105,2014-03-31,7112
10,2014-03-31,8438
57,2014-03-31,18573
49,2014-03-31,9533
50,2014-03-31,5258
1115,2014-03-31,8680
1086,2014-03-31,12339
85,2014-04-01,7979
71,2014-04-01,11541
102,2014-04-01,9912
105,2014-04-01,5816
10,2014-04-01,7048
57,2014-04-01,15308
50,2014-04-01,5137
49,2014-04-01,7668
1115,2014-04-01,7304
1086,2014-04-01,9479
1086,2014-04-02,7687
1115,2014-04-02,6543
71,2014-04-02,9449
85,2014-04-02,7665
105,2014-04-02,5239
102,2014-04-02,9667
57,2014-04-02,12065
10,2014-04-02,6449
50,2014-04-02,4858
49,2014-04-02,7515
71,2014-04-03,10144
85,2014-04-03,6537
102,2014-04-03,8747
105,2014-04-03,5498
10,2014-04-03,5898
57,2014-04-03,12232
50,2014-04-03,4077
49,2014-04-03,7783
1115,2014-04-03,7063
1086,2014-04-03,8446
85,2014-04-04,7048
71,2014-04-04,10932
102,2014-04-04,8443
105,2014-04-04,5240
10,2014-04-04,5932
57,2014-04-04,13307
50,2014-04-04,4246
49,2014-04-04,7615
1115,2014-04-04,6572
1086,2014-04-04,8138
71,2014-04-05,7096
85,2014-04-05,5527
102,2014-04-05,6601
105,2014-04-05,3298
10,2014-04-05,4778
57,2014-04-05,7579
50,2014-04-05,4206
49,2014-04-05,7423
1115,2014-04-05,6603
1086,2014-04-05,5149
85,2014-04-06,9793
71,2014-04-06,0
102,2014-04-06,0
105,2014-04-06,0
10,2014-04-06,0
57,2014-04-06,0
50,2014-04-06,0
49,2014-04-06,0
1115,2014-04-06,0
1086,2014-04-06,0
85,2014-04-07,5792
71,2014-04-07,7423
102,2014-04-07,6022
105,2014-04-07,4105
10,2014-04-07,4828
57,2014-04-07,8508
50,2014-04-07,2939
49,2014-04-07,5395
1115,2014-04-07,5232
1086,2014-04-07,4984
71,2014-04-08,6282
85,2014-04-08,4837
102,2014-04-08,5187
105,2014-04-08,4074
10,2014-04-08,4525
57,2014-04-08,9525
50,2014-04-08,2714
49,2014-04-08,5151
1115,2014-04-08,4669
1086,2014-04-08,4957
85,2014-04-09,6141
71,2014-04-09,7511
102,2014-04-09,5657
105,2014-04-09,4173
10,2014-04-09,4152
57,2014-04-09,8938
50,2014-04-09,2673
49,2014-04-09,6335
1086,2014-04-09,5488
1115,2014-04-09,4531
85,2014-04-10,5259
71,2014-04-10,7365
102,2014-04-10,5556
105,2014-04-10,4245
10,2014-04-10,4584
57,2014-04-10,10035
50,2014-04-10,2814
49,2014-04-10,6272
1086,2014-04-10,5786
1115,2014-04-10,5012
85,2014-04-11,5873
71,2014-04-11,7674
102,2014-04-11,5245
105,2014-04-11,4044
10,2014-04-11,4456
57,2014-04-11,9922
50,2014-04-11,3072
49,2014-04-11,6809
1115,2014-04-11,4883
1086,2014-04-11,5528
85,2014-04-12,5371
71,2014-04-12,6305
102,2014-04-12,6073
105,2014-04-12,3310
10,2014-04-12,4540
57,2014-04-12,8317
50,2014-04-12,4110
49,2014-04-12,7014
1115,2014-04-12,6412
1086,2014-04-12,4966
85,2014-04-13,10568
71,2014-04-13,0
102,2014-04-13,0
105,2014-04-13,0
10,2014-04-13,0
57,2014-04-13,0
50,2014-04-13,0
49,2014-04-13,0
1115,2014-04-13,0
1086,2014-04-13,0
85,2014-04-14,8198
71,2014-04-14,15915
102,2014-04-14,11758
105,2014-04-14,7342
10,2014-04-14,6419
57,2014-04-14,20710
50,2014-04-14,6381
49,2014-04-14,10193
1115,2014-04-14,9842
1086,2014-04-14,14266
85,2014-04-15,7753
71,2014-04-15,11919
102,2014-04-15,9958
105,2014-04-15,5944
10,2014-04-15,6087
57,2014-04-15,17836
50,2014-04-15,5436
49,2014-04-15,9910
1115,2014-04-15,8174
1086,2014-04-15,11330
85,2014-04-16,7655
71,2014-04-16,10968
102,2014-04-16,10203
105,2014-04-16,6000
10,2014-04-16,5629
57,2014-04-16,17177
50,2014-04-16,4820
49,2014-04-16,9234
1086,2014-04-16,11051
1115,2014-04-16,8736
71,2014-04-17,11507
85,2014-04-17,9222
102,2014-04-17,9122
105,2014-04-17,6131
10,2014-04-17,6250
57,2014-04-17,15894
50,2014-04-17,5024
49,2014-04-17,10092
1115,2014-04-17,9265
1086,2014-04-17,9342
85,2014-04-18,12603
71,2014-04-18,0
102,2014-04-18,0
105,2014-04-18,0
10,2014-04-18,0
57,2014-04-18,0
50,2014-04-18,0
49,2014-04-18,0
1086,2014-04-18,0
1115,2014-04-18,0
85,2014-04-19,6417
71,2014-04-19,8888
102,2014-04-19,7339
105,2014-04-19,3884
10,2014-04-19,6187
57,2014-04-19,13564
50,2014-04-19,4819
49,2014-04-19,11131
1115,2014-04-19,8766
1086,2014-04-19,7521
102,2014-04-20,0
85,2014-04-20,7716
71,2014-04-20,0
105,2014-04-20,0
10,2014-04-20,0
57,2014-04-20,0
49,2014-04-20,0
50,2014-04-20,0
1086,2014-04-20,0
1115,2014-04-20,0
71,2014-04-21,0
85,2014-04-21,11476
102,2014-04-21,0
105,2014-04-21,0
10,2014-04-21,0
57,2014-04-21,0
50,2014-04-21,0
49,2014-04-21,0
1086,2014-04-21,0
1115,2014-04-21,0
85,2014-04-22,5546
71,2014-04-22,7858
102,2014-04-22,6281
105,2014-04-22,4087
10,2014-04-22,5969
57,2014-04-22,10411
50,2014-04-22,3361
49,2014-04-22,5961
1086,2014-04-22,5898
1115,2014-04-22,6055
85,2014-04-23,5368
71,2014-04-23,6733
102,2014-04-23,5754
105,2014-04-23,3486
10,2014-04-23,4712
57,2014-04-23,8061
50,2014-04-23,2610
49,2014-04-23,5688
1115,2014-04-23,4372
1086,2014-04-23,5515
85,2014-04-24,5376
71,2014-04-24,6723
102,2014-04-24,5232
105,2014-04-24,3253
10,2014-04-24,4533
57,2014-04-24,9107
50,2014-04-24,2755
49,2014-04-24,5177
1086,2014-04-24,5702
1115,2014-04-24,4077
85,2014-04-25,5619
71,2014-04-25,6541
102,2014-04-25,5100
105,2014-04-25,3369
10,2014-04-25,4936
57,2014-04-25,8948
50,2014-04-25,3362
49,2014-04-25,6309
1115,2014-04-25,4708
1086,2014-04-25,5176
85,2014-04-26,4790
71,2014-04-26,6594
102,2014-04-26,5401
105,2014-04-26,3063
10,2014-04-26,4804
57,2014-04-26,7547
50,2014-04-26,4383
49,2014-04-26,6301
1115,2014-04-26,6553
1086,2014-04-26,4328
85,2014-04-27,10874
71,2014-04-27,0
102,2014-04-27,0
105,2014-04-27,0
10,2014-04-27,0
57,2014-04-27,0
50,2014-04-27,0
49,2014-04-27,0
1115,2014-04-27,0
1086,2014-04-27,0
85,2014-04-28,8902
71,2014-04-28,13565
102,2014-04-28,10929
105,2014-04-28,7283
10,2014-04-28,7910
57,2014-04-28,18434
50,2014-04-28,6392
49,2014-04-28,8895
1115,2014-04-28,8585
1086,2014-04-28,13579
85,2014-04-29,7218
71,2014-04-29,11487
102,2014-04-29,8480
105,2014-04-29,5476
10,2014-04-29,6685
57,2014-04-29,14979
50,2014-04-29,5271
49,2014-04-29,9450
1115,2014-04-29,7364
1086,2014-04-29,10447
71,2014-04-30,12182
85,2014-04-30,9281
102,2014-04-30,12885
105,2014-04-30,5845
10,2014-04-30,7006
57,2014-04-30,16661
50,2014-04-30,6209
49,2014-04-30,8981
1115,2014-04-30,8591
1086,2014-04-30,11259
85,2014-05-01,11656
71,2014-05-01,0
102,2014-05-01,0
105,2014-05-01,0
10,2014-05-01,0
57,2014-05-01,0
50,2014-05-01,0
49,2014-05-01,0
1086,2014-05-01,0
1115,2014-05-01,0
85,2014-05-02,8351
71,2014-05-02,15242
102,2014-05-02,12497
105,2014-05-02,7078
10,2014-05-02,8145
57,2014-05-02,16958
50,2014-05-02,6083
49,2014-05-02,9553
1086,2014-05-02,9708
1115,2014-05-02,9600
85,2014-05-03,5885
71,2014-05-03,7183
102,2014-05-03,7451
105,2014-05-03,3294
10,2014-05-03,5116
57,2014-05-03,8429
50,2014-05-03,4282
49,2014-05-03,7449
1115,2014-05-03,6837
1086,2014-05-03,5730
85,2014-05-04,8298
71,2014-05-04,0
102,2014-05-04,0
105,2014-05-04,0
10,2014-05-04,0
57,2014-05-04,0
50,2014-05-04,0
49,2014-05-04,0
1086,2014-05-04,0
1115,2014-05-04,0
85,2014-05-05,9165
71,2014-05-05,13459
102,2014-05-05,11670
105,2014-05-05,6860
10,2014-05-05,7714
57,2014-05-05,18487
50,2014-05-05,6039
49,2014-05-05,9158
1086,2014-05-05,13531
1115,2014-05-05,8091
85,2014-05-06,7453
71,2014-05-06,11493
102,2014-05-06,9339
105,2014-05-06,5921
10,2014-05-06,6837
57,2014-05-06,13811
50,2014-05-06,4838
49,2014-05-06,8154
1115,2014-05-06,7107
1086,2014-05-06,10715
85,2014-05-07,7044
71,2014-05-07,10196
102,2014-05-07,8344
105,2014-05-07,5642
10,2014-05-07,6372
57,2014-05-07,13278
50,2014-05-07,4930
49,2014-05-07,8153
1115,2014-05-07,6743
1086,2014-05-07,9530
85,2014-05-08,6274
71,2014-05-08,9282
102,2014-05-08,7646
105,2014-05-08,5475
10,2014-05-08,6279
57,2014-05-08,13761
50,2014-05-08,4213
49,2014-05-08,6999
1115,2014-05-08,6727
1086,2014-05-08,9599
85,2014-05-09,7179
71,2014-05-09,11218
102,2014-05-09,7646
105,2014-05-09,6123
10,2014-05-09,6547
57,2014-05-09,13148
50,2014-05-09,5063
49,2014-05-09,8659
1086,2014-05-09,9148
1115,2014-05-09,7165
85,2014-05-10,5171
71,2014-05-10,7832
102,2014-05-10,6612
105,2014-05-10,3771
10,2014-05-10,4632
57,2014-05-10,9133
50,2014-05-10,4489
49,2014-05-10,8650
1115,2014-05-10,7446
1086,2014-05-10,5534
85,2014-05-11,11528
71,2014-05-11,0
102,2014-05-11,0
105,2014-05-11,0
10,2014-05-11,0
57,2014-05-11,0
50,2014-05-11,0
49,2014-05-11,0
1115,2014-05-11,0
1086,2014-05-11,0
85,2014-05-12,5613
71,2014-05-12,6245
102,2014-05-12,5941
105,2014-05-12,3818
10,2014-05-12,4404
57,2014-05-12,9035
50,2014-05-12,2888
49,2014-05-12,5344
1115,2014-05-12,4150
1086,2014-05-12,5652
85,2014-05-13,5150
71,2014-05-13,6865
102,2014-05-13,5342
105,2014-05-13,4092
10,2014-05-13,5471
57,2014-05-13,8765
50,2014-05-13,2591
49,2014-05-13,6213
1115,2014-05-13,4253
1086,2014-05-13,5806
85,2014-05-14,5495
71,2014-05-14,6897
102,2014-05-14,5448
105,2014-05-14,4000
10,2014-05-14,5002
57,2014-05-14,9135
50,2014-05-14,2850
49,2014-05-14,6080
1115,2014-05-14,4107
1086,2014-05-14,5042
85,2014-05-15,5239
71,2014-05-15,6891
102,2014-05-15,5749
105,2014-05-15,3967
10,2014-05-15,4677
57,2014-05-15,9665
50,2014-05-15,3472
49,2014-05-15,5476
1115,2014-05-15,4582
1086,2014-05-15,5622
71,2014-05-16,7746
85,2014-05-16,5712
102,2014-05-16,5535
105,2014-05-16,4299
10,2014-05-16,5023
57,2014-05-16,9677
50,2014-05-16,2871
49,2014-05-16,6243
1115,2014-05-16,4728
1086,2014-05-16,5547
85,2014-05-17,5523
71,2014-05-17,6381
102,2014-05-17,5953
105,2014-05-17,2757
10,2014-05-17,4608
57,2014-05-17,8684
50,2014-05-17,3823
49,2014-05-17,6731
1086,2014-05-17,4579
1115,2014-05-17,5720
85,2014-05-18,10400
71,2014-05-18,0
102,2014-05-18,0
105,2014-05-18,0
10,2014-05-18,0
57,2014-05-18,0
50,2014-05-18,0
49,2014-05-18,0
1115,2014-05-18,0
1086,2014-05-18,0
102,2014-05-19,10974
85,2014-05-19,8599
71,2014-05-19,13231
105,2014-05-19,6284
10,2014-05-19,7880
57,2014-05-19,16085
49,2014-05-19,8267
50,2014-05-19,5368
1086,2014-05-19,11113
1115,2014-05-19,8983
71,2014-05-20,10413
85,2014-05-20,6471
102,2014-05-20,9007
105,2014-05-20,5204
10,2014-05-20,6611
57,2014-05-20,12461
50,2014-05-20,4162
49,2014-05-20,7549
1086,2014-05-20,9153
1115,2014-05-20,6786
85,2014-05-21,6450
71,2014-05-21,9867
102,2014-05-21,7612
105,2014-05-21,5237
10,2014-05-21,5724
57,2014-05-21,11603
50,2014-05-21,4493
49,2014-05-21,8131
1086,2014-05-21,8678
1115,2014-05-21,5982
71,2014-05-22,10303
85,2014-05-22,7046
102,2014-05-22,6578
105,2014-05-22,4883
10,2014-05-22,5448
57,2014-05-22,10737
50,2014-05-22,4436
49,2014-05-22,6307
1115,2014-05-22,5267
1086,2014-05-22,7761
85,2014-05-23,7148
71,2014-05-23,10399
102,2014-05-23,7767
105,2014-05-23,5848
10,2014-05-23,5890
57,2014-05-23,12035
50,2014-05-23,4545
49,2014-05-23,7999
1086,2014-05-23,8228
1115,2014-05-23,7596
85,2014-05-24,5741
71,2014-05-24,7105
102,2014-05-24,5337
105,2014-05-24,3101
10,2014-05-24,5034
57,2014-05-24,7399
50,2014-05-24,4291
49,2014-05-24,8117
1086,2014-05-24,4782
1115,2014-05-24,7154
85,2014-05-25,11655
71,2014-05-25,0
102,2014-05-25,0
105,2014-05-25,0
10,2014-05-25,0
57,2014-05-25,0
50,2014-05-25,0
49,2014-05-25,0
1115,2014-05-25,0
1086,2014-05-25,0
85,2014-05-26,6475
71,2014-05-26,6588
102,2014-05-26,5508
105,2014-05-26,4563
10,2014-05-26,6172
57,2014-05-26,9164
50,2014-05-26,3281
49,2014-05-26,5777
1115,2014-05-26,4654
1086,2014-05-26,5175
85,2014-05-27,6057
71,2014-05-27,7609
102,2014-05-27,5358
105,2014-05-27,4423
10,2014-05-27,5303
57,2014-05-27,9397
50,2014-05-27,3542
49,2014-05-27,6810
1115,2014-05-27,4861
1086,2014-05-27,5322
85,2014-05-28,7429
71,2014-05-28,9027
102,2014-05-28,6824
105,2014-05-28,5594
10,2014-05-28,5230
57,2014-05-28,11764
50,2014-05-28,4061
49,2014-05-28,8674
1115,2014-05-28,7513
1086,2014-05-28,6049
85,2014-05-29,14415
71,2014-05-29,0
102,2014-05-29,0
105,2014-05-29,0
10,2014-05-29,0
57,2014-05-29,0
50,2014-05-29,0
49,2014-05-29,0
1086,2014-05-29,0
1115,2014-05-29,0
85,2014-05-30,7055
71,2014-05-30,12416
102,2014-05-30,13231
105,2014-05-30,6126
10,2014-05-30,6624
57,2014-05-30,16120
50,2014-05-30,5376
49,2014-05-30,9285
1086,2014-05-30,8378
1115,2014-05-30,9877
85,2014-05-31,5896
71,2014-05-31,8314
102,2014-05-31,9188
105,2014-05-31,3707
10,2014-05-31,5322
57,2014-05-31,10140
50,2014-05-31,3855
49,2014-05-31,7239
1115,2014-05-31,6767
1086,2014-05-31,4828
85,2014-06-01,11528
71,2014-06-01,0
102,2014-06-01,0
105,2014-06-01,0
10,2014-06-01,0
57,2014-06-01,0
50,2014-06-01,0
49,2014-06-01,0
1115,2014-06-01,0
1086,2014-06-01,0
85,2014-06-02,9424
71,2014-06-02,14383
102,2014-06-02,13783
105,2014-06-02,7898
10,2014-06-02,9211
57,2014-06-02,19571
50,2014-06-02,5976
49,2014-06-02,10996
1115,2014-06-02,8873
1086,2014-06-02,12158
85,2014-06-03,7519
71,2014-06-03,11982
102,2014-06-03,10350
105,2014-06-03,5968
10,2014-06-03,6491
57,2014-06-03,15389
50,2014-06-03,5320
49,2014-06-03,9462
1115,2014-06-03,7025
1086,2014-06-03,9967
85,2014-06-04,7175
71,2014-06-04,11157
102,2014-06-04,9154
105,2014-06-04,5905
10,2014-06-04,6406
57,2014-06-04,12712
50,2014-06-04,4966
49,2014-06-04,9340
1115,2014-06-04,7065
1086,2014-06-04,9924
71,2014-06-05,12150
85,2014-06-05,7078
102,2014-06-05,8086
105,2014-06-05,5486
10,2014-06-05,6711
57,2014-06-05,14137
50,2014-06-05,4812
49,2014-06-05,7391
1115,2014-06-05,7502
1086,2014-06-05,9919
71,2014-06-06,11311
85,2014-06-06,7821
102,2014-06-06,8475
105,2014-06-06,6580
10,2014-06-06,6907
57,2014-06-06,13302
50,2014-06-06,4846
49,2014-06-06,8806
1115,2014-06-06,7038
1086,2014-06-06,8348
85,2014-06-07,6266
71,2014-06-07,7274
102,2014-06-07,5304
105,2014-06-07,4079
10,2014-06-07,5189
57,2014-06-07,9111
50,2014-06-07,3988
49,2014-06-07,8051
1115,2014-06-07,6965
1086,2014-06-07,5232
102,2014-06-08,0
85,2014-06-08,12346
105,2014-06-08,0
71,2014-06-08,0
10,2014-06-08,0
57,2014-06-08,0
49,2014-06-08,0
50,2014-06-08,0
1115,2014-06-08,0
1086,2014-06-08,0
85,2014-06-09,12815
71,2014-06-09,0
102,2014-06-09,0
105,2014-06-09,0
10,2014-06-09,0
57,2014-06-09,0
50,2014-06-09,0
49,2014-06-09,0
1115,2014-06-09,0
1086,2014-06-09,0
71,2014-06-10,8645
85,2014-06-10,6746
102,2014-06-10,4063
105,2014-06-10,4211
10,2014-06-10,5762
57,2014-06-10,10235
50,2014-06-10,4400
49,2014-06-10,7487
1115,2014-06-10,5961
1086,2014-06-10,6647
85,2014-06-11,5957
71,2014-06-11,7221
102,2014-06-11,6411
105,2014-06-11,4418
10,2014-06-11,5163
57,2014-06-11,9759
50,2014-06-11,3354
49,2014-06-11,6374
1115,2014-06-11,5098
1086,2014-06-11,5181
85,2014-06-12,5704
71,2014-06-12,7698
102,2014-06-12,6218
105,2014-06-12,3626
10,2014-06-12,5746
57,2014-06-12,11856
50,2014-06-12,3730
49,2014-06-12,6290
1086,2014-06-12,6585
1115,2014-06-12,5136
85,2014-06-13,6399
71,2014-06-13,8760
102,2014-06-13,5681
105,2014-06-13,4002
10,2014-06-13,5047
57,2014-06-13,10529
50,2014-06-13,3534
49,2014-06-13,7018
1086,2014-06-13,5453
1115,2014-06-13,5354
85,2014-06-14,5081
71,2014-06-14,7073
102,2014-06-14,6844
105,2014-06-14,2848
10,2014-06-14,5188
57,2014-06-14,8060
50,2014-06-14,4389
49,2014-06-14,7559
1115,2014-06-14,6548
1086,2014-06-14,4871
85,2014-06-15,12348
71,2014-06-15,0
102,2014-06-15,0
105,2014-06-15,0
10,2014-06-15,0
57,2014-06-15,0
50,2014-06-15,0
49,2014-06-15,0
1115,2014-06-15,0
1086,2014-06-15,0
85,2014-06-16,8136
71,2014-06-16,13507
102,2014-06-16,11522
105,2014-06-16,7107
10,2014-06-16,6816
57,2014-06-16,38037
50,2014-06-16,6275
49,2014-06-16,9466
1115,2014-06-16,9217
1086,2014-06-16,13344
85,2014-06-17,7201
71,2014-06-17,11153
102,2014-06-17,10451
105,2014-06-17,5245
10,2014-06-17,6750
57,2014-06-17,34692
50,2014-06-17,5574
49,2014-06-17,8633
1115,2014-06-17,8226
1086,2014-06-17,9911
85,2014-06-18,7015
71,2014-06-18,11725
102,2014-06-18,9196
105,2014-06-18,6048
10,2014-06-18,5833
57,2014-06-18,25435
50,2014-06-18,5046
49,2014-06-18,8964
1115,2014-06-18,7863
1086,2014-06-18,10647
85,2014-06-19,7036
71,2014-06-19,0
102,2014-06-19,0
105,2014-06-19,0
10,2014-06-19,5484
57,2014-06-19,18106
50,2014-06-19,0
49,2014-06-19,0
1086,2014-06-19,0
1115,2014-06-19,0
85,2014-06-20,6962
71,2014-06-20,13642
102,2014-06-20,11371
105,2014-06-20,5897
10,2014-06-20,5656
57,2014-06-20,10677
50,2014-06-20,5973
49,2014-06-20,9996
1086,2014-06-20,11542
1115,2014-06-20,10477
85,2014-06-21,5141
71,2014-06-21,7124
102,2014-06-21,6165
105,2014-06-21,3281
10,2014-06-21,4282
57,2014-06-21,5983
50,2014-06-21,3933
49,2014-06-21,6705
1115,2014-06-21,5804
1086,2014-06-21,4785
85,2014-06-22,12640
71,2014-06-22,0
102,2014-06-22,0
105,2014-06-22,0
10,2014-06-22,0
57,2014-06-22,0
50,2014-06-22,0
49,2014-06-22,0
1115,2014-06-22,0
1086,2014-06-22,0
85,2014-06-23,6179
71,2014-06-23,7180
102,2014-06-23,6142
105,2014-06-23,4861
10,2014-06-23,5683
57,2014-06-23,0
50,2014-06-23,3015
49,2014-06-23,6000
1115,2014-06-23,5220
1086,2014-06-23,5748
85,2014-06-24,5690
71,2014-06-24,6311
102,2014-06-24,4925
105,2014-06-24,3998
10,2014-06-24,5442
57,2014-06-24,0
50,2014-06-24,3050
49,2014-06-24,5688
1115,2014-06-24,4309
1086,2014-06-24,5522
85,2014-06-25,6319
71,2014-06-25,7790
102,2014-06-25,5034
105,2014-06-25,3736
10,2014-06-25,4823
57,2014-06-25,0
50,2014-06-25,3038
49,2014-06-25,5550
1115,2014-06-25,4009
1086,2014-06-25,5604
102,2014-06-26,4984
85,2014-06-26,5991
105,2014-06-26,3863
71,2014-06-26,6419
10,2014-06-26,4633
57,2014-06-26,0
49,2014-06-26,4701
50,2014-06-26,2323
1115,2014-06-26,4422
1086,2014-06-26,5244
85,2014-06-27,6627
71,2014-06-27,7804
102,2014-06-27,5313
105,2014-06-27,4358
10,2014-06-27,4626
57,2014-06-27,0
50,2014-06-27,3816
49,2014-06-27,6789
1086,2014-06-27,5262
1115,2014-06-27,5152
85,2014-06-28,5417
71,2014-06-28,7234
102,2014-06-28,5976
105,2014-06-28,3073
10,2014-06-28,4606
57,2014-06-28,0
50,2014-06-28,4555
49,2014-06-28,7782
1086,2014-06-28,4468
1115,2014-06-28,7479
85,2014-06-29,13465
71,2014-06-29,0
102,2014-06-29,0
105,2014-06-29,0
10,2014-06-29,0
57,2014-06-29,0
50,2014-06-29,0
49,2014-06-29,0
1115,2014-06-29,0
1086,2014-06-29,0
85,2014-06-30,9688
71,2014-06-30,16143
102,2014-06-30,15207
105,2014-06-30,7664
10,2014-06-30,7707
57,2014-06-30,0
50,2014-06-30,7752
49,2014-06-30,10593
1115,2014-06-30,10667
1086,2014-06-30,15392
85,2014-07-01,8273
71,2014-07-01,13262
105,2014-07-01,5836
102,2014-07-01,11458
10,2014-07-01,6192
57,2014-07-01,0
50,2014-07-01,5407
49,2014-07-01,8945
1115,2014-07-01,8071
1086,2014-07-01,10484
85,2014-07-02,8513
71,2014-07-02,12849
102,2014-07-02,10338
105,2014-07-02,5944
10,2014-07-02,5951
57,2014-07-02,0
50,2014-07-02,4924
49,2014-07-02,7486
1115,2014-07-02,7214
1086,2014-07-02,9205
85,2014-07-03,7083
71,2014-07-03,11271
102,2014-07-03,8029
105,2014-07-03,5006
10,2014-07-03,5637
57,2014-07-03,0
50,2014-07-03,4537
49,2014-07-03,7361
1115,2014-07-03,6477
1086,2014-07-03,8664
85,2014-07-04,7072
71,2014-07-04,9884
102,2014-07-04,6235
105,2014-07-04,4830
10,2014-07-04,5176
57,2014-07-04,0
50,2014-07-04,4332
49,2014-07-04,6877
1086,2014-07-04,7142
1115,2014-07-04,5958
85,2014-07-05,5872
71,2014-07-05,6870
102,2014-07-05,5419
105,2014-07-05,2706
10,2014-07-05,5038
57,2014-07-05,11123
50,2014-07-05,4398
49,2014-07-05,7573
1115,2014-07-05,7538
1086,2014-07-05,4716
85,2014-07-06,13119
71,2014-07-06,0
105,2014-07-06,0
102,2014-07-06,0
10,2014-07-06,0
57,2014-07-06,0
50,2014-07-06,0
49,2014-07-06,0
1115,2014-07-06,0
1086,2014-07-06,0
85,2014-07-07,6241
71,2014-07-07,8966
102,2014-07-07,6439
105,2014-07-07,4606
10,2014-07-07,5614
57,2014-07-07,18856
50,2014-07-07,3236
49,2014-07-07,5805
1115,2014-07-07,4656
1086,2014-07-07,5983
85,2014-07-08,5920
71,2014-07-08,7515
102,2014-07-08,4283
105,2014-07-08,3385
10,2014-07-08,4830
57,2014-07-08,14847
49,2014-07-08,6488
50,2014-07-08,2993
1115,2014-07-08,4884
1086,2014-07-08,6332
85,2014-07-09,6799
71,2014-07-09,7395
102,2014-07-09,3497
105,2014-07-09,3529
10,2014-07-09,3567
57,2014-07-09,11315
50,2014-07-09,2933
49,2014-07-09,5422
1115,2014-07-09,4559
1086,2014-07-09,5187
85,2014-07-10,5666
71,2014-07-10,7701
102,2014-07-10,5278
105,2014-07-10,3705
10,2014-07-10,4693
57,2014-07-10,12155
49,2014-07-10,6030
50,2014-07-10,3294
1115,2014-07-10,4886
1086,2014-07-10,6063
85,2014-07-11,6327
71,2014-07-11,8151
102,2014-07-11,2241
105,2014-07-11,4373
10,2014-07-11,5331
57,2014-07-11,10840
50,2014-07-11,3078
49,2014-07-11,7065
1115,2014-07-11,5409
1086,2014-07-11,5834
85,2014-07-12,5786
71,2014-07-12,6988
102,2014-07-12,0
105,2014-07-12,3394
10,2014-07-12,4682
57,2014-07-12,8937
49,2014-07-12,7388
50,2014-07-12,3988
1115,2014-07-12,6920
1086,2014-07-12,4648
85,2014-07-13,13596
71,2014-07-13,0
105,2014-07-13,0
102,2014-07-13,0
10,2014-07-13,0
57,2014-07-13,0
50,2014-07-13,0
49,2014-07-13,0
1086,2014-07-13,0
1115,2014-07-13,0
85,2014-07-14,7293
71,2014-07-14,13323
105,2014-07-14,6275
102,2014-07-14,0
10,2014-07-14,7386
57,2014-07-14,12623
50,2014-07-14,5414
49,2014-07-14,10161
1086,2014-07-14,13129
1115,2014-07-14,7377
85,2014-07-15,7011
71,2014-07-15,11371
105,2014-07-15,6166
102,2014-07-15,0
10,2014-07-15,6704
57,2014-07-15,11112
50,2014-07-15,4851
49,2014-07-15,8125
1115,2014-07-15,6576
1086,2014-07-15,10062
85,2014-07-16,6952
71,2014-07-16,9533
102,2014-07-16,0
105,2014-07-16,4918
10,2014-07-16,6726
57,2014-07-16,9771
50,2014-07-16,5182
49,2014-07-16,7706
1086,2014-07-16,9634
1115,2014-07-16,6456
85,2014-07-17,6874
71,2014-07-17,9750
105,2014-07-17,5506
102,2014-07-17,0
10,2014-07-17,6070
57,2014-07-17,9549
50,2014-07-17,4625
49,2014-07-17,6893
1115,2014-07-17,6495
1086,2014-07-17,7605
85,2014-07-18,6906
71,2014-07-18,9445
102,2014-07-18,0
105,2014-07-18,4638
10,2014-07-18,6424
57,2014-07-18,8926
50,2014-07-18,4664
49,2014-07-18,8205
1086,2014-07-18,5894
1115,2014-07-18,6704
85,2014-07-19,4751
71,2014-07-19,7089
105,2014-07-19,2944
102,2014-07-19,0
10,2014-07-19,4682
57,2014-07-19,5681
50,2014-07-19,3514
49,2014-07-19,7271
1086,2014-07-19,3082
1115,2014-07-19,6066
85,2014-07-20,10696
71,2014-07-20,0
102,2014-07-20,0
105,2014-07-20,0
10,2014-07-20,0
57,2014-07-20,0
50,2014-07-20,0
49,2014-07-20,0
1115,2014-07-20,0
1086,2014-07-20,0
85,2014-07-21,5875
71,2014-07-21,7899
105,2014-07-21,4494
102,2014-07-21,0
10,2014-07-21,5703
57,2014-07-21,7425
50,2014-07-21,3671
49,2014-07-21,6014
1086,2014-07-21,4596
1115,2014-07-21,5085
85,2014-07-22,5541
71,2014-07-22,7137
105,2014-07-22,4023
102,2014-07-22,0
10,2014-07-22,4632
57,2014-07-22,6751
50,2014-07-22,2902
49,2014-07-22,5638
1086,2014-07-22,4196
1115,2014-07-22,4604
85,2014-07-23,5388
71,2014-07-23,6711
105,2014-07-23,3942
102,2014-07-23,0
10,2014-07-23,5096
57,2014-07-23,5701
50,2014-07-23,3000
49,2014-07-23,5709
1086,2014-07-23,4433
1115,2014-07-23,4831
85,2014-07-24,5610
71,2014-07-24,6983
102,2014-07-24,0
105,2014-07-24,3998
10,2014-07-24,4833
57,2014-07-24,7072
50,2014-07-24,3183
49,2014-07-24,6220
1115,2014-07-24,5639
1086,2014-07-24,4072
85,2014-07-25,5246
71,2014-07-25,7321
105,2014-07-25,4047
102,2014-07-25,12639
10,2014-07-25,5027
57,2014-07-25,6303
50,2014-07-25,3433
49,2014-07-25,6323
1086,2014-07-25,4473
1115,2014-07-25,6004
85,2014-07-26,5033
71,2014-07-26,6127
102,2014-07-26,9826
105,2014-07-26,3141
10,2014-07-26,5429
57,2014-07-26,5261
50,2014-07-26,4178
49,2014-07-26,7394
1086,2014-07-26,3665
1115,2014-07-26,7806
85,2014-07-27,11045
71,2014-07-27,0
102,2014-07-27,0
105,2014-07-27,0
10,2014-07-27,0
57,2014-07-27,0
50,2014-07-27,0
49,2014-07-27,0
1115,2014-07-27,0
1086,2014-07-27,0
85,2014-07-28,7915
71,2014-07-28,12897
102,2014-07-28,9626
105,2014-07-28,7327
10,2014-07-28,8422
57,2014-07-28,14018
50,2014-07-28,5914
49,2014-07-28,10121
1115,2014-07-28,8501
1086,2014-07-28,10023
85,2014-07-29,7078
71,2014-07-29,10356
102,2014-07-29,8620
105,2014-07-29,6351
10,2014-07-29,6635
57,2014-07-29,9893
50,2014-07-29,5168
49,2014-07-29,9136
1086,2014-07-29,8143
1115,2014-07-29,7220
85,2014-07-30,7207
71,2014-07-30,11175
102,2014-07-30,8875
105,2014-07-30,6282
10,2014-07-30,6316
57,2014-07-30,8842
50,2014-07-30,4977
49,2014-07-30,9649
1086,2014-07-30,8589
1115,2014-07-30,7667
85,2014-07-31,8121
71,2014-07-31,11440
105,2014-07-31,6712
102,2014-07-31,12002
10,2014-07-31,6637
57,2014-07-31,11059
50,2014-07-31,5467
49,2014-07-31,9568
1086,2014-07-31,8960
1115,2014-07-31,8050
85,2014-08-01,7855
71,2014-08-01,10100
105,2014-08-01,5308
102,2014-08-01,9641
10,2014-08-01,6997
57,2014-08-01,10032
50,2014-08-01,5137
49,2014-08-01,9048
1115,2014-08-01,8580
1086,2014-08-01,6625
85,2014-08-02,5845
71,2014-08-02,6828
102,2014-08-02,5882
105,2014-08-02,3161
10,2014-08-02,5284
57,2014-08-02,5695
50,2014-08-02,4617
49,2014-08-02,8022
1115,2014-08-02,6455
1086,2014-08-02,3706
85,2014-08-03,12265
71,2014-08-03,0
102,2014-08-03,0
105,2014-08-03,0
10,2014-08-03,0
57,2014-08-03,0
50,2014-08-03,0
49,2014-08-03,0
1115,2014-08-03,0
1086,2014-08-03,0
85,2014-08-04,8779
71,2014-08-04,14300
102,2014-08-04,11784
105,2014-08-04,6879
10,2014-08-04,7049
57,2014-08-04,11455
50,2014-08-04,6202
49,2014-08-04,10251
1086,2014-08-04,11682
1115,2014-08-04,8457
85,2014-08-05,7055
71,2014-08-05,10216
105,2014-08-05,5019
102,2014-08-05,9278
10,2014-08-05,6201
57,2014-08-05,10624
50,2014-08-05,4846
49,2014-08-05,9302
1115,2014-08-05,7028
1086,2014-08-05,8295
85,2014-08-06,7098
71,2014-08-06,9310
102,2014-08-06,8004
105,2014-08-06,5039
10,2014-08-06,5811
57,2014-08-06,8361
50,2014-08-06,4913
49,2014-08-06,6990
1115,2014-08-06,5746
1086,2014-08-06,7115
85,2014-08-07,6605
71,2014-08-07,8684
102,2014-08-07,7291
105,2014-08-07,5372
10,2014-08-07,5452
57,2014-08-07,9816
50,2014-08-07,4656
49,2014-08-07,8029
1115,2014-08-07,6616
1086,2014-08-07,7192
85,2014-08-08,6565
71,2014-08-08,9295
102,2014-08-08,6837
105,2014-08-08,4742
10,2014-08-08,5683
57,2014-08-08,8351
50,2014-08-08,4098
49,2014-08-08,7468
1115,2014-08-08,6069
1086,2014-08-08,6139
85,2014-08-09,5242
71,2014-08-09,6576
105,2014-08-09,3008
102,2014-08-09,5689
10,2014-08-09,4420
57,2014-08-09,5248
50,2014-08-09,3846
49,2014-08-09,7594
1115,2014-08-09,6641
1086,2014-08-09,3410
85,2014-08-10,12129
71,2014-08-10,0
102,2014-08-10,0
105,2014-08-10,0
10,2014-08-10,0
57,2014-08-10,0
50,2014-08-10,0
49,2014-08-10,0
1115,2014-08-10,0
1086,2014-08-10,0
85,2014-08-11,6113
71,2014-08-11,7615
102,2014-08-11,6085
105,2014-08-11,4645
10,2014-08-11,5661
57,2014-08-11,6835
49,2014-08-11,6552
50,2014-08-11,3151
1115,2014-08-11,5612
1086,2014-08-11,5728
85,2014-08-12,5729
71,2014-08-12,7026
102,2014-08-12,5285
105,2014-08-12,3520
10,2014-08-12,4672
57,2014-08-12,6907
50,2014-08-12,2836
49,2014-08-12,5494
1115,2014-08-12,4964
1086,2014-08-12,4758
85,2014-08-13,6111
71,2014-08-13,7341
102,2014-08-13,5404
105,2014-08-13,3540
10,2014-08-13,4791
57,2014-08-13,6172
49,2014-08-13,5735
50,2014-08-13,2798
1115,2014-08-13,4485
1086,2014-08-13,4661
85,2014-08-14,5290
71,2014-08-14,7091
102,2014-08-14,5156
105,2014-08-14,3793
10,2014-08-14,4206
57,2014-08-14,6862
50,2014-08-14,3308
49,2014-08-14,5950
1115,2014-08-14,5359
1086,2014-08-14,5018
85,2014-08-15,5632
71,2014-08-15,7231
102,2014-08-15,4776
105,2014-08-15,3623
10,2014-08-15,5205
57,2014-08-15,7578
50,2014-08-15,3593
49,2014-08-15,6506
1086,2014-08-15,4473
1115,2014-08-15,5399
85,2014-08-16,4420
71,2014-08-16,6673
105,2014-08-16,2604
102,2014-08-16,6373
10,2014-08-16,4478
57,2014-08-16,5799
50,2014-08-16,3754
49,2014-08-16,6830
1086,2014-08-16,3693
1115,2014-08-16,5755
85,2014-08-17,11707
71,2014-08-17,0
105,2014-08-17,0
102,2014-08-17,0
10,2014-08-17,0
57,2014-08-17,0
50,2014-08-17,0
49,2014-08-17,0
1086,2014-08-17,0
1115,2014-08-17,0
85,2014-08-18,8270
71,2014-08-18,14693
105,2014-08-18,7274
102,2014-08-18,11889
10,2014-08-18,6450
57,2014-08-18,13377
50,2014-08-18,6173
49,2014-08-18,10984
1115,2014-08-18,8993
1086,2014-08-18,11704
85,2014-08-19,7415
71,2014-08-19,11032
102,2014-08-19,10039
105,2014-08-19,5677
10,2014-08-19,5044
57,2014-08-19,10427
50,2014-08-19,4532
49,2014-08-19,7979
1086,2014-08-19,7829
1115,2014-08-19,6453
85,2014-08-20,6514
71,2014-08-20,9471
105,2014-08-20,4481
102,2014-08-20,8965
10,2014-08-20,5053
57,2014-08-20,9911
50,2014-08-20,4555
49,2014-08-20,7390
1115,2014-08-20,6228
1086,2014-08-20,7811
85,2014-08-21,6506
71,2014-08-21,8617
102,2014-08-21,7341
105,2014-08-21,4472
10,2014-08-21,5182
57,2014-08-21,10019
50,2014-08-21,4546
49,2014-08-21,6924
1086,2014-08-21,6641
1115,2014-08-21,7648
85,2014-08-22,6658
71,2014-08-22,8021
105,2014-08-22,4276
102,2014-08-22,7144
10,2014-08-22,4682
57,2014-08-22,8346
50,2014-08-22,4282
49,2014-08-22,7022
1086,2014-08-22,6164
1115,2014-08-22,6585
85,2014-08-23,5460
71,2014-08-23,4630
102,2014-08-23,5778
105,2014-08-23,2974
10,2014-08-23,3567
57,2014-08-23,5896
50,2014-08-23,3461
49,2014-08-23,5642
1115,2014-08-23,5353
1086,2014-08-23,3414
85,2014-08-24,12063
71,2014-08-24,0
105,2014-08-24,0
102,2014-08-24,0
10,2014-08-24,0
57,2014-08-24,0
50,2014-08-24,0
49,2014-08-24,0
1086,2014-08-24,0
1115,2014-08-24,0
85,2014-08-25,6306
71,2014-08-25,6891
105,2014-08-25,3577
102,2014-08-25,5932
10,2014-08-25,4346
57,2014-08-25,7618
50,2014-08-25,3012
49,2014-08-25,5855
1086,2014-08-25,4386
1115,2014-08-25,3992
85,2014-08-26,5693
71,2014-08-26,6500
105,2014-08-26,3075
102,2014-08-26,4572
10,2014-08-26,4496
57,2014-08-26,5735
50,2014-08-26,2620
49,2014-08-26,5635
1086,2014-08-26,4147
1115,2014-08-26,4271
85,2014-08-27,5146
71,2014-08-27,6308
102,2014-08-27,6189
105,2014-08-27,3198
10,2014-08-27,3755
57,2014-08-27,6373
50,2014-08-27,2979
49,2014-08-27,5565
1115,2014-08-27,3973
1086,2014-08-27,4197
85,2014-08-28,6016
71,2014-08-28,7580
105,2014-08-28,3147
102,2014-08-28,5917
10,2014-08-28,4043
57,2014-08-28,7443
50,2014-08-28,2825
49,2014-08-28,5481
1086,2014-08-28,4419
1115,2014-08-28,5504
85,2014-08-29,6336
71,2014-08-29,9165
102,2014-08-29,9560
105,2014-08-29,4465
10,2014-08-29,5266
57,2014-08-29,8703
50,2014-08-29,3928
49,2014-08-29,6330
1086,2014-08-29,4607
1115,2014-08-29,6519
85,2014-08-30,5795
71,2014-08-30,6961
102,2014-08-30,8440
105,2014-08-30,3729
10,2014-08-30,4372
57,2014-08-30,5806
50,2014-08-30,4165
49,2014-08-30,7041
1115,2014-08-30,8408
1086,2014-08-30,3697
85,2014-08-31,14336
71,2014-08-31,0
102,2014-08-31,0
105,2014-08-31,0
10,2014-08-31,0
57,2014-08-31,0
50,2014-08-31,0
49,2014-08-31,0
1115,2014-08-31,0
1086,2014-08-31,0
85,2014-09-01,9215
71,2014-09-01,11498
102,2014-09-01,12220
105,2014-09-01,5496
10,2014-09-01,7033
57,2014-09-01,14506
49,2014-09-01,10609
50,2014-09-01,6399
1115,2014-09-01,6961
1086,2014-09-01,11730
85,2014-09-02,7576
71,2014-09-02,11070
102,2014-09-02,9397
105,2014-09-02,3926
10,2014-09-02,5937
57,2014-09-02,10824
50,2014-09-02,4540
49,2014-09-02,7491
1086,2014-09-02,8360
1115,2014-09-02,6504
85,2014-09-03,7475
71,2014-09-03,11026
105,2014-09-03,4327
102,2014-09-03,9290
10,2014-09-03,5397
57,2014-09-03,9509
50,2014-09-03,4239
49,2014-09-03,8551
1086,2014-09-03,7054
1115,2014-09-03,6760
85,2014-09-04,6490
71,2014-09-04,10556
105,2014-09-04,4403
102,2014-09-04,8885
10,2014-09-04,5840
57,2014-09-04,9718
50,2014-09-04,4817
49,2014-09-04,7237
1115,2014-09-04,7556
1086,2014-09-04,6532
85,2014-09-05,6727
71,2014-09-05,11387
102,2014-09-05,9152
105,2014-09-05,4492
10,2014-09-05,5391
57,2014-09-05,8864
50,2014-09-05,4343
49,2014-09-05,7828
1115,2014-09-05,8138
1086,2014-09-05,6669
85,2014-09-06,5170
71,2014-09-06,6625
102,2014-09-06,6523
105,2014-09-06,2722
10,2014-09-06,4228
57,2014-09-06,6520
50,2014-09-06,3865
49,2014-09-06,6580
1115,2014-09-06,7505
1086,2014-09-06,3593
85,2014-09-07,8080
71,2014-09-07,0
102,2014-09-07,0
105,2014-09-07,0
10,2014-09-07,0
57,2014-09-07,0
50,2014-09-07,0
49,2014-09-07,0
1086,2014-09-07,0
1115,2014-09-07,0
85,2014-09-08,5962
71,2014-09-08,7143
105,2014-09-08,4208
102,2014-09-08,6654
10,2014-09-08,5329
57,2014-09-08,7706
50,2014-09-08,3346
49,2014-09-08,5667
1115,2014-09-08,6485
1086,2014-09-08,4507
85,2014-09-09,5318
71,2014-09-09,7045
102,2014-09-09,5949
105,2014-09-09,4031
10,2014-09-09,4785
57,2014-09-09,6514
50,2014-09-09,2735
49,2014-09-09,5594
1115,2014-09-09,5447
1086,2014-09-09,4021
85,2014-09-10,5329
71,2014-09-10,6711
102,2014-09-10,5210
105,2014-09-10,4149
10,2014-09-10,5488
57,2014-09-10,6740
50,2014-09-10,2885
49,2014-09-10,5823
1115,2014-09-10,6102
1086,2014-09-10,4458
85,2014-09-11,5659
71,2014-09-11,7036
102,2014-09-11,5084
105,2014-09-11,3581
10,2014-09-11,4512
57,2014-09-11,6891
50,2014-09-11,3239
49,2014-09-11,5612
1115,2014-09-11,5536
1086,2014-09-11,4654
85,2014-09-12,5446
71,2014-09-12,7065
105,2014-09-12,3447
102,2014-09-12,4995
10,2014-09-12,5471
57,2014-09-12,7694
50,2014-09-12,3538
49,2014-09-12,6324
1115,2014-09-12,5285
1086,2014-09-12,4570
85,2014-09-13,5082
71,2014-09-13,7019
102,2014-09-13,5905
105,2014-09-13,3132
10,2014-09-13,4601
57,2014-09-13,5943
50,2014-09-13,4298
49,2014-09-13,7948
1115,2014-09-13,6783
1086,2014-09-13,3861
85,2014-09-14,12609
71,2014-09-14,0
102,2014-09-14,0
105,2014-09-14,0
10,2014-09-14,0
57,2014-09-14,0
49,2014-09-14,0
50,2014-09-14,0
1115,2014-09-14,0
1086,2014-09-14,0
85,2014-09-15,7614
71,2014-09-15,13452
102,2014-09-15,11899
105,2014-09-15,7741
10,2014-09-15,7583
57,2014-09-15,13634
50,2014-09-15,5396
49,2014-09-15,10707
1115,2014-09-15,8174
1086,2014-09-15,10745
85,2014-09-16,6651
71,2014-09-16,11009
102,2014-09-16,9186
105,2014-09-16,5409
10,2014-09-16,6124
57,2014-09-16,10728
49,2014-09-16,8721
50,2014-09-16,4666
1115,2014-09-16,6670
1086,2014-09-16,7983
85,2014-09-17,6559
71,2014-09-17,9540
102,2014-09-17,7559
105,2014-09-17,5007
10,2014-09-17,5714
57,2014-09-17,9191
50,2014-09-17,3709
49,2014-09-17,7472
1115,2014-09-17,6661
1086,2014-09-17,6501
85,2014-09-18,5971
71,2014-09-18,9052
102,2014-09-18,6873
105,2014-09-18,4547
10,2014-09-18,5511
57,2014-09-18,9270
49,2014-09-18,7093
50,2014-09-18,4300
1115,2014-09-18,5911
1086,2014-09-18,6537
85,2014-09-19,6650
71,2014-09-19,9413
102,2014-09-19,6716
105,2014-09-19,4868
10,2014-09-19,5512
57,2014-09-19,9030
50,2014-09-19,4371
49,2014-09-19,8339
1086,2014-09-19,6316
1115,2014-09-19,6900
85,2014-09-20,5183
71,2014-09-20,5886
105,2014-09-20,3056
102,2014-09-20,4652
10,2014-09-20,5075
57,2014-09-20,5507
50,2014-09-20,3417
49,2014-09-20,6802
1086,2014-09-20,3301
1115,2014-09-20,6299
85,2014-09-21,11875
71,2014-09-21,0
105,2014-09-21,0
102,2014-09-21,0
10,2014-09-21,0
57,2014-09-21,0
50,2014-09-21,0
49,2014-09-21,0
1115,2014-09-21,0
1086,2014-09-21,0
85,2014-09-22,5641
71,2014-09-22,6670
102,2014-09-22,5347
105,2014-09-22,4480
10,2014-09-22,5177
57,2014-09-22,6637
50,2014-09-22,2731
49,2014-09-22,5721
1115,2014-09-22,4848
1086,2014-09-22,4417
85,2014-09-23,5052
71,2014-09-23,6236
102,2014-09-23,4921
105,2014-09-23,3589
10,2014-09-23,4787
57,2014-09-23,6314
50,2014-09-23,2447
49,2014-09-23,5073
1115,2014-09-23,4096
1086,2014-09-23,3818
85,2014-09-24,4773
71,2014-09-24,6654
102,2014-09-24,4202
105,2014-09-24,3890
10,2014-09-24,4679
57,2014-09-24,6336
50,2014-09-24,2618
49,2014-09-24,5586
1086,2014-09-24,3937
1115,2014-09-24,4874
85,2014-09-25,5202
71,2014-09-25,6617
105,2014-09-25,3574
102,2014-09-25,4514
10,2014-09-25,4547
57,2014-09-25,6361
50,2014-09-25,2653
49,2014-09-25,5329
1115,2014-09-25,4607
1086,2014-09-25,4591
85,2014-09-26,6038
71,2014-09-26,7295
102,2014-09-26,4877
105,2014-09-26,4276
10,2014-09-26,4750
57,2014-09-26,6454
50,2014-09-26,2935
49,2014-09-26,6343
1115,2014-09-26,5609
1086,2014-09-26,4049
85,2014-09-27,5260
71,2014-09-27,6012
102,2014-09-27,5553
105,2014-09-27,2803
10,2014-09-27,4113
57,2014-09-27,6203
49,2014-09-27,6588
50,2014-09-27,4168
1086,2014-09-27,3231
1115,2014-09-27,6701
85,2014-09-28,11147
71,2014-09-28,0
102,2014-09-28,0
105,2014-09-28,0
10,2014-09-28,0
57,2014-09-28,0
50,2014-09-28,0
49,2014-09-28,0
1115,2014-09-28,0
1086,2014-09-28,0
85,2014-09-29,8273
71,2014-09-29,12121
105,2014-09-29,6693
102,2014-09-29,9070
10,2014-09-29,7302
57,2014-09-29,12513
50,2014-09-29,5427
49,2014-09-29,9231
1115,2014-09-29,7895
1086,2014-09-29,9333
85,2014-09-30,8594
71,2014-09-30,12748
102,2014-09-30,11885
105,2014-09-30,5819
10,2014-09-30,6790
57,2014-09-30,12029
50,2014-09-30,5636
49,2014-09-30,8694
1115,2014-09-30,7483
1086,2014-09-30,8779
102,2014-10-01,9771
85,2014-10-01,7653
71,2014-10-01,11675
105,2014-10-01,5558
10,2014-10-01,6982
57,2014-10-01,11185
50,2014-10-01,4626
49,2014-10-01,8450
1115,2014-10-01,7211
1086,2014-10-01,7728
85,2014-10-02,8067
71,2014-10-02,11305
102,2014-10-02,8489
105,2014-10-02,6281
10,2014-10-02,7145
57,2014-10-02,10745
50,2014-10-02,5131
49,2014-10-02,10296
1086,2014-10-02,7669
1115,2014-10-02,8072
85,2014-10-03,13076
71,2014-10-03,0
102,2014-10-03,0
105,2014-10-03,0
10,2014-10-03,0
57,2014-10-03,0
49,2014-10-03,0
50,2014-10-03,0
1115,2014-10-03,0
1086,2014-10-03,0
85,2014-10-04,6511
71,2014-10-04,8080
102,2014-10-04,6663
105,2014-10-04,3702
10,2014-10-04,5966
57,2014-10-04,7632
50,2014-10-04,5435
49,2014-10-04,8527
1115,2014-10-04,8622
1086,2014-10-04,4931
85,2014-10-05,7923
71,2014-10-05,0
102,2014-10-05,0
105,2014-10-05,0
10,2014-10-05,0
57,2014-10-05,0
50,2014-10-05,0
49,2014-10-05,0
1115,2014-10-05,0
1086,2014-10-05,0
85,2014-10-06,8206
71,2014-10-06,14350
102,2014-10-06,9689
105,2014-10-06,7197
10,2014-10-06,7405
57,2014-10-06,14538
50,2014-10-06,6564
49,2014-10-06,9656
1086,2014-10-06,11717
1115,2014-10-06,9080
85,2014-10-07,7174
71,2014-10-07,10891
105,2014-10-07,5349
102,2014-10-07,7169
10,2014-10-07,6298
57,2014-10-07,10722
50,2014-10-07,4625
49,2014-10-07,8634
1086,2014-10-07,7320
1115,2014-10-07,7213
85,2014-10-08,6685
71,2014-10-08,9279
105,2014-10-08,5311
102,2014-10-08,7358
10,2014-10-08,5903
57,2014-10-08,8755
50,2014-10-08,5041
49,2014-10-08,7863
1115,2014-10-08,6371
1086,2014-10-08,7049
85,2014-10-09,6887
71,2014-10-09,9475
102,2014-10-09,7348
105,2014-10-09,4852
10,2014-10-09,6334
57,2014-10-09,9339
50,2014-10-09,4135
49,2014-10-09,6902
1115,2014-10-09,6626
1086,2014-10-09,7488
85,2014-10-10,7435
71,2014-10-10,9984
102,2014-10-10,7156
105,2014-10-10,5240
10,2014-10-10,6059
57,2014-10-10,9297
50,2014-10-10,5385
49,2014-10-10,8322
1115,2014-10-10,7102
1086,2014-10-10,7341
85,2014-10-11,6096
71,2014-10-11,6318
102,2014-10-11,4625
105,2014-10-11,3332
10,2014-10-11,4898
57,2014-10-11,6442
50,2014-10-11,3694
49,2014-10-11,7030
1086,2014-10-11,3814
1115,2014-10-11,7352
85,2014-10-12,13117
71,2014-10-12,0
105,2014-10-12,0
102,2014-10-12,0
10,2014-10-12,0
57,2014-10-12,0
50,2014-10-12,0
49,2014-10-12,0
1115,2014-10-12,0
1086,2014-10-12,0
85,2014-10-13,6414
71,2014-10-13,6565
102,2014-10-13,5373
105,2014-10-13,4208
10,2014-10-13,5521
57,2014-10-13,6818
50,2014-10-13,3583
49,2014-10-13,5524
1115,2014-10-13,4821
1086,2014-10-13,3801
85,2014-10-14,5827
71,2014-10-14,6749
102,2014-10-14,5256
105,2014-10-14,4272
10,2014-10-14,4852
57,2014-10-14,6561
50,2014-10-14,2686
49,2014-10-14,4617
1115,2014-10-14,4345
1086,2014-10-14,4065
85,2014-10-15,5185
71,2014-10-15,6854
102,2014-10-15,4852
105,2014-10-15,3995
10,2014-10-15,4508
57,2014-10-15,6535
50,2014-10-15,3200
49,2014-10-15,5440
1115,2014-10-15,4626
1086,2014-10-15,4336
85,2014-10-16,6304
71,2014-10-16,6352
105,2014-10-16,3689
102,2014-10-16,4717
10,2014-10-16,4876
57,2014-10-16,7215
50,2014-10-16,2981
49,2014-10-16,5586
1115,2014-10-16,4117
1086,2014-10-16,4298
85,2014-10-17,6711
71,2014-10-17,6830
102,2014-10-17,4870
105,2014-10-17,4173
10,2014-10-17,5317
57,2014-10-17,6807
50,2014-10-17,3809
49,2014-10-17,6078
1115,2014-10-17,5663
1086,2014-10-17,4850
85,2014-10-18,4563
71,2014-10-18,6121
102,2014-10-18,4809
105,2014-10-18,3493
10,2014-10-18,4816
57,2014-10-18,5947
49,2014-10-18,6424
50,2014-10-18,3499
1115,2014-10-18,6531
1086,2014-10-18,3465
85,2014-10-19,10221
71,2014-10-19,0
102,2014-10-19,0
105,2014-10-19,0
10,2014-10-19,0
57,2014-10-19,0
50,2014-10-19,0
49,2014-10-19,0
1115,2014-10-19,0
1086,2014-10-19,0
85,2014-10-20,8521
71,2014-10-20,11849
102,2014-10-20,8956
105,2014-10-20,6402
10,2014-10-20,7410
57,2014-10-20,12854
49,2014-10-20,8854
50,2014-10-20,5742
1115,2014-10-20,7772
1086,2014-10-20,9575
85,2014-10-21,6780
71,2014-10-21,9396
102,2014-10-21,6070
105,2014-10-21,4989
10,2014-10-21,5604
57,2014-10-21,9366
50,2014-10-21,4316
49,2014-10-21,6419
1115,2014-10-21,6731
1086,2014-10-21,6934
85,2014-10-22,6518
71,2014-10-22,9591
102,2014-10-22,6165
105,2014-10-22,4309
10,2014-10-22,4773
57,2014-10-22,8198
49,2014-10-22,6730
50,2014-10-22,3993
1115,2014-10-22,5996
1086,2014-10-22,6022
85,2014-10-23,6913
71,2014-10-23,8896
105,2014-10-23,4191
102,2014-10-23,6719
10,2014-10-23,5836
57,2014-10-23,9288
50,2014-10-23,3881
49,2014-10-23,5842
1086,2014-10-23,6704
1115,2014-10-23,5881
85,2014-10-24,6956
71,2014-10-24,9568
105,2014-10-24,4972
102,2014-10-24,6562
10,2014-10-24,6059
57,2014-10-24,8517
50,2014-10-24,4233
49,2014-10-24,7643
1115,2014-10-24,5534
1086,2014-10-24,6348
85,2014-10-25,5209
71,2014-10-25,6101
102,2014-10-25,4893
105,2014-10-25,3157
10,2014-10-25,5062
57,2014-10-25,5674
50,2014-10-25,3752
49,2014-10-25,6942
1115,2014-10-25,7230
1086,2014-10-25,3478
85,2014-10-26,10524
71,2014-10-26,0
102,2014-10-26,0
105,2014-10-26,0
10,2014-10-26,0
57,2014-10-26,0
50,2014-10-26,0
49,2014-10-26,0
1115,2014-10-26,0
1086,2014-10-26,0
85,2014-10-27,5708
71,2014-10-27,6852
102,2014-10-27,4765
105,2014-10-27,3720
10,2014-10-27,4800
57,2014-10-27,8129
50,2014-10-27,2790
49,2014-10-27,6208
1115,2014-10-27,5424
1086,2014-10-27,4727
85,2014-10-28,5977
71,2014-10-28,6405
102,2014-10-28,4218
105,2014-10-28,3347
10,2014-10-28,4910
57,2014-10-28,7398
50,2014-10-28,2421
49,2014-10-28,5289
1086,2014-10-28,4425
1115,2014-10-28,4401
85,2014-10-29,5227
71,2014-10-29,6858
105,2014-10-29,4270
102,2014-10-29,4429
10,2014-10-29,4402
57,2014-10-29,7521
50,2014-10-29,3123
49,2014-10-29,6274
1115,2014-10-29,4906
1086,2014-10-29,4616
85,2014-10-30,5862
71,2014-10-30,8057
102,2014-10-30,6369
105,2014-10-30,4382
10,2014-10-30,5090
57,2014-10-30,9518
50,2014-10-30,3311
49,2014-10-30,6811
1115,2014-10-30,5676
1086,2014-10-30,5892
85,2014-10-31,6722
71,2014-10-31,8833
102,2014-10-31,7435
105,2014-10-31,5114
10,2014-10-31,5597
57,2014-10-31,0
50,2014-10-31,4615
49,2014-10-31,9612
1115,2014-10-31,6470
1086,2014-10-31,6127
85,2014-11-01,5865
71,2014-11-01,0
102,2014-11-01,0
105,2014-11-01,0
10,2014-11-01,4349
57,2014-11-01,8315
50,2014-11-01,0
49,2014-11-01,0
1115,2014-11-01,6466
1086,2014-11-01,4773
85,2014-11-02,11557
71,2014-11-02,0
105,2014-11-02,0
102,2014-11-02,0
10,2014-11-02,0
57,2014-11-02,0
50,2014-11-02,0
49,2014-11-02,0
1115,2014-11-02,0
1086,2014-11-02,0
85,2014-11-03,8670
71,2014-11-03,15114
102,2014-11-03,11523
105,2014-11-03,8254
10,2014-11-03,7438
57,2014-11-03,13910
50,2014-11-03,7529
49,2014-11-03,7780
1086,2014-11-03,10689
1115,2014-11-03,8825
85,2014-11-04,7020
71,2014-11-04,11727
105,2014-11-04,6708
102,2014-11-04,8961
10,2014-11-04,6331
57,2014-11-04,11699
50,2014-11-04,4855
49,2014-11-04,7835
1115,2014-11-04,7607
1086,2014-11-04,8780
85,2014-11-05,6855
71,2014-11-05,10686
102,2014-11-05,8661
105,2014-11-05,5519
10,2014-11-05,4965
57,2014-11-05,10673
50,2014-11-05,4736
49,2014-11-05,6880
1115,2014-11-05,7442
1086,2014-11-05,8098
85,2014-11-06,5491
71,2014-11-06,10701
102,2014-11-06,7428
105,2014-11-06,5880
10,2014-11-06,5907
57,2014-11-06,9934
50,2014-11-06,4135
49,2014-11-06,6799
1115,2014-11-06,6707
1086,2014-11-06,7275
85,2014-11-07,6856
71,2014-11-07,12742
102,2014-11-07,7164
105,2014-11-07,5535
10,2014-11-07,6498
57,2014-11-07,9167
50,2014-11-07,4755
49,2014-11-07,8060
1115,2014-11-07,7996
1086,2014-11-07,6877
85,2014-11-08,5201
71,2014-11-08,6612
102,2014-11-08,6236
105,2014-11-08,3648
10,2014-11-08,5561
57,2014-11-08,6550
49,2014-11-08,7846
50,2014-11-08,4357
1115,2014-11-08,7062
1086,2014-11-08,3840
85,2014-11-09,7487
71,2014-11-09,0
102,2014-11-09,0
105,2014-11-09,0
10,2014-11-09,0
57,2014-11-09,0
50,2014-11-09,0
49,2014-11-09,0
1086,2014-11-09,0
1115,2014-11-09,0
85,2014-11-10,8308
71,2014-11-10,11642
105,2014-11-10,6551
102,2014-11-10,10457
10,2014-11-10,6811
57,2014-11-10,12139
50,2014-11-10,4711
49,2014-11-10,9136
1086,2014-11-10,8992
1115,2014-11-10,7704
85,2014-11-11,6606
71,2014-11-11,11052
105,2014-11-11,5419
102,2014-11-11,7420
10,2014-11-11,7009
57,2014-11-11,10301
50,2014-11-11,3989
49,2014-11-11,7554
1115,2014-11-11,7254
1086,2014-11-11,7697
85,2014-11-12,6883
71,2014-11-12,9730
102,2014-11-12,7646
105,2014-11-12,5101
10,2014-11-12,6226
57,2014-11-12,8461
50,2014-11-12,3866
49,2014-11-12,8073
1115,2014-11-12,7441
1086,2014-11-12,7094
85,2014-11-13,6702
71,2014-11-13,8986
102,2014-11-13,7775
105,2014-11-13,4644
10,2014-11-13,5766
57,2014-11-13,8975
50,2014-11-13,4743
49,2014-11-13,7709
1115,2014-11-13,6617
1086,2014-11-13,7254
85,2014-11-14,6970
71,2014-11-14,10213
102,2014-11-14,6869
105,2014-11-14,5583
10,2014-11-14,6239
57,2014-11-14,9365
50,2014-11-14,4502
49,2014-11-14,7979
1086,2014-11-14,7003
1115,2014-11-14,6623
85,2014-11-15,5552
71,2014-11-15,7079
105,2014-11-15,3286
102,2014-11-15,5787
10,2014-11-15,4895
57,2014-11-15,6381
50,2014-11-15,4694
49,2014-11-15,8424
1115,2014-11-15,7588
1086,2014-11-15,4234
85,2014-11-16,12932
71,2014-11-16,0
102,2014-11-16,0
105,2014-11-16,0
10,2014-11-16,0
57,2014-11-16,0
50,2014-11-16,0
49,2014-11-16,0
1115,2014-11-16,0
1086,2014-11-16,0
85,2014-11-17,6051
71,2014-11-17,7864
102,2014-11-17,5399
105,2014-11-17,5032
10,2014-11-17,5346
57,2014-11-17,7529
49,2014-11-17,6084
50,2014-11-17,3366
1086,2014-11-17,5034
1115,2014-11-17,5053
85,2014-11-18,6086
71,2014-11-18,7314
102,2014-11-18,4486
105,2014-11-18,3471
10,2014-11-18,5290
57,2014-11-18,8260
50,2014-11-18,2840
49,2014-11-18,5943
1115,2014-11-18,4628
1086,2014-11-18,4131
85,2014-11-19,6061
71,2014-11-19,7126
105,2014-11-19,4111
102,2014-11-19,4738
10,2014-11-19,5340
57,2014-11-19,0
50,2014-11-19,2928
49,2014-11-19,6408
1115,2014-11-19,5042
1086,2014-11-19,4374
85,2014-11-20,5395
71,2014-11-20,6944
102,2014-11-20,5608
105,2014-11-20,3978
10,2014-11-20,4753
57,2014-11-20,8978
50,2014-11-20,3187
49,2014-11-20,5548
1115,2014-11-20,4581
1086,2014-11-20,4571
102,2014-11-21,5152
85,2014-11-21,6193
71,2014-11-21,7935
105,2014-11-21,4201
10,2014-11-21,5577
57,2014-11-21,8482
50,2014-11-21,2944
49,2014-11-21,6177
1115,2014-11-21,5325
1086,2014-11-21,4474
85,2014-11-22,5787
71,2014-11-22,7237
102,2014-11-22,5422
105,2014-11-22,3200
10,2014-11-22,5337
57,2014-11-22,6744
50,2014-11-22,3817
49,2014-11-22,7776
1086,2014-11-22,3546
1115,2014-11-22,7413
85,2014-11-23,12060
71,2014-11-23,0
102,2014-11-23,0
105,2014-11-23,0
10,2014-11-23,0
57,2014-11-23,0
49,2014-11-23,0
50,2014-11-23,0
1115,2014-11-23,0
1086,2014-11-23,0
85,2014-11-24,8259
71,2014-11-24,12912
102,2014-11-24,10052
105,2014-11-24,8075
10,2014-11-24,7774
57,2014-11-24,14709
50,2014-11-24,5786
49,2014-11-24,10104
1115,2014-11-24,8642
1086,2014-11-24,10332
85,2014-11-25,7636
71,2014-11-25,10901
102,2014-11-25,8034
105,2014-11-25,5993
10,2014-11-25,6454
57,2014-11-25,12233
50,2014-11-25,4767
49,2014-11-25,8270
1115,2014-11-25,8004
1086,2014-11-25,8027
85,2014-11-26,7496
71,2014-11-26,10607
105,2014-11-26,6069
102,2014-11-26,7109
10,2014-11-26,6882
57,2014-11-26,10045
50,2014-11-26,4947
49,2014-11-26,8237
1115,2014-11-26,8475
1086,2014-11-26,7513
85,2014-11-27,7719
71,2014-11-27,10923
102,2014-11-27,8111
105,2014-11-27,6173
10,2014-11-27,7212
57,2014-11-27,11499
50,2014-11-27,4411
49,2014-11-27,8450
1115,2014-11-27,8165
1086,2014-11-27,7571
85,2014-11-28,8836
71,2014-11-28,13818
102,2014-11-28,11811
105,2014-11-28,7490
10,2014-11-28,7421
57,2014-11-28,12494
50,2014-11-28,6050
49,2014-11-28,11126
1115,2014-11-28,10435
1086,2014-11-28,7752
85,2014-11-29,7461
71,2014-11-29,9890
102,2014-11-29,8973
105,2014-11-29,4918
10,2014-11-29,6517
57,2014-11-29,8565
50,2014-11-29,6272
49,2014-11-29,9602
1115,2014-11-29,9353
1086,2014-11-29,4715
85,2014-11-30,15386
71,2014-11-30,0
102,2014-11-30,0
105,2014-11-30,0
10,2014-11-30,0
57,2014-11-30,0
50,2014-11-30,0
49,2014-11-30,0
1115,2014-11-30,0
1086,2014-11-30,0
85,2014-12-01,9096
71,2014-12-01,12131
102,2014-12-01,10756
105,2014-12-01,7654
10,2014-12-01,7440
57,2014-12-01,16314
50,2014-12-01,7103
49,2014-12-01,11580
1086,2014-12-01,11209
1115,2014-12-01,9864
85,2014-12-02,7245
71,2014-12-02,10911
105,2014-12-02,5350
102,2014-12-02,9364
10,2014-12-02,7432
57,2014-12-02,14307
50,2014-12-02,6145
49,2014-12-02,9377
1115,2014-12-02,6983
1086,2014-12-02,9161
85,2014-12-03,9119
71,2014-12-03,11919
102,2014-12-03,9026
105,2014-12-03,5909
10,2014-12-03,6532
57,2014-12-03,12867
50,2014-12-03,4829
49,2014-12-03,9286
1115,2014-12-03,8837
1086,2014-12-03,7755
85,2014-12-04,8249
71,2014-12-04,13306
102,2014-12-04,8465
105,2014-12-04,6439
10,2014-12-04,6665
57,2014-12-04,12998
50,2014-12-04,4615
49,2014-12-04,10680
1115,2014-12-04,9775
1086,2014-12-04,8147
85,2014-12-05,9835
71,2014-12-05,14106
102,2014-12-05,10101
105,2014-12-05,7000
10,2014-12-05,7349
57,2014-12-05,17021
50,2014-12-05,5624
49,2014-12-05,13817
1115,2014-12-05,10636
1086,2014-12-05,8979
85,2014-12-06,6101
71,2014-12-06,8740
105,2014-12-06,4612
102,2014-12-06,7210
10,2014-12-06,5292
57,2014-12-06,8110
50,2014-12-06,5179
49,2014-12-06,8701
1115,2014-12-06,8572
1086,2014-12-06,5102
85,2014-12-07,8394
71,2014-12-07,0
102,2014-12-07,0
105,2014-12-07,0
10,2014-12-07,0
57,2014-12-07,0
50,2014-12-07,0
49,2014-12-07,0
1115,2014-12-07,0
1086,2014-12-07,0
85,2014-12-08,6960
71,2014-12-08,7933
102,2014-12-08,6065
105,2014-12-08,5517
10,2014-12-08,5202
57,2014-12-08,9786
49,2014-12-08,7187
50,2014-12-08,3600
1115,2014-12-08,6195
1086,2014-12-08,6274
85,2014-12-09,5821
71,2014-12-09,8767
102,2014-12-09,6300
105,2014-12-09,4526
10,2014-12-09,5636
57,2014-12-09,9084
50,2014-12-09,2889
49,2014-12-09,6522
1115,2014-12-09,5860
1086,2014-12-09,6343
85,2014-12-10,5683
71,2014-12-10,7720
102,2014-12-10,5749
105,2014-12-10,4873
10,2014-12-10,5268
57,2014-12-10,8447
49,2014-12-10,7087
50,2014-12-10,3147
1115,2014-12-10,5784
1086,2014-12-10,4358
85,2014-12-11,6044
71,2014-12-11,8267
102,2014-12-11,5647
105,2014-12-11,4938
10,2014-12-11,4621
57,2014-12-11,8935
50,2014-12-11,3455
49,2014-12-11,6539
1115,2014-12-11,5884
1086,2014-12-11,5617
85,2014-12-12,6610
71,2014-12-12,7660
102,2014-12-12,5328
105,2014-12-12,4675
10,2014-12-12,5211
57,2014-12-12,8995
49,2014-12-12,8185
50,2014-12-12,4624
1115,2014-12-12,5341
1086,2014-12-12,5822
85,2014-12-13,6764
71,2014-12-13,9455
105,2014-12-13,4002
102,2014-12-13,8128
10,2014-12-13,6041
57,2014-12-13,7280
50,2014-12-13,5177
49,2014-12-13,8885
1086,2014-12-13,5603
1115,2014-12-13,7880
85,2014-12-14,13194
71,2014-12-14,0
105,2014-12-14,0
102,2014-12-14,0
10,2014-12-14,0
57,2014-12-14,0
50,2014-12-14,0
49,2014-12-14,0
1086,2014-12-14,0
1115,2014-12-14,0
85,2014-12-15,9509
71,2014-12-15,18210
105,2014-12-15,9180
102,2014-12-15,14435
10,2014-12-15,8833
57,2014-12-15,20438
50,2014-12-15,9205
49,2014-12-15,13306
1115,2014-12-15,12491
1086,2014-12-15,15191
85,2014-12-16,8282
71,2014-12-16,15253
102,2014-12-16,12300
105,2014-12-16,7737
10,2014-12-16,7707
57,2014-12-16,16615
50,2014-12-16,6880
49,2014-12-16,11217
1086,2014-12-16,12189
1115,2014-12-16,11238
85,2014-12-17,8513
71,2014-12-17,14199
105,2014-12-17,6749
102,2014-12-17,9624
10,2014-12-17,7015
57,2014-12-17,13647
50,2014-12-17,6412
49,2014-12-17,12613
1115,2014-12-17,9269
1086,2014-12-17,9316
85,2014-12-18,8765
71,2014-12-18,15190
102,2014-12-18,10687
105,2014-12-18,6825
10,2014-12-18,6569
57,2014-12-18,14818
50,2014-12-18,6919
49,2014-12-18,13286
1086,2014-12-18,9519
1115,2014-12-18,10205
85,2014-12-19,8671
71,2014-12-19,13958
105,2014-12-19,7449
102,2014-12-19,9019
10,2014-12-19,6922
57,2014-12-19,12753
50,2014-12-19,5902
49,2014-12-19,11541
1086,2014-12-19,8704
1115,2014-12-19,11673
85,2014-12-20,7533
71,2014-12-20,11780
102,2014-12-20,8824
105,2014-12-20,4851
10,2014-12-20,6482
57,2014-12-20,11043
50,2014-12-20,6922
49,2014-12-20,11508
1115,2014-12-20,10898
1086,2014-12-20,6635
85,2014-12-21,8739
71,2014-12-21,0
105,2014-12-21,0
102,2014-12-21,0
10,2014-12-21,0
57,2014-12-21,0
50,2014-12-21,0
49,2014-12-21,0
1086,2014-12-21,0
1115,2014-12-21,0
85,2014-12-22,8088
71,2014-12-22,16058
105,2014-12-22,7767
102,2014-12-22,11016
10,2014-12-22,8597
57,2014-12-22,18442
50,2014-12-22,7693
49,2014-12-22,15331
1086,2014-12-22,10491
1115,2014-12-22,11361
85,2014-12-23,8532
71,2014-12-23,15241
105,2014-12-23,7632
102,2014-12-23,10081
10,2014-12-23,8406
57,2014-12-23,17302
50,2014-12-23,6846
49,2014-12-23,17743
1086,2014-12-23,9271
1115,2014-12-23,12214
85,2014-12-24,3609
71,2014-12-24,6174
102,2014-12-24,3841
105,2014-12-24,4569
10,2014-12-24,5239
57,2014-12-24,6922
50,2014-12-24,2686
49,2014-12-24,7207
1115,2014-12-24,5603
1086,2014-12-24,3501
85,2014-12-25,7612
71,2014-12-25,0
105,2014-12-25,0
102,2014-12-25,0
10,2014-12-25,0
57,2014-12-25,0
50,2014-12-25,0
49,2014-12-25,0
1086,2014-12-25,0
1115,2014-12-25,0
85,2014-12-26,9741
71,2014-12-26,0
102,2014-12-26,0
105,2014-12-26,0
10,2014-12-26,0
57,2014-12-26,0
50,2014-12-26,0
49,2014-12-26,0
1086,2014-12-26,0
1115,2014-12-26,0
85,2014-12-27,5686
71,2014-12-27,7029
102,2014-12-27,5677
105,2014-12-27,2955
10,2014-12-27,4787
57,2014-12-27,7795
50,2014-12-27,3116
49,2014-12-27,6044
1115,2014-12-27,6990
1086,2014-12-27,3993
85,2014-12-28,11914
71,2014-12-28,0
102,2014-12-28,0
105,2014-12-28,0
10,2014-12-28,0
57,2014-12-28,0
50,2014-12-28,0
49,2014-12-28,0
1115,2014-12-28,0
1086,2014-12-28,0
85,2014-12-29,6665
71,2014-12-29,9962
102,2014-12-29,7966
105,2014-12-29,5040
10,2014-12-29,6157
57,2014-12-29,8846
50,2014-12-29,4332
49,2014-12-29,6794
1086,2014-12-29,5592
1115,2014-12-29,7167
85,2014-12-30,8490
71,2014-12-30,10214
105,2014-12-30,4244
102,2014-12-30,9070
10,2014-12-30,6862
57,2014-12-30,8582
50,2014-12-30,4468
49,2014-12-30,6997
1086,2014-12-30,5980
1115,2014-12-30,7148
85,2014-12-31,5377
71,2014-12-31,4226
105,2014-12-31,3507
102,2014-12-31,4310
10,2014-12-31,4216
57,2014-12-31,4168
50,2014-12-31,2107
49,2014-12-31,4244
1086,2014-12-31,2385
1115,2014-12-31,3847
85,2015-01-01,4576
71,2015-01-01,0
102,2015-01-01,0
105,2015-01-01,0
10,2015-01-01,0
57,2015-01-01,0
50,2015-01-01,0
49,2015-01-01,0
1086,2015-01-01,0
1115,2015-01-01,0
85,2015-01-02,6252
71,2015-01-02,8981
102,2015-01-02,6939
105,2015-01-02,5618
10,2015-01-02,4902
57,2015-01-02,9765
50,2015-01-02,3670
49,2015-01-02,7731
1086,2015-01-02,5573
1115,2015-01-02,7558
85,2015-01-03,5951
71,2015-01-03,6103
102,2015-01-03,5396
105,2015-01-03,3050
10,2015-01-03,4956
57,2015-01-03,7216
50,2015-01-03,3927
49,2015-01-03,6941
1115,2015-01-03,6468
1086,2015-01-03,3765
85,2015-01-04,9957
71,2015-01-04,0
102,2015-01-04,0
105,2015-01-04,0
10,2015-01-04,0
57,2015-01-04,0
50,2015-01-04,0
49,2015-01-04,0
1115,2015-01-04,0
1086,2015-01-04,0
71,2015-01-05,13934
85,2015-01-05,8482
102,2015-01-05,11784
105,2015-01-05,8990
10,2015-01-05,7581
57,2015-01-05,13869
50,2015-01-05,5987
49,2015-01-05,12465
1115,2015-01-05,9102
1086,2015-01-05,11277
102,2015-01-06,8172
85,2015-01-06,6854
71,2015-01-06,11715
105,2015-01-06,0
10,2015-01-06,6192
57,2015-01-06,12747
49,2015-01-06,0
50,2015-01-06,4959
1115,2015-01-06,7380
1086,2015-01-06,7774
85,2015-01-07,6930
71,2015-01-07,10334
102,2015-01-07,7113
105,2015-01-07,6853
10,2015-01-07,5200
57,2015-01-07,9648
50,2015-01-07,4417
49,2015-01-07,9091
1086,2015-01-07,6973
1115,2015-01-07,6615
85,2015-01-08,6429
71,2015-01-08,7957
102,2015-01-08,5005
105,2015-01-08,5449
10,2015-01-08,4534
57,2015-01-08,9473
50,2015-01-08,3548
49,2015-01-08,7428
1115,2015-01-08,6810
1086,2015-01-08,6300
85,2015-01-09,6974
71,2015-01-09,10101
102,2015-01-09,7803
105,2015-01-09,5152
10,2015-01-09,5746
57,2015-01-09,8862
50,2015-01-09,4774
49,2015-01-09,7744
1115,2015-01-09,7498
1086,2015-01-09,5966
85,2015-01-10,5760
71,2015-01-10,6478
102,2015-01-10,5217
105,2015-01-10,3462
10,2015-01-10,4289
57,2015-01-10,6220
50,2015-01-10,4259
49,2015-01-10,8124
1115,2015-01-10,6766
1086,2015-01-10,3691
85,2015-01-11,10876
71,2015-01-11,0
102,2015-01-11,0
105,2015-01-11,0
10,2015-01-11,0
57,2015-01-11,0
50,2015-01-11,0
49,2015-01-11,0
1115,2015-01-11,0
1086,2015-01-11,0
85,2015-01-12,7967
71,2015-01-12,11592
102,2015-01-12,9500
105,2015-01-12,7258
10,2015-01-12,6460
57,2015-01-12,13728
50,2015-01-12,5675
49,2015-01-12,8882
1115,2015-01-12,8068
1086,2015-01-12,8658
85,2015-01-13,6673
71,2015-01-13,10089
102,2015-01-13,7076
105,2015-01-13,5891
10,2015-01-13,5802
57,2015-01-13,11121
50,2015-01-13,4084
49,2015-01-13,7062
1086,2015-01-13,7620
1115,2015-01-13,6134
71,2015-01-14,10110
85,2015-01-14,7048
102,2015-01-14,7746
105,2015-01-14,4569
10,2015-01-14,5049
57,2015-01-14,9544
50,2015-01-14,3621
49,2015-01-14,6547
1115,2015-01-14,5491
1086,2015-01-14,6675
85,2015-01-15,6284
71,2015-01-15,9764
102,2015-01-15,5725
105,2015-01-15,5426
10,2015-01-15,5656
57,2015-01-15,9238
50,2015-01-15,4299
49,2015-01-15,7309
1086,2015-01-15,6465
1115,2015-01-15,6359
85,2015-01-16,7343
71,2015-01-16,10945
102,2015-01-16,8045
105,2015-01-16,4617
10,2015-01-16,7036
57,2015-01-16,9357
50,2015-01-16,4280
49,2015-01-16,7923
1115,2015-01-16,7720
1086,2015-01-16,6378
85,2015-01-17,4068
71,2015-01-17,6713
102,2015-01-17,6378
105,2015-01-17,3210
10,2015-01-17,4867
57,2015-01-17,7713
50,2015-01-17,4285
49,2015-01-17,8429
1115,2015-01-17,7280
1086,2015-01-17,3970
85,2015-01-18,11754
71,2015-01-18,0
102,2015-01-18,0
105,2015-01-18,0
10,2015-01-18,0
57,2015-01-18,0
50,2015-01-18,0
49,2015-01-18,0
1115,2015-01-18,0
1086,2015-01-18,0
85,2015-01-19,6038
71,2015-01-19,6820
102,2015-01-19,5131
105,2015-01-19,4488
10,2015-01-19,5302
57,2015-01-19,6833
50,2015-01-19,2864
49,2015-01-19,5659
1115,2015-01-19,4931
1086,2015-01-19,4478
102,2015-01-20,5368
85,2015-01-20,5057
105,2015-01-20,3876
71,2015-01-20,6596
10,2015-01-20,4681
57,2015-01-20,6285
49,2015-01-20,5528
50,2015-01-20,2675
1115,2015-01-20,4468
1086,2015-01-20,4139
85,2015-01-21,5877
71,2015-01-21,6966
102,2015-01-21,4845
105,2015-01-21,4008
10,2015-01-21,3792
57,2015-01-21,6651
50,2015-01-21,2769
49,2015-01-21,4507
1086,2015-01-21,3864
1115,2015-01-21,4000
85,2015-01-22,5937
71,2015-01-22,6582
102,2015-01-22,4812
105,2015-01-22,4041
10,2015-01-22,4203
57,2015-01-22,6860
50,2015-01-22,3000
49,2015-01-22,5108
1086,2015-01-22,4387
1115,2015-01-22,4304
85,2015-01-23,5704
71,2015-01-23,6888
102,2015-01-23,4660
105,2015-01-23,4194
10,2015-01-23,5131
57,2015-01-23,7241
50,2015-01-23,3638
49,2015-01-23,6512
1115,2015-01-23,5758
1086,2015-01-23,3894
85,2015-01-24,5137
71,2015-01-24,5625
102,2015-01-24,3999
105,2015-01-24,3273
10,2015-01-24,4192
57,2015-01-24,5753
50,2015-01-24,3715
49,2015-01-24,7636
1115,2015-01-24,6661
1086,2015-01-24,2808
85,2015-01-25,7459
71,2015-01-25,0
102,2015-01-25,0
105,2015-01-25,0
10,2015-01-25,0
57,2015-01-25,0
50,2015-01-25,0
49,2015-01-25,0
1115,2015-01-25,0
1086,2015-01-25,0
85,2015-01-26,7583
71,2015-01-26,12129
102,2015-01-26,8301
105,2015-01-26,7153
10,2015-01-26,6088
57,2015-01-26,13590
50,2015-01-26,5731
49,2015-01-26,8206
1115,2015-01-26,8007
1086,2015-01-26,8573
102,2015-01-27,7823
85,2015-01-27,7161
71,2015-01-27,11850
105,2015-01-27,5153
10,2015-01-27,6137
57,2015-01-27,10301
49,2015-01-27,7324
50,2015-01-27,4763
1115,2015-01-27,7445
1086,2015-01-27,7194
71,2015-01-28,9936
85,2015-01-28,6613
102,2015-01-28,6602
105,2015-01-28,5383
10,2015-01-28,5173
57,2015-01-28,9766
50,2015-01-28,4382
49,2015-01-28,7675
1115,2015-01-28,7198
1086,2015-01-28,7163
85,2015-01-29,6168
71,2015-01-29,9405
102,2015-01-29,6999
105,2015-01-29,5218
10,2015-01-29,6203
57,2015-01-29,9529
50,2015-01-29,4440
49,2015-01-29,7378
1086,2015-01-29,5686
1115,2015-01-29,6767
85,2015-01-30,7499
71,2015-01-30,9889
102,2015-01-30,10741
105,2015-01-30,5315
10,2015-01-30,6350
57,2015-01-30,10486
50,2015-01-30,5587
49,2015-01-30,8693
1115,2015-01-30,9525
1086,2015-01-30,7152
102,2015-01-31,7522
85,2015-01-31,6737
71,2015-01-31,7967
105,2015-01-31,3754
10,2015-01-31,4806
57,2015-01-31,6624
49,2015-01-31,8620
50,2015-01-31,4270
1086,2015-01-31,4186
1115,2015-01-31,8479
71,2015-02-01,0
85,2015-02-01,13899
102,2015-02-01,0
105,2015-02-01,0
10,2015-02-01,0
57,2015-02-01,0
50,2015-02-01,0
49,2015-02-01,0
1086,2015-02-01,0
1115,2015-02-01,0
85,2015-02-02,8625
71,2015-02-02,13777
102,2015-02-02,11126
105,2015-02-02,7032
10,2015-02-02,7275
57,2015-02-02,14089
50,2015-02-02,6572
49,2015-02-02,9369
1086,2015-02-02,10334
1115,2015-02-02,8090
85,2015-02-03,7101
71,2015-02-03,11786
102,2015-02-03,8618
105,2015-02-03,6171
10,2015-02-03,5982
57,2015-02-03,11380
50,2015-02-03,4517
49,2015-02-03,7191
1115,2015-02-03,7222
1086,2015-02-03,8355
85,2015-02-04,6797
71,2015-02-04,11040
102,2015-02-04,8224
105,2015-02-04,5351
10,2015-02-04,6052
57,2015-02-04,9192
50,2015-02-04,3859
49,2015-02-04,7864
1086,2015-02-04,7577
1115,2015-02-04,7066
85,2015-02-05,6083
71,2015-02-05,10070
102,2015-02-05,7265
105,2015-02-05,5012
10,2015-02-05,5416
57,2015-02-05,9631
50,2015-02-05,4246
49,2015-02-05,6885
1115,2015-02-05,6173
1086,2015-02-05,6744
85,2015-02-06,6975
71,2015-02-06,10470
102,2015-02-06,7558
105,2015-02-06,5511
10,2015-02-06,5772
57,2015-02-06,10116
50,2015-02-06,4933
49,2015-02-06,8480
1115,2015-02-06,7400
1086,2015-02-06,6604
85,2015-02-07,5707
71,2015-02-07,6540
102,2015-02-07,5163
105,2015-02-07,3608
10,2015-02-07,4770
57,2015-02-07,6078
50,2015-02-07,4338
49,2015-02-07,7653
1115,2015-02-07,7218
1086,2015-02-07,3709
85,2015-02-08,11453
71,2015-02-08,0
102,2015-02-08,0
105,2015-02-08,0
10,2015-02-08,0
57,2015-02-08,0
50,2015-02-08,0
49,2015-02-08,0
1115,2015-02-08,0
1086,2015-02-08,0
85,2015-02-09,5957
71,2015-02-09,7574
102,2015-02-09,4999
105,2015-02-09,4493
10,2015-02-09,4795
57,2015-02-09,6103
50,2015-02-09,3028
49,2015-02-09,5860
1115,2015-02-09,5604
1086,2015-02-09,4791
71,2015-02-10,6982
85,2015-02-10,5312
102,2015-02-10,5278
105,2015-02-10,4396
10,2015-02-10,5094
57,2015-02-10,7122
50,2015-02-10,2662
49,2015-02-10,5968
1086,2015-02-10,4630
1115,2015-02-10,4714
85,2015-02-11,5556
71,2015-02-11,7441
102,2015-02-11,5033
105,2015-02-11,4361
10,2015-02-11,5530
57,2015-02-11,6483
50,2015-02-11,3233
49,2015-02-11,5634
1086,2015-02-11,4328
1115,2015-02-11,5206
85,2015-02-12,5710
71,2015-02-12,7680
102,2015-02-12,5258
105,2015-02-12,3650
10,2015-02-12,4602
57,2015-02-12,7436
50,2015-02-12,3021
49,2015-02-12,6530
1086,2015-02-12,4266
1115,2015-02-12,4827
85,2015-02-13,5810
71,2015-02-13,9236
102,2015-02-13,5969
105,2015-02-13,5222
10,2015-02-13,5285
57,2015-02-13,8617
50,2015-02-13,4003
49,2015-02-13,7180
1115,2015-02-13,5852
1086,2015-02-13,4622
85,2015-02-14,5591
71,2015-02-14,7359
102,2015-02-14,5896
105,2015-02-14,3562
10,2015-02-14,4610
57,2015-02-14,5884
50,2015-02-14,4519
49,2015-02-14,7997
1115,2015-02-14,7102
1086,2015-02-14,3694
85,2015-02-15,12273
71,2015-02-15,0
102,2015-02-15,0
105,2015-02-15,0
10,2015-02-15,0
57,2015-02-15,0
50,2015-02-15,0
49,2015-02-15,0
1115,2015-02-15,0
1086,2015-02-15,0
85,2015-02-16,8644
71,2015-02-16,15149
102,2015-02-16,9354
105,2015-02-16,6476
10,2015-02-16,7738
57,2015-02-16,13599
50,2015-02-16,6261
49,2015-02-16,9209
1115,2015-02-16,9740
1086,2015-02-16,10582
85,2015-02-17,7141
71,2015-02-17,11803
102,2015-02-17,8491
105,2015-02-17,5101
10,2015-02-17,6615
57,2015-02-17,10771
50,2015-02-17,5149
49,2015-02-17,6999
1086,2015-02-17,8023
1115,2015-02-17,6120
85,2015-02-18,6553
71,2015-02-18,9623
102,2015-02-18,7600
105,2015-02-18,5232
10,2015-02-18,6502
57,2015-02-18,8864
50,2015-02-18,4470
49,2015-02-18,7123
1086,2015-02-18,6667
1115,2015-02-18,7007
85,2015-02-19,6447
71,2015-02-19,8660
102,2015-02-19,6998
105,2015-02-19,5280
10,2015-02-19,5858
57,2015-02-19,9820
50,2015-02-19,4542
49,2015-02-19,6160
1115,2015-02-19,6819
1086,2015-02-19,7071
85,2015-02-20,6708
71,2015-02-20,6587
102,2015-02-20,7496
105,2015-02-20,4816
10,2015-02-20,5743
57,2015-02-20,9419
50,2015-02-20,4093
49,2015-02-20,6836
1115,2015-02-20,7571
1086,2015-02-20,6631
85,2015-02-21,5444
71,2015-02-21,4821
102,2015-02-21,5368
105,2015-02-21,3662
10,2015-02-21,5302
57,2015-02-21,6039
50,2015-02-21,3523
49,2015-02-21,7220
1115,2015-02-21,6632
1086,2015-02-21,3930
85,2015-02-22,12454
71,2015-02-22,0
102,2015-02-22,0
105,2015-02-22,0
10,2015-02-22,0
57,2015-02-22,0
50,2015-02-22,0
49,2015-02-22,0
1115,2015-02-22,0
1086,2015-02-22,0
85,2015-02-23,6250
71,2015-02-23,6634
102,2015-02-23,4297
105,2015-02-23,4193
10,2015-02-23,5348
57,2015-02-23,6887
50,2015-02-23,2518
49,2015-02-23,5314
1115,2015-02-23,5102
1086,2015-02-23,3427
85,2015-02-24,5425
71,2015-02-24,6907
102,2015-02-24,4698
105,2015-02-24,4532
10,2015-02-24,4842
57,2015-02-24,6563
50,2015-02-24,2589
49,2015-02-24,5505
1086,2015-02-24,3959
1115,2015-02-24,5972
85,2015-02-25,6278
71,2015-02-25,7578
102,2015-02-25,4969
105,2015-02-25,4792
10,2015-02-25,4347
57,2015-02-25,6159
50,2015-02-25,3073
49,2015-02-25,5512
1086,2015-02-25,4391
1115,2015-02-25,5274
85,2015-02-26,6205
71,2015-02-26,8374
102,2015-02-26,5862
105,2015-02-26,4747
10,2015-02-26,4792
57,2015-02-26,7230
50,2015-02-26,3516
49,2015-02-26,5770
1115,2015-02-26,5300
1086,2015-02-26,4533
85,2015-02-27,7026
71,2015-02-27,9885
102,2015-02-27,9179
105,2015-02-27,5022
10,2015-02-27,5562
57,2015-02-27,8628
50,2015-02-27,3946
49,2015-02-27,6666
1115,2015-02-27,7548
1086,2015-02-27,4256
85,2015-02-28,6146
71,2015-02-28,8921
102,2015-02-28,8404
105,2015-02-28,4270
10,2015-02-28,5127
57,2015-02-28,7539
50,2015-02-28,4367
49,2015-02-28,7697
1115,2015-02-28,8716
1086,2015-02-28,4270
85,2015-03-01,15153
71,2015-03-01,0
102,2015-03-01,0
105,2015-03-01,0
10,2015-03-01,0
57,2015-03-01,0
50,2015-03-01,0
49,2015-03-01,0
1115,2015-03-01,0
1086,2015-03-01,0
85,2015-03-02,8484
71,2015-03-02,13326
102,2015-03-02,12222
105,2015-03-02,7689
10,2015-03-02,7600
57,2015-03-02,15052
50,2015-03-02,7378
49,2015-03-02,9536
1115,2015-03-02,9717
1086,2015-03-02,10137
85,2015-03-03,7571
71,2015-03-03,11452
102,2015-03-03,9032
105,2015-03-03,6230
10,2015-03-03,6313
57,2015-03-03,11302
50,2015-03-03,4231
49,2015-03-03,7539
1086,2015-03-03,7899
1115,2015-03-03,7224
85,2015-03-04,7826
71,2015-03-04,10249
102,2015-03-04,8797
105,2015-03-04,5538
10,2015-03-04,5959
57,2015-03-04,9226
50,2015-03-04,4225
49,2015-03-04,8496
1086,2015-03-04,6852
1115,2015-03-04,7586
85,2015-03-05,6613
71,2015-03-05,10160
102,2015-03-05,7929
105,2015-03-05,5234
10,2015-03-05,5823
57,2015-03-05,9602
50,2015-03-05,4898
49,2015-03-05,6917
1115,2015-03-05,7471
1086,2015-03-05,7241
85,2015-03-06,7086
71,2015-03-06,10974
102,2015-03-06,8382
105,2015-03-06,5355
10,2015-03-06,6374
57,2015-03-06,9385
50,2015-03-06,4528
49,2015-03-06,7709
1115,2015-03-06,7784
1086,2015-03-06,6224
85,2015-03-07,5279
71,2015-03-07,6173
102,2015-03-07,6229
105,2015-03-07,3522
10,2015-03-07,4710
57,2015-03-07,6506
50,2015-03-07,3763
49,2015-03-07,7280
1115,2015-03-07,7458
1086,2015-03-07,3391
85,2015-03-08,7638
71,2015-03-08,0
102,2015-03-08,0
105,2015-03-08,0
10,2015-03-08,0
57,2015-03-08,0
50,2015-03-08,0
49,2015-03-08,0
1115,2015-03-08,0
1086,2015-03-08,0
85,2015-03-09,6367
71,2015-03-09,6949
102,2015-03-09,5501
105,2015-03-09,4644
10,2015-03-09,5821
57,2015-03-09,9013
50,2015-03-09,2895
49,2015-03-09,5964
1115,2015-03-09,6452
1086,2015-03-09,4450
102,2015-03-10,4804
85,2015-03-10,5954
105,2015-03-10,4511
71,2015-03-10,7021
10,2015-03-10,5511
57,2015-03-10,8083
49,2015-03-10,6362
50,2015-03-10,2976
1115,2015-03-10,5059
1086,2015-03-10,4394
85,2015-03-11,5680
71,2015-03-11,7104
102,2015-03-11,5231
105,2015-03-11,4595
10,2015-03-11,5043
57,2015-03-11,7386
50,2015-03-11,2773
49,2015-03-11,6002
1086,2015-03-11,4058
1115,2015-03-11,5566
85,2015-03-12,5689
71,2015-03-12,7773
102,2015-03-12,5062
105,2015-03-12,4031
10,2015-03-12,4595
57,2015-03-12,7511
50,2015-03-12,2697
49,2015-03-12,5959
1086,2015-03-12,4488
1115,2015-03-12,5376
85,2015-03-13,5946
71,2015-03-13,7793
102,2015-03-13,4914
105,2015-03-13,4023
10,2015-03-13,5755
57,2015-03-13,8199
50,2015-03-13,3435
49,2015-03-13,7060
1115,2015-03-13,6448
1086,2015-03-13,4450
85,2015-03-14,5538
71,2015-03-14,6134
102,2015-03-14,5262
105,2015-03-14,3196
10,2015-03-14,5187
57,2015-03-14,6385
50,2015-03-14,4302
49,2015-03-14,8227
1115,2015-03-14,8295
1086,2015-03-14,3169
85,2015-03-15,12554
71,2015-03-15,0
102,2015-03-15,0
105,2015-03-15,0
10,2015-03-15,0
57,2015-03-15,0
50,2015-03-15,0
49,2015-03-15,0
1115,2015-03-15,0
1086,2015-03-15,0
85,2015-03-16,8318
71,2015-03-16,14429
102,2015-03-16,11300
105,2015-03-16,7478
10,2015-03-16,8298
57,2015-03-16,15262
50,2015-03-16,6303
49,2015-03-16,9254
1115,2015-03-16,9213
1086,2015-03-16,10566
85,2015-03-17,7002
71,2015-03-17,10374
102,2015-03-17,7816
105,2015-03-17,5808
10,2015-03-17,6951
57,2015-03-17,11151
50,2015-03-17,4352
49,2015-03-17,8021
1086,2015-03-17,7601
1115,2015-03-17,7381
85,2015-03-18,6749
71,2015-03-18,8735
102,2015-03-18,7543
105,2015-03-18,5771
10,2015-03-18,6448
57,2015-03-18,9546
50,2015-03-18,4585
49,2015-03-18,7303
1086,2015-03-18,6914
1115,2015-03-18,7660
85,2015-03-19,6390
71,2015-03-19,9575
102,2015-03-19,7942
105,2015-03-19,5325
10,2015-03-19,4909
57,2015-03-19,10336
50,2015-03-19,4508
49,2015-03-19,7436
1115,2015-03-19,7186
1086,2015-03-19,6491
85,2015-03-20,6912
71,2015-03-20,9435
102,2015-03-20,6947
105,2015-03-20,5873
10,2015-03-20,6836
57,2015-03-20,9410
50,2015-03-20,4126
49,2015-03-20,7536
1115,2015-03-20,8858
1086,2015-03-20,6593
85,2015-03-21,5460
71,2015-03-21,6056
102,2015-03-21,5001
105,2015-03-21,3960
10,2015-03-21,4508
57,2015-03-21,5963
50,2015-03-21,4254
49,2015-03-21,7636
1115,2015-03-21,7841
1086,2015-03-21,3491
85,2015-03-22,12561
71,2015-03-22,0
102,2015-03-22,0
105,2015-03-22,0
10,2015-03-22,0
57,2015-03-22,0
50,2015-03-22,0
49,2015-03-22,0
1115,2015-03-22,0
1086,2015-03-22,0
85,2015-03-23,6441
71,2015-03-23,6908
102,2015-03-23,5929
105,2015-03-23,4980
10,2015-03-23,5790
57,2015-03-23,7896
50,2015-03-23,3453
49,2015-03-23,5935
1115,2015-03-23,5502
1086,2015-03-23,4142
102,2015-03-24,4937
85,2015-03-24,5333
105,2015-03-24,4069
71,2015-03-24,7205
10,2015-03-24,5059
57,2015-03-24,6888
49,2015-03-24,5341
50,2015-03-24,3023
1086,2015-03-24,4336
1115,2015-03-24,4594
71,2015-03-25,6626
85,2015-03-25,5348
102,2015-03-25,4316
105,2015-03-25,4423
10,2015-03-25,3506
57,2015-03-25,6818
50,2015-03-25,2385
49,2015-03-25,5943
1115,2015-03-25,4696
1086,2015-03-25,3990
85,2015-03-26,5833
71,2015-03-26,6770
102,2015-03-26,4353
105,2015-03-26,4353
10,2015-03-26,4778
57,2015-03-26,7354
50,2015-03-26,3218
49,2015-03-26,6084
1115,2015-03-26,5234
1086,2015-03-26,4480
102,2015-03-27,4306
85,2015-03-27,6524
105,2015-03-27,4910
71,2015-03-27,7783
10,2015-03-27,5114
57,2015-03-27,7705
49,2015-03-27,7475
50,2015-03-27,3597
1115,2015-03-27,5993
1086,2015-03-27,3995
85,2015-03-28,6508
71,2015-03-28,7471
102,2015-03-28,5393
105,2015-03-28,3200
10,2015-03-28,5332
57,2015-03-28,7278
50,2015-03-28,4036
49,2015-03-28,6634
1115,2015-03-28,7753
1086,2015-03-28,3738
85,2015-03-29,10433
71,2015-03-29,0
102,2015-03-29,0
105,2015-03-29,0
10,2015-03-29,0
57,2015-03-29,0
50,2015-03-29,0
49,2015-03-29,0
1115,2015-03-29,0
1086,2015-03-29,0
85,2015-03-30,9651
71,2015-03-30,16008
102,2015-03-30,11045
105,2015-03-30,7931
10,2015-03-30,6774
57,2015-03-30,16021
50,2015-03-30,6775
49,2015-03-30,13000
1115,2015-03-30,11641
1086,2015-03-30,10671
102,2015-03-31,11577
85,2015-03-31,9013
105,2015-03-31,6453
71,2015-03-31,12254
10,2015-03-31,5848
57,2015-03-31,14564
49,2015-03-31,10016
50,2015-03-31,6324
1115,2015-03-31,9053
1086,2015-03-31,9186
71,2015-04-01,14428
85,2015-04-01,9980
102,2015-04-01,11522
105,2015-04-01,7599
10,2015-04-01,6542
57,2015-04-01,14715
50,2015-04-01,7441
49,2015-04-01,13524
1115,2015-04-01,10547
1086,2015-04-01,8931
85,2015-04-02,10449
71,2015-04-02,13057
102,2015-04-02,11216
105,2015-04-02,6587
10,2015-04-02,6725
57,2015-04-02,14572
50,2015-04-02,7013
49,2015-04-02,13148
1115,2015-04-02,11033
1086,2015-04-02,8042
85,2015-04-03,13738
71,2015-04-03,0
102,2015-04-03,0
105,2015-04-03,0
10,2015-04-03,0
57,2015-04-03,0
50,2015-04-03,0
49,2015-04-03,0
1115,2015-04-03,0
1086,2015-04-03,0
85,2015-04-04,7141
71,2015-04-04,9629
102,2015-04-04,9166
105,2015-04-04,3971
10,2015-04-04,6243
57,2015-04-04,10687
50,2015-04-04,5628
49,2015-04-04,13293
1115,2015-04-04,10444
1086,2015-04-04,5960
85,2015-04-05,10110
71,2015-04-05,0
102,2015-04-05,0
105,2015-04-05,0
10,2015-04-05,0
57,2015-04-05,0
50,2015-04-05,0
49,2015-04-05,0
1115,2015-04-05,0
1086,2015-04-05,0
102,2015-04-06,0
85,2015-04-06,11675
71,2015-04-06,0
105,2015-04-06,0
10,2015-04-06,0
57,2015-04-06,0
49,2015-04-06,0
50,2015-04-06,0
1115,2015-04-06,0
1086,2015-04-06,0
85,2015-04-07,6636
71,2015-04-07,8518
102,2015-04-07,7304
105,2015-04-07,5384
10,2015-04-07,5767
57,2015-04-07,8230
50,2015-04-07,3449
49,2015-04-07,7135
1115,2015-04-07,5633
1086,2015-04-07,4828
102,2015-04-08,6319
85,2015-04-08,6363
105,2015-04-08,4462
71,2015-04-08,6847
10,2015-04-08,4971
57,2015-04-08,7520
49,2015-04-08,5761
50,2015-04-08,3032
1115,2015-04-08,5018
1086,2015-04-08,4521
85,2015-04-09,5434
71,2015-04-09,7500
102,2015-04-09,5552
105,2015-04-09,3564
10,2015-04-09,4723
57,2015-04-09,7021
50,2015-04-09,3218
49,2015-04-09,4695
1086,2015-04-09,5297
1115,2015-04-09,4509
85,2015-04-10,6162
71,2015-04-10,8056
102,2015-04-10,5244
105,2015-04-10,4099
10,2015-04-10,4792
57,2015-04-10,7716
50,2015-04-10,3590
49,2015-04-10,6542
1086,2015-04-10,4226
1115,2015-04-10,5354
85,2015-04-11,5073
71,2015-04-11,6461
102,2015-04-11,6015
105,2015-04-11,3207
10,2015-04-11,4586
57,2015-04-11,6310
50,2015-04-11,4208
49,2015-04-11,7352
1115,2015-04-11,7361
1086,2015-04-11,4163
85,2015-04-12,12072
71,2015-04-12,0
102,2015-04-12,0
105,2015-04-12,0
10,2015-04-12,0
57,2015-04-12,0
50,2015-04-12,0
49,2015-04-12,0
1115,2015-04-12,0
1086,2015-04-12,0
85,2015-04-13,8583
71,2015-04-13,14804
102,2015-04-13,10994
105,2015-04-13,7721
10,2015-04-13,8442
57,2015-04-13,14005
50,2015-04-13,6463
49,2015-04-13,10083
1115,2015-04-13,9579
1086,2015-04-13,10204
85,2015-04-14,7525
71,2015-04-14,12022
102,2015-04-14,8325
105,2015-04-14,5819
10,2015-04-14,7002
57,2015-04-14,11922
50,2015-04-14,4860
49,2015-04-14,8070
1115,2015-04-14,7790
1086,2015-04-14,7937
85,2015-04-15,7509
71,2015-04-15,9067
102,2015-04-15,7180
105,2015-04-15,4619
10,2015-04-15,5948
57,2015-04-15,9535
50,2015-04-15,4262
49,2015-04-15,7112
1086,2015-04-15,6347
1115,2015-04-15,6440
85,2015-04-16,7611
71,2015-04-16,10163
102,2015-04-16,8080
105,2015-04-16,5534
10,2015-04-16,5915
57,2015-04-16,10414
50,2015-04-16,4624
49,2015-04-16,7095
1086,2015-04-16,6628
1115,2015-04-16,6964
85,2015-04-17,8591
71,2015-04-17,10446
102,2015-04-17,7103
105,2015-04-17,6185
10,2015-04-17,6521
57,2015-04-17,9265
50,2015-04-17,5952
49,2015-04-17,9139
1115,2015-04-17,8309
1086,2015-04-17,6886
85,2015-04-18,5201
71,2015-04-18,6165
102,2015-04-18,5636
105,2015-04-18,3703
10,2015-04-18,5807
57,2015-04-18,6748
50,2015-04-18,4173
49,2015-04-18,7891
1115,2015-04-18,7154
1086,2015-04-18,3629
85,2015-04-19,10711
71,2015-04-19,0
102,2015-04-19,0
105,2015-04-19,0
10,2015-04-19,0
57,2015-04-19,0
50,2015-04-19,0
49,2015-04-19,0
1115,2015-04-19,0
1086,2015-04-19,0
85,2015-04-20,6433
71,2015-04-20,6370
102,2015-04-20,5401
105,2015-04-20,4378
10,2015-04-20,5130
57,2015-04-20,6787
50,2015-04-20,2713
49,2015-04-20,5404
1115,2015-04-20,5127
1086,2015-04-20,4546
85,2015-04-21,5723
71,2015-04-21,5972
102,2015-04-21,4659
105,2015-04-21,4123
10,2015-04-21,5443
57,2015-04-21,6368
50,2015-04-21,3055
49,2015-04-21,5449
1115,2015-04-21,4037
1086,2015-04-21,4109
85,2015-04-22,4652
71,2015-04-22,6156
102,2015-04-22,4903
105,2015-04-22,4383
10,2015-04-22,4826
57,2015-04-22,6448
50,2015-04-22,3167
49,2015-04-22,6361
1086,2015-04-22,4143
1115,2015-04-22,4940
85,2015-04-23,4491
71,2015-04-23,6347
102,2015-04-23,4629
105,2015-04-23,4486
10,2015-04-23,5576
57,2015-04-23,6641
50,2015-04-23,3220
49,2015-04-23,5948
1086,2015-04-23,4140
1115,2015-04-23,5252
85,2015-04-24,6847
71,2015-04-24,7364
102,2015-04-24,4495
105,2015-04-24,4687
10,2015-04-24,5182
57,2015-04-24,6787
50,2015-04-24,3174
49,2015-04-24,6675
1115,2015-04-24,5245
1086,2015-04-24,4095
85,2015-04-25,5460
71,2015-04-25,7060
102,2015-04-25,5160
105,2015-04-25,2969
10,2015-04-25,4631
57,2015-04-25,5550
50,2015-04-25,4213
49,2015-04-25,7072
1115,2015-04-25,7620
1086,2015-04-25,3469
85,2015-04-26,11850
71,2015-04-26,0
102,2015-04-26,0
105,2015-04-26,0
10,2015-04-26,0
57,2015-04-26,0
50,2015-04-26,0
49,2015-04-26,0
1115,2015-04-26,0
1086,2015-04-26,0
85,2015-04-27,8744
71,2015-04-27,12170
102,2015-04-27,10341
105,2015-04-27,7610
10,2015-04-27,7558
57,2015-04-27,14796
50,2015-04-27,6160
49,2015-04-27,9190
1115,2015-04-27,10211
1086,2015-04-27,10105
85,2015-04-28,7712
71,2015-04-28,11363
102,2015-04-28,8750
105,2015-04-28,5873
10,2015-04-28,6322
57,2015-04-28,11328
50,2015-04-28,5134
49,2015-04-28,8653
1115,2015-04-28,7287
1086,2015-04-28,9258
85,2015-04-29,7349
71,2015-04-29,10812
102,2015-04-29,8771
105,2015-04-29,5904
10,2015-04-29,6847
57,2015-04-29,11422
50,2015-04-29,5707
49,2015-04-29,8149
1086,2015-04-29,8964
1115,2015-04-29,8148
85,2015-04-30,9697
71,2015-04-30,13384
102,2015-04-30,12977
105,2015-04-30,7340
10,2015-04-30,8112
57,2015-04-30,13183
50,2015-04-30,7008
49,2015-04-30,10634
1086,2015-04-30,10743
1115,2015-04-30,9598
85,2015-05-01,11360
71,2015-05-01,0
102,2015-05-01,0
105,2015-05-01,0
10,2015-05-01,0
57,2015-05-01,0
50,2015-05-01,0
49,2015-05-01,0
1115,2015-05-01,0
1086,2015-05-01,0
85,2015-05-02,6463
71,2015-05-02,7994
102,2015-05-02,9128
105,2015-05-02,3999
10,2015-05-02,6183
57,2015-05-02,8785
50,2015-05-02,5649
49,2015-05-02,9119
1115,2015-05-02,9665
1086,2015-05-02,5450
85,2015-05-03,7896
71,2015-05-03,0
102,2015-05-03,0
105,2015-05-03,0
10,2015-05-03,0
57,2015-05-03,0
50,2015-05-03,0
49,2015-05-03,0
1115,2015-05-03,0
1086,2015-05-03,0
85,2015-05-04,8766
71,2015-05-04,13263
102,2015-05-04,11590
105,2015-05-04,8116
10,2015-05-04,8145
57,2015-05-04,14431
50,2015-05-04,6866
49,2015-05-04,10552
1115,2015-05-04,9818
1086,2015-05-04,9793
85,2015-05-05,6618
71,2015-05-05,11220
102,2015-05-05,10020
105,2015-05-05,5867
10,2015-05-05,5968
57,2015-05-05,9645
50,2015-05-05,4608
49,2015-05-05,8800
1115,2015-05-05,7005
1086,2015-05-05,7894
102,2015-05-06,9161
85,2015-05-06,6592
105,2015-05-06,6100
71,2015-05-06,9853
10,2015-05-06,6627
57,2015-05-06,10542
49,2015-05-06,7997
50,2015-05-06,5548
1115,2015-05-06,8164
1086,2015-05-06,7372
85,2015-05-07,6363
71,2015-05-07,9678
102,2015-05-07,7833
105,2015-05-07,5375
10,2015-05-07,6011
57,2015-05-07,9747
50,2015-05-07,4813
49,2015-05-07,7575
1086,2015-05-07,7930
1115,2015-05-07,7345
85,2015-05-08,6171
71,2015-05-08,10431
102,2015-05-08,8489
105,2015-05-08,5809
10,2015-05-08,6650
57,2015-05-08,9832
50,2015-05-08,4545
49,2015-05-08,8901
1086,2015-05-08,6594
1115,2015-05-08,6926
85,2015-05-09,4702
71,2015-05-09,7632
102,2015-05-09,6903
105,2015-05-09,3612
10,2015-05-09,5447
57,2015-05-09,7167
50,2015-05-09,5198
49,2015-05-09,8684
1115,2015-05-09,8509
1086,2015-05-09,4437
85,2015-05-10,13336
71,2015-05-10,0
102,2015-05-10,0
105,2015-05-10,0
10,2015-05-10,0
57,2015-05-10,0
50,2015-05-10,0
49,2015-05-10,0
1115,2015-05-10,0
1086,2015-05-10,0
85,2015-05-11,5943
71,2015-05-11,6798
102,2015-05-11,5105
105,2015-05-11,5119
10,2015-05-11,4847
57,2015-05-11,8020
50,2015-05-11,3587
49,2015-05-11,5666
1115,2015-05-11,5025
1086,2015-05-11,4457
85,2015-05-12,5274
71,2015-05-12,7485
102,2015-05-12,5889
105,2015-05-12,4823
10,2015-05-12,5687
57,2015-05-12,7717
50,2015-05-12,3207
49,2015-05-12,6337
1115,2015-05-12,5570
1086,2015-05-12,4235
85,2015-05-13,7121
71,2015-05-13,9156
102,2015-05-13,6174
105,2015-05-13,5142
10,2015-05-13,5938
57,2015-05-13,9672
50,2015-05-13,4880
49,2015-05-13,8936
1086,2015-05-13,5992
1115,2015-05-13,7295
85,2015-05-14,14501
71,2015-05-14,0
102,2015-05-14,0
105,2015-05-14,0
10,2015-05-14,0
57,2015-05-14,0
50,2015-05-14,0
49,2015-05-14,0
1086,2015-05-14,0
1115,2015-05-14,0
85,2015-05-15,5902
71,2015-05-15,9576
102,2015-05-15,7410
105,2015-05-15,5015
10,2015-05-15,6869
57,2015-05-15,9576
50,2015-05-15,3838
49,2015-05-15,9174
1115,2015-05-15,7610
1086,2015-05-15,5966
85,2015-05-16,5458
71,2015-05-16,6350
102,2015-05-16,5570
105,2015-05-16,3674
10,2015-05-16,4879
57,2015-05-16,6072
50,2015-05-16,4528
49,2015-05-16,6620
1115,2015-05-16,8138
1086,2015-05-16,3723
85,2015-05-17,11456
71,2015-05-17,0
102,2015-05-17,0
105,2015-05-17,0
10,2015-05-17,0
57,2015-05-17,0
50,2015-05-17,0
49,2015-05-17,0
1115,2015-05-17,0
1086,2015-05-17,0
85,2015-05-18,8118
71,2015-05-18,12708
102,2015-05-18,10249
105,2015-05-18,7489
10,2015-05-18,7674
57,2015-05-18,13458
50,2015-05-18,6357
49,2015-05-18,10186
1115,2015-05-18,8703
1086,2015-05-18,9188
85,2015-05-19,7003
71,2015-05-19,10218
102,2015-05-19,8159
105,2015-05-19,6185
10,2015-05-19,6514
57,2015-05-19,10900
50,2015-05-19,5070
49,2015-05-19,9469
1115,2015-05-19,7583
1086,2015-05-19,7497
102,2015-05-20,8254
85,2015-05-20,5674
105,2015-05-20,5536
71,2015-05-20,9870
10,2015-05-20,5893
57,2015-05-20,9355
49,2015-05-20,8732
50,2015-05-20,4466
1086,2015-05-20,6634
1115,2015-05-20,7645
71,2015-05-21,9694
85,2015-05-21,5894
102,2015-05-21,7295
105,2015-05-21,6610
10,2015-05-21,6038
57,2015-05-21,10283
50,2015-05-21,4361
49,2015-05-21,7346
1115,2015-05-21,6244
1086,2015-05-21,6704
85,2015-05-22,6621
71,2015-05-22,9786
102,2015-05-22,7842
105,2015-05-22,6164
10,2015-05-22,6339
57,2015-05-22,8368
50,2015-05-22,4777
49,2015-05-22,8637
1115,2015-05-22,8449
1086,2015-05-22,6563
102,2015-05-23,6119
85,2015-05-23,5141
105,2015-05-23,3469
71,2015-05-23,6672
10,2015-05-23,5080
57,2015-05-23,6751
49,2015-05-23,7361
50,2015-05-23,4198
1115,2015-05-23,8005
1086,2015-05-23,3340
85,2015-05-24,11124
71,2015-05-24,0
102,2015-05-24,0
105,2015-05-24,0
10,2015-05-24,0
57,2015-05-24,0
50,2015-05-24,0
49,2015-05-24,0
1115,2015-05-24,0
1086,2015-05-24,0
85,2015-05-25,13018
71,2015-05-25,0
102,2015-05-25,0
105,2015-05-25,0
10,2015-05-25,0
57,2015-05-25,0
50,2015-05-25,0
49,2015-05-25,0
1115,2015-05-25,0
1086,2015-05-25,0
85,2015-05-26,6888
71,2015-05-26,8873
102,2015-05-26,6853
105,2015-05-26,5070
10,2015-05-26,6506
57,2015-05-26,8533
50,2015-05-26,4020
49,2015-05-26,7998
1115,2015-05-26,6726
1086,2015-05-26,5259
102,2015-05-27,5172
85,2015-05-27,6272
105,2015-05-27,4929
71,2015-05-27,7876
10,2015-05-27,6046
57,2015-05-27,8233
49,2015-05-27,6269
50,2015-05-27,3519
1115,2015-05-27,6156
1086,2015-05-27,4763
71,2015-05-28,7838
85,2015-05-28,5399
102,2015-05-28,5758
105,2015-05-28,4620
10,2015-05-28,5070
57,2015-05-28,8511
50,2015-05-28,3931
49,2015-05-28,5981
1115,2015-05-28,6364
1086,2015-05-28,4920
85,2015-05-29,6678
71,2015-05-29,9841
102,2015-05-29,8860
105,2015-05-29,5411
10,2015-05-29,6073
57,2015-05-29,10602
50,2015-05-29,4687
49,2015-05-29,7521
1115,2015-05-29,8037
1086,2015-05-29,4890
85,2015-05-30,5958
71,2015-05-30,8606
102,2015-05-30,7723
105,2015-05-30,3849
10,2015-05-30,5419
57,2015-05-30,8666
50,2015-05-30,5109
49,2015-05-30,9351
1115,2015-05-30,9228
1086,2015-05-30,3854
85,2015-05-31,12040
71,2015-05-31,0
102,2015-05-31,0
105,2015-05-31,0
10,2015-05-31,0
57,2015-05-31,0
50,2015-05-31,0
49,2015-05-31,0
1115,2015-05-31,0
1086,2015-05-31,0
85,2015-06-01,9860
71,2015-06-01,11760
102,2015-06-01,11555
105,2015-06-01,6365
10,2015-06-01,7846
57,2015-06-01,15590
50,2015-06-01,7980
49,2015-06-01,10729
1115,2015-06-01,8409
1086,2015-06-01,11267
102,2015-06-02,9565
85,2015-06-02,8099
71,2015-06-02,10701
105,2015-06-02,5337
10,2015-06-02,7572
57,2015-06-02,11971
49,2015-06-02,8071
50,2015-06-02,6327
1115,2015-06-02,9232
1086,2015-06-02,8692
85,2015-06-03,9065
71,2015-06-03,12573
102,2015-06-03,10162
105,2015-06-03,5523
10,2015-06-03,6648
57,2015-06-03,10460
50,2015-06-03,6217
49,2015-06-03,10154
1115,2015-06-03,9571
1086,2015-06-03,8311
102,2015-06-04,0
85,2015-06-04,7352
105,2015-06-04,0
71,2015-06-04,0
10,2015-06-04,6486
57,2015-06-04,9301
49,2015-06-04,0
50,2015-06-04,0
1115,2015-06-04,0
1086,2015-06-04,0
85,2015-06-05,7349
71,2015-06-05,13785
102,2015-06-05,10646
105,2015-06-05,7074
10,2015-06-05,5828
57,2015-06-05,9099
50,2015-06-05,7213
49,2015-06-05,10316
1086,2015-06-05,8299
1115,2015-06-05,11435
85,2015-06-06,4996
71,2015-06-06,6951
102,2015-06-06,6771
105,2015-06-06,3298
10,2015-06-06,5087
57,2015-06-06,5654
50,2015-06-06,4581
49,2015-06-06,7929
1086,2015-06-06,3703
1115,2015-06-06,6596
85,2015-06-07,12728
71,2015-06-07,0
102,2015-06-07,0
105,2015-06-07,0
10,2015-06-07,0
57,2015-06-07,0
50,2015-06-07,0
49,2015-06-07,0
1115,2015-06-07,0
1086,2015-06-07,0
85,2015-06-08,6626
71,2015-06-08,7998
102,2015-06-08,6425
105,2015-06-08,4661
10,2015-06-08,6428
57,2015-06-08,8569
50,2015-06-08,4023
49,2015-06-08,6876
1086,2015-06-08,4973
1115,2015-06-08,5920
85,2015-06-09,6182
71,2015-06-09,8133
102,2015-06-09,6941
105,2015-06-09,5154
10,2015-06-09,5299
57,2015-06-09,6864
50,2015-06-09,3855
49,2015-06-09,6299
1086,2015-06-09,4838
1115,2015-06-09,5119
85,2015-06-10,5444
71,2015-06-10,7607
102,2015-06-10,5741
105,2015-06-10,4647
10,2015-06-10,5853
57,2015-06-10,7757
50,2015-06-10,3245
49,2015-06-10,6242
1115,2015-06-10,4676
1086,2015-06-10,4152
85,2015-06-11,5961
71,2015-06-11,7452
102,2015-06-11,5678
105,2015-06-11,3925
10,2015-06-11,5065
57,2015-06-11,7444
50,2015-06-11,3456
49,2015-06-11,6027
1115,2015-06-11,5216
1086,2015-06-11,4537
85,2015-06-12,6145
71,2015-06-12,7495
102,2015-06-12,5128
105,2015-06-12,4640
10,2015-06-12,5385
57,2015-06-12,7413
50,2015-06-12,3048
49,2015-06-12,6448
1115,2015-06-12,5315
1086,2015-06-12,4185
85,2015-06-13,4676
71,2015-06-13,6959
102,2015-06-13,5886
105,2015-06-13,3575
10,2015-06-13,5892
57,2015-06-13,5723
50,2015-06-13,4303
49,2015-06-13,8136
1086,2015-06-13,3718
1115,2015-06-13,7736
85,2015-06-14,12421
71,2015-06-14,0
102,2015-06-14,0
105,2015-06-14,0
10,2015-06-14,0
57,2015-06-14,0
50,2015-06-14,0
49,2015-06-14,0
1115,2015-06-14,0
1086,2015-06-14,0
85,2015-06-15,8961
71,2015-06-15,14359
102,2015-06-15,11750
105,2015-06-15,8358
10,2015-06-15,7902
57,2015-06-15,15677
50,2015-06-15,7510
49,2015-06-15,10422
1115,2015-06-15,10853
1086,2015-06-15,11012
85,2015-06-16,7425
71,2015-06-16,11860
102,2015-06-16,9318
105,2015-06-16,6480
10,2015-06-16,6681
57,2015-06-16,11734
50,2015-06-16,5090
49,2015-06-16,8892
1115,2015-06-16,7860
1086,2015-06-16,8444
85,2015-06-17,6809
71,2015-06-17,10307
102,2015-06-17,8412
105,2015-06-17,5887
10,2015-06-17,6338
57,2015-06-17,9884
50,2015-06-17,4485
49,2015-06-17,7977
1115,2015-06-17,8423
1086,2015-06-17,6581
85,2015-06-18,6745
71,2015-06-18,10215
102,2015-06-18,7126
105,2015-06-18,4657
10,2015-06-18,5829
57,2015-06-18,10350
50,2015-06-18,5401
49,2015-06-18,7760
1115,2015-06-18,7495
1086,2015-06-18,6530
85,2015-06-19,6796
71,2015-06-19,9988
102,2015-06-19,6932
105,2015-06-19,6249
10,2015-06-19,6191
57,2015-06-19,9065
50,2015-06-19,4837
49,2015-06-19,8387
1115,2015-06-19,8291
1086,2015-06-19,6153
71,2015-06-20,7113
85,2015-06-20,4615
102,2015-06-20,5787
105,2015-06-20,3457
10,2015-06-20,4736
57,2015-06-20,6080
50,2015-06-20,4189
49,2015-06-20,6785
1115,2015-06-20,7824
1086,2015-06-20,3976
85,2015-06-21,11522
71,2015-06-21,0
102,2015-06-21,0
105,2015-06-21,0
10,2015-06-21,0
57,2015-06-21,0
50,2015-06-21,0
49,2015-06-21,0
1086,2015-06-21,0
1115,2015-06-21,0
85,2015-06-22,5944
71,2015-06-22,7875
102,2015-06-22,4896
105,2015-06-22,4837
10,2015-06-22,4264
57,2015-06-22,6870
50,2015-06-22,2901
49,2015-06-22,5562
1115,2015-06-22,5096
1086,2015-06-22,4510
102,2015-06-23,5270
85,2015-06-23,6086
71,2015-06-23,8006
105,2015-06-23,4259
10,2015-06-23,5244
57,2015-06-23,6212
49,2015-06-23,5629
50,2015-06-23,2971
1086,2015-06-23,3664
1115,2015-06-23,5157
71,2015-06-24,7097
85,2015-06-24,6067
102,2015-06-24,5524
105,2015-06-24,4031
10,2015-06-24,4896
57,2015-06-24,6938
50,2015-06-24,3249
49,2015-06-24,6216
1086,2015-06-24,4255
1115,2015-06-24,5463
85,2015-06-25,5968
71,2015-06-25,6970
102,2015-06-25,4655
105,2015-06-25,4533
10,2015-06-25,5018
57,2015-06-25,7513
50,2015-06-25,3064
49,2015-06-25,5917
1086,2015-06-25,4342
1115,2015-06-25,5015
71,2015-06-26,6973
85,2015-06-26,5524
102,2015-06-26,4921
105,2015-06-26,4788
10,2015-06-26,4771
57,2015-06-26,6964
50,2015-06-26,3858
49,2015-06-26,7700
1115,2015-06-26,5549
1086,2015-06-26,4003
85,2015-06-27,5339
71,2015-06-27,6428
102,2015-06-27,5535
105,2015-06-27,2974
10,2015-06-27,4595
57,2015-06-27,5787
50,2015-06-27,4870
49,2015-06-27,7569
1086,2015-06-27,3079
1115,2015-06-27,6676
85,2015-06-28,11055
71,2015-06-28,0
102,2015-06-28,0
105,2015-06-28,0
10,2015-06-28,0
57,2015-06-28,0
50,2015-06-28,0
49,2015-06-28,0
1086,2015-06-28,0
1115,2015-06-28,0
85,2015-06-29,8833
71,2015-06-29,15224
102,2015-06-29,12311
105,2015-06-29,8517
10,2015-06-29,8057
57,2015-06-29,13545
50,2015-06-29,7372
49,2015-06-29,10957
1115,2015-06-29,11006
1086,2015-06-29,10321
85,2015-06-30,8471
71,2015-06-30,13171
102,2015-06-30,13419
105,2015-06-30,7573
10,2015-06-30,8565
57,2015-06-30,11913
50,2015-06-30,6242
49,2015-06-30,9756
1115,2015-06-30,8610
1086,2015-06-30,9276
85,2015-07-01,7820
71,2015-07-01,11837
102,2015-07-01,9000
105,2015-07-01,6129
10,2015-07-01,7896
57,2015-07-01,10644
50,2015-07-01,5760
49,2015-07-01,8451
1115,2015-07-01,7701
1086,2015-07-01,7589
85,2015-07-02,7553
71,2015-07-02,8829
102,2015-07-02,7985
105,2015-07-02,5347
10,2015-07-02,6317
57,2015-07-02,9709
50,2015-07-02,4279
49,2015-07-02,8095
1115,2015-07-02,6858
1086,2015-07-02,7410
102,2015-07-03,7194
85,2015-07-03,8581
71,2015-07-03,10501
105,2015-07-03,6329
10,2015-07-03,5915
57,2015-07-03,9143
49,2015-07-03,8214
50,2015-07-03,4439
1115,2015-07-03,7412
1086,2015-07-03,6652
85,2015-07-04,5347
71,2015-07-04,6548
102,2015-07-04,4712
105,2015-07-04,3861
10,2015-07-04,5120
57,2015-07-04,5324
50,2015-07-04,4186
49,2015-07-04,7578
1086,2015-07-04,2900
1115,2015-07-04,6543
85,2015-07-05,12070
71,2015-07-05,0
102,2015-07-05,0
105,2015-07-05,0
10,2015-07-05,0
57,2015-07-05,0
50,2015-07-05,0
49,2015-07-05,0
1115,2015-07-05,0
1086,2015-07-05,0
85,2015-07-06,6584
71,2015-07-06,8449
102,2015-07-06,8156
105,2015-07-06,4869
10,2015-07-06,6143
57,2015-07-06,8363
50,2015-07-06,3815
49,2015-07-06,6660
1115,2015-07-06,6501
1086,2015-07-06,4766
85,2015-07-07,5215
71,2015-07-07,7128
102,2015-07-07,5397
105,2015-07-07,3912
10,2015-07-07,5476
57,2015-07-07,7383
50,2015-07-07,3700
49,2015-07-07,5594
1115,2015-07-07,5138
1086,2015-07-07,3790
85,2015-07-08,6705
71,2015-07-08,7523
102,2015-07-08,5927
105,2015-07-08,4756
10,2015-07-08,4865
57,2015-07-08,7620
50,2015-07-08,4162
49,2015-07-08,6968
1115,2015-07-08,5900
1086,2015-07-08,5192
85,2015-07-09,5766
71,2015-07-09,7277
102,2015-07-09,5465
105,2015-07-09,4554
10,2015-07-09,4871
57,2015-07-09,8483
50,2015-07-09,3565
49,2015-07-09,6461
1115,2015-07-09,5686
1086,2015-07-09,5008
85,2015-07-10,6471
71,2015-07-10,7333
102,2015-07-10,5972
105,2015-07-10,4513
10,2015-07-10,5747
57,2015-07-10,8063
50,2015-07-10,3780
49,2015-07-10,7894
1086,2015-07-10,4563
1115,2015-07-10,5844
85,2015-07-11,5383
71,2015-07-11,6238
102,2015-07-11,5330
105,2015-07-11,3320
10,2015-07-11,4636
57,2015-07-11,5994
50,2015-07-11,3578
49,2015-07-11,7221
1086,2015-07-11,3925
1115,2015-07-11,7164
85,2015-07-12,13183
71,2015-07-12,0
102,2015-07-12,0
105,2015-07-12,0
10,2015-07-12,0
57,2015-07-12,0
50,2015-07-12,0
49,2015-07-12,0
1115,2015-07-12,0
1086,2015-07-12,0
85,2015-07-13,9198
71,2015-07-13,13280
102,2015-07-13,10030
105,2015-07-13,7676
10,2015-07-13,6757
57,2015-07-13,14624
50,2015-07-13,7614
49,2015-07-13,10338
1115,2015-07-13,10598
1086,2015-07-13,10686
85,2015-07-14,7626
71,2015-07-14,10992
102,2015-07-14,8337
105,2015-07-14,6288
10,2015-07-14,7491
57,2015-07-14,9956
50,2015-07-14,5321
49,2015-07-14,8814
1115,2015-07-14,7562
1086,2015-07-14,8217
85,2015-07-15,7476
71,2015-07-15,9977
102,2015-07-15,8787
105,2015-07-15,6439
10,2015-07-15,6423
57,2015-07-15,10987
50,2015-07-15,4535
49,2015-07-15,7647
1115,2015-07-15,6039
1086,2015-07-15,7021
85,2015-07-16,6985
71,2015-07-16,9432
102,2015-07-16,8389
105,2015-07-16,5261
10,2015-07-16,6275
57,2015-07-16,9756
50,2015-07-16,5032
49,2015-07-16,7847
1115,2015-07-16,6590
1086,2015-07-16,6250
102,2015-07-17,5999
85,2015-07-17,7750
105,2015-07-17,4572
71,2015-07-17,9399
10,2015-07-17,5356
57,2015-07-17,9851
49,2015-07-17,8525
50,2015-07-17,4684
1086,2015-07-17,6194
1115,2015-07-17,7874
71,2015-07-18,6054
85,2015-07-18,5424
102,2015-07-18,4929
105,2015-07-18,2942
10,2015-07-18,5761
57,2015-07-18,5758
50,2015-07-18,4835
49,2015-07-18,8158
1115,2015-07-18,7264
1086,2015-07-18,3708
85,2015-07-19,13275
71,2015-07-19,0
102,2015-07-19,0
105,2015-07-19,0
10,2015-07-19,0
57,2015-07-19,0
50,2015-07-19,0
49,2015-07-19,0
1115,2015-07-19,0
1086,2015-07-19,0
102,2015-07-20,5578
85,2015-07-20,6502
105,2015-07-20,5191
71,2015-07-20,7682
10,2015-07-20,6111
57,2015-07-20,7927
49,2015-07-20,6286
50,2015-07-20,3877
1115,2015-07-20,6083
1086,2015-07-20,4974
85,2015-07-21,5206
71,2015-07-21,7110
102,2015-07-21,5198
105,2015-07-21,4076
10,2015-07-21,6479
57,2015-07-21,7200
50,2015-07-21,3068
49,2015-07-21,6133
1115,2015-07-21,5074
1086,2015-07-21,5088
85,2015-07-22,5504
71,2015-07-22,6306
102,2015-07-22,5449
105,2015-07-22,3658
10,2015-07-22,5561
57,2015-07-22,6059
50,2015-07-22,3273
49,2015-07-22,5985
1115,2015-07-22,5342
1086,2015-07-22,4566
85,2015-07-23,5223
71,2015-07-23,6867
102,2015-07-23,4658
105,2015-07-23,5191
10,2015-07-23,6401
57,2015-07-23,8135
50,2015-07-23,3794
49,2015-07-23,6284
1115,2015-07-23,6150
1086,2015-07-23,5079
102,2015-07-24,4998
85,2015-07-24,5791
105,2015-07-24,4703
71,2015-07-24,6642
10,2015-07-24,6152
57,2015-07-24,7140
49,2015-07-24,7199
50,2015-07-24,3682
1115,2015-07-24,5816
1086,2015-07-24,4598
85,2015-07-25,5099
71,2015-07-25,5346
102,2015-07-25,3609
105,2015-07-25,3167
10,2015-07-25,4713
57,2015-07-25,6477
50,2015-07-25,4356
49,2015-07-25,8302
1086,2015-07-25,3155
1115,2015-07-25,6897
85,2015-07-26,11421
71,2015-07-26,0
102,2015-07-26,0
105,2015-07-26,0
10,2015-07-26,0
57,2015-07-26,0
50,2015-07-26,0
49,2015-07-26,0
1086,2015-07-26,0
1115,2015-07-26,0
85,2015-07-27,7788
71,2015-07-27,12920
102,2015-07-27,9168
105,2015-07-27,7031
10,2015-07-27,7212
57,2015-07-27,14080
50,2015-07-27,6684
49,2015-07-27,10561
1086,2015-07-27,10688
1115,2015-07-27,10712
102,2015-07-28,8761
85,2015-07-28,7533
71,2015-07-28,11661
105,2015-07-28,6093
10,2015-07-28,6140
57,2015-07-28,11248
49,2015-07-28,9694
50,2015-07-28,5115
1115,2015-07-28,8093
1086,2015-07-28,8900
85,2015-07-29,7719
71,2015-07-29,8806
102,2015-07-29,7126
105,2015-07-29,6896
10,2015-07-29,5524
57,2015-07-29,10245
50,2015-07-29,4946
49,2015-07-29,9691
1086,2015-07-29,6662
1115,2015-07-29,7661
102,2015-07-30,7241
85,2015-07-30,7187
71,2015-07-30,10090
105,2015-07-30,6561
10,2015-07-30,6186
57,2015-07-30,9820
49,2015-07-30,8996
50,2015-07-30,5324
1115,2015-07-30,8405
1086,2015-07-30,7626
102,2015-07-31,12602
85,2015-07-31,7791
71,2015-07-31,11545
105,2015-07-31,6456
10,2015-07-31,7185
57,2015-07-31,11594
49,2015-07-31,10310
50,2015-07-31,5729
1115,2015-07-31,8680
1086,2015-07-31,8226
